candidate,material,eligible,both_low_regress,gain_pp_FA1,gain_pp_FA5,gain_pp_FA10,gain_pp_FA20,FA_reduction_pct_sens_ge95,FA_reduction_pct_sens_ge97,FA_reduction_pct_sens_gt98
baseline3_C0.01,True,True,False,-4.799999999999994,-0.8000000000000007,0.5333333333333301,-0.5333333333333301,-12.82051282051282,-17.105263157894733,45.33029612756264
baseline3_C0.1,False,True,False,-1.0666666666666602,-0.8000000000000007,0.0,0.0,0.0,-7.8947368421052655,16.628701594533023
baseline3_C1,False,True,False,-0.2666666666666595,-0.2666666666666706,0.0,0.0,-2.564102564102577,-1.3157894736842035,-2.733485193621865
baseline3_C10,False,True,False,0.0,0.0,0.0,0.0,0.0,0.0,0.0
plus_gaC8_C0.01,False,True,True,-3.733333333333333,-1.6000000000000014,0.5333333333333301,-0.5333333333333301,12.82051282051282,-18.421052631578938,44.41913439635535
plus_gaC8_C0.1,True,True,False,0.8000000000000007,0.0,0.8000000000000007,0.0,15.384615384615385,-3.9473684210526327,41.91343963553531
plus_gaC8_C1,True,True,False,1.6000000000000014,0.5333333333333301,1.0666666666666713,0.0,20.512820512820507,-1.3157894736842035,27.10706150341685
plus_gaC8_C10,True,True,False,1.3333333333333308,0.5333333333333301,1.0666666666666713,0.0,17.948717948717942,1.3157894736842146,25.284738041002274
plus_settling_C0.01,True,True,False,-1.6000000000000014,-0.2666666666666706,0.8000000000000007,-0.5333333333333301,-2.564102564102577,11.842105263157897,53.98633257403189
plus_settling_C0.1,True,True,False,-1.3333333333333308,-0.2666666666666706,1.0666666666666713,0.0,2.564102564102555,18.42105263157895,56.03644646924829
plus_settling_C1,True,True,False,-0.8000000000000007,0.2666666666666706,0.8000000000000007,0.2666666666666706,12.82051282051282,19.736842105263165,26.651480637813208
plus_settling_C10,False,True,False,-0.2666666666666595,0.2666666666666706,0.5333333333333301,0.2666666666666706,12.82051282051282,19.736842105263165,18.67881548974942
plus_energy_ratio_C0.01,True,True,False,-4.266666666666663,-0.8000000000000007,0.2666666666666706,-0.5333333333333301,-2.564102564102577,-11.842105263157876,46.01366742596811
plus_energy_ratio_C0.1,True,True,False,0.2666666666666706,-0.8000000000000007,0.0,0.0,12.82051282051282,10.526315789473683,20.045558086560366
plus_energy_ratio_C1,True,True,False,1.3333333333333308,0.5333333333333301,0.5333333333333301,0.5333333333333412,12.82051282051282,32.89473684210527,8.42824601366743
plus_energy_ratio_C10,True,True,False,1.0666666666666713,0.2666666666666706,0.5333333333333301,0.8000000000000007,15.384615384615385,30.263157894736846,14.123006833712981
plus_orientation_change_C0.01,True,True,False,1.0666666666666713,0.0,0.2666666666666706,-1.0666666666666602,-12.82051282051282,-247.36842105263156,2.961275626423676
plus_orientation_change_C0.1,True,True,False,3.733333333333333,1.3333333333333308,1.3333333333333308,-0.2666666666666595,51.28205128205128,-65.78947368421053,-3.1890660592255315
plus_orientation_change_C1,True,True,False,2.9333333333333322,1.6000000000000014,1.866666666666672,-0.2666666666666595,58.974358974358964,-21.052631578947366,-24.60136674259681
plus_orientation_change_C10,True,True,False,3.200000000000003,1.3333333333333308,1.866666666666672,-0.2666666666666595,56.41025641025641,-15.789473684210531,-21.64009111617313
all7_C0.01,True,True,False,2.6666666666666727,0.2666666666666706,0.8000000000000007,-0.5333333333333301,5.128205128205121,-127.63157894736841,17.08428246013667
all7_C0.1,True,True,False,4.266666666666675,1.6000000000000014,1.866666666666672,-0.2666666666666595,56.41025641025641,-52.63157894736843,47.83599088838268
all7_C1,True,True,False,4.0000000000000036,1.866666666666661,2.1333333333333315,0.0,61.53846153846154,11.842105263157897,40.31890660592256
all7_C10,True,True,False,3.200000000000003,1.3333333333333308,2.400000000000002,0.2666666666666706,53.84615384615385,27.63157894736843,36.44646924829157
