candidate,feature_set,C,operating_point,threshold,candidate_recall,sensitivity,false_alarms_per_adl_hour,event_precision,trial_specificity,trial_balanced_accuracy,candidate_balanced_accuracy,detected_falls,missed_falls,adl_alarm_trials,adl_false_alarms,total_alarms,unmatched_duplicate_alarms
baseline3_C0.01,baseline3,0.01,FA_le_1,0.898185497458526,0.9866666666666667,0.8453333333333334,0.9778543160044872,0.9723926380368099,0.9947552447552448,0.920044289044289,0.9137579594738621,317,58,3,3,326,9
baseline3_C0.01,baseline3,0.01,FA_le_5,0.7773747795634942,0.9866666666666667,0.9253333333333333,4.563320141354274,0.9353099730458221,0.9825174825174825,0.9539254079254079,0.9564247539151483,347,28,10,14,371,24
baseline3_C0.01,baseline3,0.01,FA_le_10,0.6704874553738776,0.9866666666666667,0.944,9.778543160044872,0.8939393939393939,0.9597902097902098,0.9518951048951049,0.9646629793328869,354,21,23,30,396,42
baseline3_C0.01,baseline3,0.01,FA_le_20,0.5767301374093098,0.9866666666666667,0.9626666666666667,19.557086320089745,0.8260869565217391,0.9143356643356644,0.9385011655011655,0.9709017046256571,361,14,49,60,437,76
baseline3_C0.01,baseline3,0.01,sens_ge95,0.6237329624266634,0.9866666666666667,0.952,14.341863301399147,0.8561151079136691,0.9353146853146853,0.9436573426573427,0.9677198576003667,357,18,37,44,417,60
baseline3_C0.01,baseline3,0.01,sens_ge97,0.5149830612617727,0.9866666666666667,0.9706666666666667,29.009678041466458,0.7711864406779662,0.8758741258741258,0.9232703962703963,0.9707887147384138,364,11,71,89,472,108
baseline3_C0.01,baseline3,0.01,sens_gt98,0.28144195137754213,0.9866666666666667,0.9813333333333333,78.22834528035898,0.5670261941448382,0.7307692307692307,0.856051282051282,0.9571910778781989,368,7,154,240,649,281
baseline3_C0.01,baseline3,0.01,BA_reference,0.6977235018373034,0.9866666666666667,0.9413333333333334,8.148785966704061,0.9074550128534704,0.9667832167832168,0.9540582750582751,0.9626971495468102,353,22,19,25,389,36
baseline3_C0.1,baseline3,0.1,FA_le_1,0.9324721697090566,0.9866666666666667,0.8826666666666667,0.9778543160044872,0.9678362573099415,0.9947552447552448,0.9387109557109558,0.9344833480748984,331,44,3,3,342,11
baseline3_C0.1,baseline3,0.1,FA_le_5,0.8739141669446459,0.9866666666666667,0.9253333333333333,4.563320141354274,0.9353099730458221,0.9807692307692307,0.953051282051282,0.9564247539151483,347,28,11,14,371,24
baseline3_C0.1,baseline3,0.1,FA_le_10,0.8355708658700596,0.9866666666666667,0.9386666666666666,6.844980212031411,0.9190600522193212,0.9702797202797203,0.9544731934731935,0.9620266565482982,352,23,17,21,383,31
baseline3_C0.1,baseline3,0.1,FA_le_20,0.6678732212954759,0.9866666666666667,0.968,17.927329126748933,0.836405529953917,0.9230769230769231,0.9455384615384615,0.9741172219898393,363,12,44,55,434,71
baseline3_C0.1,baseline3,0.1,sens_ge95,0.7321007353542758,0.9866666666666667,0.952,12.712106108058334,0.8707317073170732,0.9423076923076923,0.9471538461538461,0.9685946389050406,357,18,33,39,410,53
baseline3_C0.1,baseline3,0.1,sens_ge97,0.5500930615322938,0.9866666666666667,0.9706666666666667,26.72801797078932,0.7811158798283262,0.8881118881118881,0.9293892773892773,0.9729588328306524,364,11,64,82,466,102
baseline3_C0.1,baseline3,0.1,sens_gt98,0.12075584605561776,0.9866666666666667,0.9813333333333333,119.29822655254745,0.44932844932844934,0.6048951048951049,0.7931142191142191,0.9387870001411565,368,7,226,366,819,451
baseline3_C0.1,baseline3,0.1,BA_reference,0.8355708658700596,0.9866666666666667,0.9386666666666666,6.844980212031411,0.9190600522193212,0.9702797202797203,0.9544731934731935,0.9620266565482982,352,23,17,21,383,31
baseline3_C1,baseline3,1.0,FA_le_1,0.9474292859946577,0.9866666666666667,0.8906666666666667,0.6519028773363249,0.9709302325581395,0.9965034965034965,0.9435850815850816,0.9384943271954032,334,41,2,2,344,10
baseline3_C1,baseline3,1.0,FA_le_5,0.8814229005944165,0.9866666666666667,0.9306666666666666,4.889271580022436,0.9306666666666666,0.9772727272727273,0.9539696969696969,0.9601857955200319,349,26,13,15,375,26
baseline3_C1,baseline3,1.0,FA_le_10,0.8596383606608587,0.9866666666666667,0.9386666666666666,6.844980212031411,0.9166666666666666,0.9702797202797203,0.9544731934731935,0.963321993335863,352,23,17,21,384,32
baseline3_C1,baseline3,1.0,FA_le_20,0.7270357356451338,0.9866666666666667,0.968,17.275426249412607,0.8402777777777778,0.9248251748251748,0.9464125874125874,0.9743671595054604,363,12,43,53,432,69
baseline3_C1,baseline3,1.0,sens_ge95,0.7636237279064587,0.9866666666666667,0.952,13.038057546726497,0.8686131386861314,0.9405594405594405,0.9462797202797202,0.9684696701472301,357,18,34,40,411,54
baseline3_C1,baseline3,1.0,sens_ge97,0.6006150421863499,0.9866666666666667,0.9706666666666667,25.09826077744851,0.789587852494577,0.8968531468531469,0.9337599067599067,0.9735836766197052,364,11,59,77,461,97
baseline3_C1,baseline3,1.0,sens_gt98,0.07678507420913362,0.9866666666666667,0.9813333333333333,147.00409883934125,0.39826839826839827,0.5332167832167832,0.7572750582750583,0.9270855861164242,368,7,267,451,924,556
baseline3_C1,baseline3,1.0,BA_reference,0.8596383606608587,0.9866666666666667,0.9386666666666666,6.844980212031411,0.9166666666666666,0.9702797202797203,0.9544731934731935,0.963321993335863,352,23,17,21,384,32
baseline3_C10,baseline3,10.0,FA_le_1,0.9435122242216496,0.9866666666666667,0.8933333333333333,0.9778543160044872,0.9654178674351584,0.9947552447552448,0.944044289044289,0.9409600320127223,335,40,3,3,347,12
baseline3_C10,baseline3,10.0,FA_le_5,0.8850929456953477,0.9866666666666667,0.9333333333333333,4.889271580022436,0.9308510638297872,0.9772727272727273,0.9553030303030303,0.9614811323075967,350,25,13,15,376,26
baseline3_C10,baseline3,10.0,FA_le_10,0.8621999918050488,0.9866666666666667,0.9386666666666666,6.844980212031411,0.9166666666666666,0.9702797202797203,0.9544731934731935,0.963321993335863,352,23,17,21,384,32
baseline3_C10,baseline3,10.0,FA_le_20,0.7352880730771258,0.9866666666666667,0.968,17.275426249412607,0.8402777777777778,0.9248251748251748,0.9464125874125874,0.9743671595054604,363,12,43,53,432,69
baseline3_C10,baseline3,10.0,sens_ge95,0.7742031648776018,0.9866666666666667,0.952,12.712106108058334,0.8707317073170732,0.9423076923076923,0.9471538461538461,0.9685946389050406,357,18,33,39,410,53
baseline3_C10,baseline3,10.0,sens_ge97,0.6101532700558683,0.9866666666666667,0.9706666666666667,24.772309338780346,0.7913043478260869,0.8986013986013986,0.9346340326340327,0.9737086453775157,364,11,58,76,460,96
baseline3_C10,baseline3,10.0,sens_gt98,0.07561141384223115,0.9866666666666667,0.9813333333333333,143.0926815753233,0.4043956043956044,0.541958041958042,0.7616456876456876,0.9288351487257719,368,7,262,439,910,542
baseline3_C10,baseline3,10.0,BA_reference,0.8850929456953477,0.9866666666666667,0.9333333333333333,4.889271580022436,0.9308510638297872,0.9772727272727273,0.9553030303030303,0.9614811323075967,350,25,13,15,376,26
plus_gaC8_C0.01,plus_gaC8,0.01,FA_le_1,0.8816960640701582,0.9866666666666667,0.856,0.9778543160044872,0.9727272727272728,0.9947552447552448,0.9253776223776224,0.9189393066241212,321,54,3,3,330,9
plus_gaC8_C0.01,plus_gaC8,0.01,FA_le_5,0.7894135308517682,0.9866666666666667,0.9173333333333333,3.911417264017949,0.9398907103825137,0.9842657342657343,0.9507995337995339,0.952788681068075,344,31,9,12,366,22
plus_gaC8_C0.01,plus_gaC8,0.01,FA_le_10,0.6765697752168827,0.9866666666666667,0.944,9.778543160044872,0.8939393939393939,0.9597902097902098,0.9518951048951049,0.9646629793328869,354,21,23,30,396,42
plus_gaC8_C0.01,plus_gaC8,0.01,FA_le_20,0.59069685413816,0.9866666666666667,0.9626666666666667,17.275426249412607,0.8395348837209302,0.9230769230769231,0.9428717948717948,0.9717764859303308,361,14,44,53,430,69
plus_gaC8_C0.01,plus_gaC8,0.01,sens_ge95,0.6576421073663664,0.9866666666666667,0.952,11.082348914717523,0.8858560794044665,0.9527972027972028,0.9523986013986014,0.9680491146643391,357,18,27,34,403,46
plus_gaC8_C0.01,plus_gaC8,0.01,sens_ge97,0.5158509372513227,0.9866666666666667,0.9706666666666667,29.335629480134617,0.7695560253699789,0.8776223776223776,0.9241445221445221,0.9706637459806033,364,11,70,90,473,109
plus_gaC8_C0.01,plus_gaC8,0.01,sens_gt98,0.27580745815604385,0.9866666666666667,0.9813333333333333,79.53215103503163,0.5635528330781011,0.7307692307692307,0.856051282051282,0.9566912028469567,368,7,154,244,653,285
plus_gaC8_C0.01,plus_gaC8,0.01,BA_reference,0.7507139963781572,0.9866666666666667,0.936,5.8671258960269235,0.9261213720316622,0.9772727272727273,0.9566363636363637,0.961106226034165,351,24,13,18,379,28
plus_gaC8_C0.1,plus_gaC8,0.1,FA_le_1,0.9170230201427015,0.9866666666666667,0.9013333333333333,0.6519028773363249,0.9712643678160919,0.9965034965034965,0.9489184149184149,0.9436756743456622,338,37,2,2,348,10
plus_gaC8_C0.1,plus_gaC8,0.1,FA_le_5,0.8587710767814476,0.9866666666666667,0.9333333333333333,4.237368702686112,0.938337801608579,0.9807692307692307,0.957051282051282,0.960435733035653,350,25,11,13,373,23
plus_gaC8_C0.1,plus_gaC8,0.1,FA_le_10,0.7649633741433897,0.9866666666666667,0.9466666666666667,9.778543160044872,0.8942065491183879,0.958041958041958,0.9523543123543123,0.9659583161204517,355,20,24,30,397,42
plus_gaC8_C0.1,plus_gaC8,0.1,FA_le_20,0.6664049769916693,0.9866666666666667,0.968,16.623523372076285,0.8422273781902552,0.9283216783216783,0.9481608391608392,0.974492128263271,363,12,41,51,431,68
plus_gaC8_C0.1,plus_gaC8,0.1,sens_ge95,0.7479558903915917,0.9866666666666667,0.9546666666666667,10.75639747604936,0.8861386138613861,0.9527972027972028,0.9537319347319347,0.9707647569972793,358,17,27,33,404,46
plus_gaC8_C0.1,plus_gaC8,0.1,sens_ge97,0.5517665901963653,0.9866666666666667,0.9706666666666667,25.75016365478483,0.7878787878787878,0.8916083916083916,0.9311375291375291,0.9720384023165194,364,11,62,79,462,98
plus_gaC8_C0.1,plus_gaC8,0.1,sens_gt98,0.1824498946720174,0.9866666666666667,0.9813333333333333,83.11761686038142,0.5459940652818991,0.6975524475524476,0.8394428904428904,0.9554871644783105,368,7,173,255,674,306
plus_gaC8_C0.1,plus_gaC8,0.1,BA_reference,0.8731454126703426,0.9866666666666667,0.9306666666666666,3.585465825349787,0.9432432432432433,0.9842657342657343,0.9574662004662005,0.9593903337637093,349,26,9,11,370,21
plus_gaC8_C1,plus_gaC8,1.0,FA_le_1,0.9325446257777534,0.9866666666666667,0.9093333333333333,0.9778543160044872,0.96875,0.9947552447552448,0.9520442890442891,0.947436715950546,341,34,3,3,352,11
plus_gaC8_C1,plus_gaC8,1.0,FA_le_5,0.8781161884776257,0.9866666666666667,0.9386666666666666,3.911417264017949,0.9386666666666666,0.9807692307692307,0.9597179487179487,0.9630264066107825,352,23,11,12,375,23
plus_gaC8_C1,plus_gaC8,1.0,FA_le_10,0.8219683783585195,0.9866666666666667,0.9493333333333334,9.126640282708548,0.898989898989899,0.9562937062937062,0.9528135198135198,0.9675035904236376,356,19,25,28,396,40
plus_gaC8_C1,plus_gaC8,1.0,FA_le_20,0.7342805140256268,0.9866666666666667,0.968,15.971620494739959,0.8461538461538461,0.9318181818181818,0.9499090909090908,0.9747420657788921,363,12,39,49,429,66
plus_gaC8_C1,plus_gaC8,1.0,sens_ge95,0.7953057410458676,0.9866666666666667,0.952,10.104494598713035,0.8925,0.9545454545454546,0.9532727272727273,0.9684240209377708,357,18,26,31,400,43
plus_gaC8_C1,plus_gaC8,1.0,sens_ge97,0.5962570586208391,0.9866666666666667,0.9706666666666667,25.09826077744851,0.7913043478260869,0.8933566433566433,0.9320116550116551,0.9722883398321405,364,11,61,77,460,96
plus_gaC8_C1,plus_gaC8,1.0,sens_gt98,0.12439640113303896,0.9866666666666667,0.9813333333333333,104.30446037381198,0.4842105263157895,0.6416083916083916,0.8114708624708624,0.9461601568519786,368,7,205,320,760,392
plus_gaC8_C1,plus_gaC8,1.0,BA_reference,0.9050928350970167,0.9866666666666667,0.936,1.6297571933408121,0.9590163934426229,0.9912587412587412,0.9636293706293706,0.9627308198857021,351,24,5,5,366,15
plus_gaC8_C10,plus_gaC8,10.0,FA_le_1,0.9376350019236206,0.9866666666666667,0.9066666666666666,0.9778543160044872,0.9714285714285714,0.9947552447552448,0.9507109557109557,0.9448460423754165,340,35,3,3,350,10
plus_gaC8_C10,plus_gaC8,10.0,FA_le_5,0.8824182384762376,0.9866666666666667,0.9386666666666666,3.585465825349787,0.9411764705882353,0.9807692307692307,0.9597179487179487,0.9631513753685931,352,23,11,11,374,22
plus_gaC8_C10,plus_gaC8,10.0,FA_le_10,0.8358702771071981,0.9866666666666667,0.9493333333333334,8.474737405372224,0.9035532994923858,0.9597902097902098,0.9545617715617716,0.9677535279392587,356,19,23,26,394,38
plus_gaC8_C10,plus_gaC8,10.0,FA_le_20,0.7302528334217534,0.9866666666666667,0.968,15.645669056071796,0.8481308411214953,0.9335664335664335,0.9507832167832168,0.9748670345367025,363,12,38,48,428,65
plus_gaC8_C10,plus_gaC8,10.0,sens_ge95,0.7986678265702826,0.9866666666666667,0.952,10.430446037381198,0.8902743142144638,0.9527972027972028,0.9523986013986014,0.9682990521799602,357,18,27,32,401,44
plus_gaC8_C10,plus_gaC8,10.0,sens_ge97,0.6065080371128537,0.9866666666666667,0.9706666666666667,24.446357900112183,0.7947598253275109,0.8951048951048951,0.9328857808857809,0.9725382773477615,364,11,60,75,458,94
plus_gaC8_C10,plus_gaC8,10.0,sens_gt98,0.11856951283549323,0.9866666666666667,0.9813333333333333,106.91207188315728,0.47854356306892065,0.6363636363636364,0.8088484848484848,0.9450354380316838,368,7,208,328,769,401
plus_gaC8_C10,plus_gaC8,10.0,BA_reference,0.9081690993238486,0.9866666666666667,0.936,1.6297571933408121,0.9590163934426229,0.9912587412587412,0.9636293706293706,0.9627308198857021,351,24,5,5,366,15
plus_settling_C0.01,plus_settling,0.01,FA_le_1,0.8607464375696761,0.9866666666666667,0.8773333333333333,0.9778543160044872,0.9733727810650887,0.9947552447552448,0.936044289044289,0.9293020009246393,329,46,3,3,338,9
plus_settling_C0.01,plus_settling,0.01,FA_le_5,0.7501140483400588,0.9866666666666667,0.9306666666666666,4.889271580022436,0.9331550802139037,0.9772727272727273,0.9539696969696969,0.9588904587324671,349,26,13,15,374,25
plus_settling_C0.01,plus_settling,0.01,FA_le_10,0.6586003204262718,0.9866666666666667,0.9466666666666667,9.778543160044872,0.8942065491183879,0.9545454545454546,0.9506060606060607,0.9659583161204517,355,20,26,30,397,42
plus_settling_C0.01,plus_settling,0.01,FA_le_20,0.559629234384453,0.9866666666666667,0.9626666666666667,17.927329126748933,0.8356481481481481,0.9178321678321678,0.9402494172494172,0.9715265484147098,361,14,47,55,432,71
plus_settling_C0.01,plus_settling,0.01,sens_ge95,0.612217621743437,0.9866666666666667,0.952,13.038057546726497,0.8686131386861314,0.9405594405594405,0.9462797202797202,0.9684696701472301,357,18,34,40,411,54
plus_settling_C0.01,plus_settling,0.01,sens_ge97,0.5323089255404546,0.9866666666666667,0.9706666666666667,21.838746390766882,0.8088888888888889,0.9020979020979021,0.9363822843822844,0.9735380274102459,364,11,56,67,450,86
plus_settling_C0.01,plus_settling,0.01,sens_gt98,0.31103663490445405,0.9866666666666667,0.9813333333333333,65.84219061096881,0.6042692939244664,0.763986013986014,0.8726596736596737,0.9621898281906207,368,7,135,202,609,241
plus_settling_C0.01,plus_settling,0.01,BA_reference,0.7099097330675048,0.9866666666666667,0.944,6.519028773363249,0.921875,0.9685314685314685,0.9562657342657342,0.9647422988812382,354,21,18,20,384,30
plus_settling_C0.1,plus_settling,0.1,FA_le_1,0.9320556323395708,0.9866666666666667,0.88,0.9778543160044872,0.967741935483871,0.9947552447552448,0.9373776223776225,0.9331880112873336,330,45,3,3,341,11
plus_settling_C0.1,plus_settling,0.1,FA_le_5,0.8493373162778322,0.9866666666666667,0.9306666666666666,4.237368702686112,0.9381720430107527,0.9772727272727273,0.9539696969696969,0.9591403962480882,349,26,13,13,372,23
plus_settling_C0.1,plus_settling,0.1,FA_le_10,0.7553240577397684,0.9866666666666667,0.9493333333333334,9.452591721376711,0.8944723618090452,0.9562937062937062,0.9528135198135198,0.9686739584533919,356,19,25,29,398,42
plus_settling_C0.1,plus_settling,0.1,FA_le_20,0.638443413908363,0.9866666666666667,0.968,17.927329126748933,0.8344827586206897,0.9195804195804196,0.9437902097902098,0.9739922532320288,363,12,46,55,435,72
plus_settling_C0.1,plus_settling,0.1,sens_ge95,0.7203784562218237,0.9866666666666667,0.952,12.386154669390173,0.8728606356968215,0.9405594405594405,0.9462797202797202,0.9687196076628511,357,18,34,38,409,52
plus_settling_C0.1,plus_settling,0.1,sens_ge97,0.6042771689797294,0.9866666666666667,0.9706666666666667,20.20898919742607,0.8216704288939052,0.9090909090909091,0.9398787878787879,0.9744128087149198,364,11,52,62,443,79
plus_settling_C0.1,plus_settling,0.1,sens_gt98,0.2527937755497588,0.9866666666666667,0.9813333333333333,62.90862766295535,0.6153846153846154,0.756993006993007,0.8691631701631701,0.9635644845265368,368,7,139,193,598,230
plus_settling_C0.1,plus_settling,0.1,BA_reference,0.8093035540686855,0.9866666666666667,0.944,6.1930773346950865,0.921875,0.9702797202797203,0.9571398601398602,0.9661626044266136,354,21,17,19,384,30
plus_settling_C1,plus_settling,1.0,FA_le_1,0.9510758539405885,0.9866666666666667,0.8853333333333333,0.9778543160044872,0.9651162790697675,0.9947552447552448,0.940044289044289,0.937074021650028,332,43,3,3,344,12
plus_settling_C1,plus_settling,1.0,FA_le_5,0.8662152924257075,0.9866666666666667,0.936,4.889271580022436,0.9310344827586207,0.9737762237762237,0.9548881118881118,0.9627764690951615,351,24,15,15,377,26
plus_settling_C1,plus_settling,1.0,FA_le_10,0.7942096810933439,0.9866666666666667,0.9466666666666667,9.778543160044872,0.8919597989949749,0.9527972027972028,0.9497319347319347,0.9672536529080165,355,20,27,30,398,43
plus_settling_C1,plus_settling,1.0,FA_le_20,0.6607615513698546,0.9866666666666667,0.9706666666666667,19.883037758757908,0.8253968253968254,0.9090909090909091,0.9398787878787879,0.9746627462305408,364,11,52,61,441,77
plus_settling_C1,plus_settling,1.0,sens_ge95,0.7746705518447652,0.9866666666666667,0.952,11.082348914717523,0.8814814814814815,0.9458041958041958,0.9489020979020979,0.9692194826940934,357,18,31,34,405,48
plus_settling_C1,plus_settling,1.0,sens_ge97,0.6607615513698546,0.9866666666666667,0.9706666666666667,19.883037758757908,0.8253968253968254,0.9090909090909091,0.9398787878787879,0.9746627462305408,364,11,52,61,441,77
plus_settling_C1,plus_settling,1.0,sens_gt98,0.1189673383323199,0.9866666666666667,0.9813333333333333,104.9563632511483,0.4842105263157895,0.6328671328671329,0.807100233100233,0.9461601568519786,368,7,210,322,760,392
plus_settling_C1,plus_settling,1.0,BA_reference,0.860186793138847,0.9866666666666667,0.9413333333333334,5.541174457358761,0.926509186351706,0.972027972027972,0.9566806526806526,0.9651172051546699,353,22,16,17,381,28
plus_settling_C10,plus_settling,10.0,FA_le_1,0.9510126311275916,0.9866666666666667,0.8906666666666667,0.9778543160044872,0.9653179190751445,0.9947552447552448,0.9427109557109558,0.9396646952251575,334,41,3,3,346,12
plus_settling_C10,plus_settling,10.0,FA_le_5,0.8746439848970624,0.9866666666666667,0.936,4.889271580022436,0.9310344827586207,0.9737762237762237,0.9548881118881118,0.9627764690951615,351,24,15,15,377,26
plus_settling_C10,plus_settling,10.0,FA_le_10,0.83952118718514,0.9866666666666667,0.944,7.496883089367736,0.910025706940874,0.965034965034965,0.9545174825174825,0.9669580661829361,354,21,20,23,389,35
plus_settling_C10,plus_settling,10.0,FA_le_20,0.6712421913768244,0.9866666666666667,0.9706666666666667,19.883037758757908,0.8253968253968254,0.9090909090909091,0.9398787878787879,0.9746627462305408,364,11,52,61,441,77
plus_settling_C10,plus_settling,10.0,sens_ge95,0.7773994034297084,0.9866666666666667,0.952,11.082348914717523,0.8814814814814815,0.9458041958041958,0.9489020979020979,0.9692194826940934,357,18,31,34,405,48
plus_settling_C10,plus_settling,10.0,sens_ge97,0.6712421913768244,0.9866666666666667,0.9706666666666667,19.883037758757908,0.8253968253968254,0.9090909090909091,0.9398787878787879,0.9746627462305408,364,11,52,61,441,77
plus_settling_C10,plus_settling,10.0,sens_gt98,0.10064557756245822,0.9866666666666667,0.9813333333333333,116.36466360453399,0.456575682382134,0.6048951048951049,0.7931142191142191,0.9404115939926936,368,7,226,357,806,438
plus_settling_C10,plus_settling,10.0,BA_reference,0.8638337885788313,0.9866666666666667,0.9413333333333334,5.541174457358761,0.926509186351706,0.972027972027972,0.9566806526806526,0.9651172051546699,353,22,16,17,381,28
plus_energy_ratio_C0.01,plus_energy_ratio,0.01,FA_le_1,0.8928292435664262,0.9866666666666667,0.8506666666666667,0.9778543160044872,0.9725609756097561,0.9947552447552448,0.9227109557109557,0.9163486330489916,319,56,3,3,328,9
plus_energy_ratio_C0.01,plus_energy_ratio,0.01,FA_le_5,0.7782546565484808,0.9866666666666667,0.9253333333333333,4.889271580022436,0.9327956989247311,0.9807692307692307,0.953051282051282,0.9562997851573376,347,28,11,15,372,25
plus_energy_ratio_C0.01,plus_energy_ratio,0.01,FA_le_10,0.7000691726195403,0.9866666666666667,0.9413333333333334,7.496883089367736,0.9121447028423773,0.9685314685314685,0.954932400932401,0.9629470870624313,353,22,18,23,387,34
plus_energy_ratio_C0.01,plus_energy_ratio,0.01,FA_le_20,0.5777568268444525,0.9866666666666667,0.9626666666666667,18.253280565417096,0.8317972350230415,0.9178321678321678,0.9402494172494172,0.9712766108990887,361,14,47,56,434,73
plus_energy_ratio_C0.01,plus_energy_ratio,0.01,sens_ge95,0.6258251871687615,0.9866666666666667,0.952,13.038057546726497,0.864406779661017,0.9423076923076923,0.9471538461538461,0.9682197326316089,357,18,33,40,413,56
plus_energy_ratio_C0.01,plus_energy_ratio,0.01,sens_ge97,0.5164679710047922,0.9866666666666667,0.9706666666666667,27.705872286793806,0.7777777777777778,0.8776223776223776,0.9241445221445221,0.971288589769656,364,11,70,85,468,104
plus_energy_ratio_C0.01,plus_energy_ratio,0.01,sens_gt98,0.28309301460701725,0.9866666666666667,0.9813333333333333,77.2504909643545,0.5696594427244582,0.7307692307692307,0.856051282051282,0.9575659841516305,368,7,154,237,646,278
plus_energy_ratio_C0.01,plus_energy_ratio,0.01,BA_reference,0.7000691726195403,0.9866666666666667,0.9413333333333334,7.496883089367736,0.9121447028423773,0.9685314685314685,0.954932400932401,0.9629470870624313,353,22,18,23,387,34
plus_energy_ratio_C0.1,plus_energy_ratio,0.1,FA_le_1,0.9250106662249262,0.9866666666666667,0.896,0.9778543160044872,0.968299711815562,0.9947552447552448,0.9453776223776225,0.9409600320127223,336,39,3,3,347,11
plus_energy_ratio_C0.1,plus_energy_ratio,0.1,FA_le_5,0.8790850140979917,0.9866666666666667,0.9253333333333333,4.237368702686112,0.9378378378378378,0.9807692307692307,0.953051282051282,0.9565497226729587,347,28,11,13,370,23
plus_energy_ratio_C0.1,plus_energy_ratio,0.1,FA_le_10,0.8416638227909745,0.9866666666666667,0.9386666666666666,6.519028773363249,0.9214659685863874,0.972027972027972,0.9553473193473193,0.9621516253061086,352,23,16,20,382,30
plus_energy_ratio_C0.1,plus_energy_ratio,0.1,FA_le_20,0.6787146195405086,0.9866666666666667,0.968,14.993766178735472,0.8561320754716981,0.9318181818181818,0.9499090909090908,0.9753669095679448,363,12,39,46,424,61
plus_energy_ratio_C0.1,plus_energy_ratio,0.1,sens_ge95,0.7390145272724028,0.9866666666666667,0.952,11.082348914717523,0.8814814814814815,0.951048951048951,0.9515244755244755,0.9692194826940934,357,18,28,34,405,48
plus_energy_ratio_C0.1,plus_energy_ratio,0.1,sens_ge97,0.5611931203834253,0.9866666666666667,0.9706666666666667,22.164697829435045,0.8053097345132744,0.8986013986013986,0.9346340326340327,0.9747083954400001,364,11,58,68,452,88
plus_energy_ratio_C0.1,plus_energy_ratio,0.1,sens_gt98,0.12312619864240341,0.9866666666666667,0.9813333333333333,114.40895497252501,0.45828144458281445,0.6118881118881119,0.7966107226107226,0.9407865002661251,368,7,222,351,803,435
plus_energy_ratio_C0.1,plus_energy_ratio,0.1,BA_reference,0.8416638227909745,0.9866666666666667,0.9386666666666666,6.519028773363249,0.9214659685863874,0.972027972027972,0.9553473193473193,0.9621516253061086,352,23,16,20,382,30
plus_energy_ratio_C1,plus_energy_ratio,1.0,FA_le_1,0.9421008108358172,0.9866666666666667,0.9066666666666666,0.9778543160044872,0.9659090909090909,0.9947552447552448,0.9507109557109557,0.947436715950546,340,35,3,3,352,12
plus_energy_ratio_C1,plus_energy_ratio,1.0,FA_le_5,0.8777386779438265,0.9866666666666667,0.9386666666666666,4.889271580022436,0.9312169312169312,0.9737762237762237,0.9562214452214453,0.9640718058827262,352,23,15,15,378,26
plus_energy_ratio_C1,plus_energy_ratio,1.0,FA_le_10,0.8252884532315022,0.9866666666666667,0.944,8.800688844040385,0.9007633587786259,0.958041958041958,0.9510209790209789,0.966458191151694,354,21,24,27,393,39
plus_energy_ratio_C1,plus_energy_ratio,1.0,FA_le_20,0.601321113035075,0.9866666666666667,0.9733333333333334,19.231134881421582,0.8202247191011236,0.9143356643356644,0.9438344988344989,0.9784237878354245,365,10,49,59,445,80
plus_energy_ratio_C1,plus_energy_ratio,1.0,sens_ge95,0.7824656240796936,0.9866666666666667,0.952,11.082348914717523,0.8814814814814815,0.9475524475524476,0.9497762237762237,0.9692194826940934,357,18,30,34,405,48
plus_energy_ratio_C1,plus_energy_ratio,1.0,sens_ge97,0.6408894103056785,0.9866666666666667,0.9706666666666667,16.623523372076285,0.8406466512702079,0.9265734265734266,0.9486200466200466,0.9770828018384006,364,11,42,51,433,69
plus_energy_ratio_C1,plus_energy_ratio,1.0,sens_gt98,0.08118749419866629,0.9866666666666667,0.9813333333333333,131.0324783446013,0.42201834862385323,0.5681818181818182,0.7747575757575758,0.9335839615225727,368,7,247,402,872,504
plus_energy_ratio_C1,plus_energy_ratio,1.0,BA_reference,0.8943420612159815,0.9866666666666667,0.936,3.585465825349787,0.9410187667560321,0.9807692307692307,0.9583846153846154,0.9632763441264036,351,24,11,11,373,22
plus_energy_ratio_C10,plus_energy_ratio,10.0,FA_le_1,0.9517501049022044,0.9866666666666667,0.904,0.9778543160044872,0.9658119658119658,0.9947552447552448,0.9493776223776225,0.9461413791629812,339,36,3,3,351,12
plus_energy_ratio_C10,plus_energy_ratio,10.0,FA_le_5,0.8921797480207683,0.9866666666666667,0.936,4.889271580022436,0.9335106382978723,0.9755244755244755,0.9557622377622378,0.9614811323075967,351,24,14,15,376,25
plus_energy_ratio_C10,plus_energy_ratio,10.0,FA_le_10,0.8434632285150236,0.9866666666666667,0.944,8.474737405372224,0.9030612244897959,0.958041958041958,0.9510209790209789,0.9665831599095045,354,21,24,26,392,38
plus_energy_ratio_C10,plus_energy_ratio,10.0,FA_le_20,0.5950504864729531,0.9866666666666667,0.976,19.883037758757908,0.8151447661469933,0.9090909090909091,0.9425454545454546,0.9793442183495578,366,9,52,61,449,83
plus_energy_ratio_C10,plus_energy_ratio,10.0,sens_ge95,0.8041978883128372,0.9866666666666667,0.9546666666666667,10.75639747604936,0.8861386138613861,0.9475524475524476,0.9511095571095571,0.9707647569972793,358,17,30,33,404,46
plus_energy_ratio_C10,plus_energy_ratio,10.0,sens_ge97,0.6331004432951031,0.9866666666666667,0.9706666666666667,17.275426249412607,0.8329519450800915,0.9195804195804196,0.9451235431235432,0.9780032323525336,364,11,46,53,437,73
plus_energy_ratio_C10,plus_energy_ratio,10.0,sens_gt98,0.08054031770308723,0.9866666666666667,0.9813333333333333,122.88369237789723,0.43601895734597157,0.583916083916084,0.7826247086247087,0.9370830867412681,368,7,238,377,844,476
plus_energy_ratio_C10,plus_energy_ratio,10.0,BA_reference,0.91068858300423,0.9866666666666667,0.9333333333333333,3.2595143866816243,0.9459459459459459,0.9825174825174825,0.9579254079254079,0.9608106393090846,350,25,10,10,370,20
plus_orientation_change_C0.01,plus_orientation_change,0.01,FA_le_1,0.9054204665891489,0.9866666666666667,0.904,0.9778543160044872,0.9826086956521739,0.9947552447552448,0.9493776223776225,0.9397896639829679,339,36,3,3,345,6
plus_orientation_change_C0.01,plus_orientation_change,0.01,FA_le_5,0.8337031459558303,0.9866666666666667,0.9333333333333333,4.889271580022436,0.9510869565217391,0.9737762237762237,0.9535547785547785,0.9525387435524539,350,25,15,15,368,18
plus_orientation_change_C0.01,plus_orientation_change,0.01,FA_le_10,0.8098873028770005,0.9866666666666667,0.9413333333333334,7.822834528035898,0.9289473684210526,0.9615384615384616,0.9514358974358974,0.9553000350948533,353,22,22,24,380,27
plus_orientation_change_C0.01,plus_orientation_change,0.01,FA_le_20,0.6906598749431042,0.9866666666666667,0.9573333333333334,18.57923200408526,0.8466981132075472,0.9195804195804196,0.9384568764568765,0.9640044652049423,359,16,46,57,424,65
plus_orientation_change_C0.01,plus_orientation_change,0.01,sens_ge95,0.7380555229458682,0.9866666666666667,0.9546666666666667,14.341863301399147,0.8753056234718827,0.9353146853146853,0.944990675990676,0.9630383854813498,358,17,37,44,409,51
plus_orientation_change_C0.01,plus_orientation_change,0.01,sens_ge97,0.2903259022001994,0.9866666666666667,0.9706666666666667,86.05117980839488,0.5449101796407185,0.6765734265734266,0.8236200466200466,0.9477151437529219,364,11,185,264,668,304
plus_orientation_change_C0.01,plus_orientation_change,0.01,sens_gt98,0.19062955746338658,0.9866666666666667,0.9813333333333333,138.8553128726372,0.43243243243243246,0.5174825174825175,0.7494079254079253,0.9347879998912189,368,7,276,426,851,483
plus_orientation_change_C0.01,plus_orientation_change,0.01,BA_reference,0.8611776327702828,0.9866666666666667,0.928,2.9335629480134617,0.9666666666666667,0.9842657342657343,0.9561328671328672,0.9506978825241876,348,27,9,9,360,12
plus_orientation_change_C0.1,plus_orientation_change,0.1,FA_le_1,0.9261052647476452,0.9866666666666667,0.9306666666666666,0.9778543160044872,0.9748603351955307,0.9947552447552448,0.9627109557109557,0.9552087366759346,349,26,3,3,358,9
plus_orientation_change_C0.1,plus_orientation_change,0.1,FA_le_5,0.8710667097540924,0.9866666666666667,0.9466666666666667,3.911417264017949,0.9491978609625669,0.9825174825174825,0.9645920745920746,0.9631513753685931,355,20,10,12,374,19
plus_orientation_change_C0.1,plus_orientation_change,0.1,FA_le_10,0.8503748182082584,0.9866666666666667,0.952,6.1930773346950865,0.9321148825065274,0.9702797202797203,0.9611398601398602,0.9648672676390488,357,18,17,19,383,26
plus_orientation_change_C0.1,plus_orientation_change,0.1,FA_le_20,0.7186732071313173,0.9866666666666667,0.9653333333333334,17.275426249412607,0.8497652582159625,0.9195804195804196,0.9424568764568765,0.972276360961573,362,13,46,53,426,64
plus_orientation_change_C0.1,plus_orientation_change,0.1,sens_ge95,0.8503748182082584,0.9866666666666667,0.952,6.1930773346950865,0.9321148825065274,0.9702797202797203,0.9611398601398602,0.9648672676390488,357,18,17,19,383,26
plus_orientation_change_C0.1,plus_orientation_change,0.1,sens_ge97,0.4404566121998745,0.9866666666666667,0.9706666666666667,41.06988127218847,0.7123287671232876,0.8374125874125874,0.904039627039627,0.9659149331838025,364,11,93,126,511,147
plus_orientation_change_C0.1,plus_orientation_change,0.1,sens_gt98,0.09918944738419153,0.9866666666666667,0.9813333333333333,147.6560017166776,0.4111731843575419,0.48776223776223776,0.7345477855477855,0.9292893745475548,368,7,293,453,895,527
plus_orientation_change_C0.1,plus_orientation_change,0.1,BA_reference,0.8710667097540924,0.9866666666666667,0.9466666666666667,3.911417264017949,0.9491978609625669,0.9825174825174825,0.9645920745920746,0.9631513753685931,355,20,10,12,374,19
plus_orientation_change_C1,plus_orientation_change,1.0,FA_le_1,0.942805251337834,0.9866666666666667,0.9226666666666666,0.9778543160044872,0.9746478873239437,0.9947552447552448,0.9587109557109557,0.9513227263132403,346,29,3,3,355,9
plus_orientation_change_C1,plus_orientation_change,1.0,FA_le_5,0.8718468565418996,0.9866666666666667,0.9493333333333334,4.563320141354274,0.9368421052631579,0.9790209790209791,0.9641771561771562,0.9680827850032311,356,19,12,14,380,24
plus_orientation_change_C1,plus_orientation_change,1.0,FA_le_10,0.8454246482607862,0.9866666666666667,0.9573333333333334,9.452591721376711,0.9020100502512562,0.9527972027972028,0.955065268065268,0.9700942639987672,359,16,27,29,398,39
plus_orientation_change_C1,plus_orientation_change,1.0,FA_le_20,0.7441709258377419,0.9866666666666667,0.9653333333333334,16.949474810744448,0.8497652582159625,0.9265734265734266,0.9459533799533799,0.972276360961573,362,13,42,52,426,64
plus_orientation_change_C1,plus_orientation_change,1.0,sens_ge95,0.8648983403084406,0.9866666666666667,0.952,5.215223018690599,0.9321148825065274,0.9755244755244755,0.9637622377622377,0.9691281842751747,357,18,14,16,383,26
plus_orientation_change_C1,plus_orientation_change,1.0,sens_ge97,0.5578719044040511,0.9866666666666667,0.9706666666666667,29.987532357470943,0.7663157894736842,0.8793706293706294,0.925018648018648,0.9704138084649823,364,11,69,92,475,111
plus_orientation_change_C1,plus_orientation_change,1.0,sens_gt98,0.06059538739282882,0.9866666666666667,0.9813333333333333,178.29543695148485,0.35832521908471276,0.4318181818181818,0.7065757575757575,0.9142138040619379,368,7,325,547,1027,659
plus_orientation_change_C1,plus_orientation_change,1.0,BA_reference,0.8772891965044192,0.9866666666666667,0.9466666666666667,3.911417264017949,0.9416445623342176,0.9825174825174825,0.9645920745920746,0.9670373857312874,355,20,10,12,377,22
plus_orientation_change_C10,plus_orientation_change,10.0,FA_le_1,0.9444658763919364,0.9866666666666667,0.9253333333333333,0.9778543160044872,0.9747191011235955,0.9947552447552448,0.9600442890442891,0.9526180631008051,347,28,3,3,356,9
plus_orientation_change_C10,plus_orientation_change,10.0,FA_le_5,0.8798863899151994,0.9866666666666667,0.9466666666666667,4.237368702686112,0.9391534391534392,0.9807692307692307,0.9637179487179487,0.9669124169734769,355,20,11,13,378,23
plus_orientation_change_C10,plus_orientation_change,10.0,FA_le_10,0.8555999844997682,0.9866666666666667,0.9573333333333334,8.148785966704061,0.9111675126903553,0.9597902097902098,0.9585617715617716,0.9705941390300094,359,16,23,25,394,35
plus_orientation_change_C10,plus_orientation_change,10.0,FA_le_20,0.7496080953546488,0.9866666666666667,0.9653333333333334,16.623523372076285,0.851764705882353,0.9283216783216783,0.9468275058275059,0.9724013297193836,362,13,41,51,425,63
plus_orientation_change_C10,plus_orientation_change,10.0,sens_ge95,0.8686359040248932,0.9866666666666667,0.952,5.541174457358761,0.9296875,0.9737762237762237,0.9628881118881119,0.9690032155173642,357,18,15,17,384,27
plus_orientation_change_C10,plus_orientation_change,10.0,sens_ge97,0.5797356373083153,0.9866666666666667,0.9706666666666667,28.683726602798295,0.7761194029850746,0.8863636363636364,0.9285151515151515,0.9711636210118455,364,11,65,88,469,105
plus_orientation_change_C10,plus_orientation_change,10.0,sens_gt98,0.06045073714294267,0.9866666666666667,0.9813333333333333,174.05806824879875,0.3647175421209118,0.4388111888111888,0.7100722610722611,0.9164632417025278,368,7,321,534,1009,641
plus_orientation_change_C10,plus_orientation_change,10.0,BA_reference,0.8798863899151994,0.9866666666666667,0.9466666666666667,4.237368702686112,0.9391534391534392,0.9807692307692307,0.9637179487179487,0.9669124169734769,355,20,11,13,378,23
all7_C0.01,all7,0.01,FA_le_1,0.8833509347615426,0.9866666666666667,0.92,0.9778543160044872,0.9857142857142858,0.9947552447552448,0.9573776223776225,0.9462663479207918,345,30,3,3,350,5
all7_C0.01,all7,0.01,FA_le_5,0.8609381140439172,0.9866666666666667,0.936,2.6076115093452996,0.9722991689750693,0.986013986013986,0.9610069930069931,0.9534135248571277,351,24,8,8,361,10
all7_C0.01,all7,0.01,FA_le_10,0.7714395472043094,0.9866666666666667,0.9466666666666667,8.148785966704061,0.917312661498708,0.958041958041958,0.9523543123543123,0.961526781517056,355,20,24,25,387,32
all7_C0.01,all7,0.01,FA_le_20,0.668564285362935,0.9866666666666667,0.9626666666666667,19.557086320089745,0.8414918414918415,0.9143356643356644,0.9385011655011655,0.9662202325066402,361,14,49,60,429,68
all7_C0.01,all7,0.01,sens_ge95,0.7386995290531043,0.9866666666666667,0.952,12.06020323072201,0.8902743142144638,0.9405594405594405,0.9462797202797202,0.9626178299984589,357,18,34,37,401,44
all7_C0.01,all7,0.01,sens_ge97,0.3876648718443783,0.9866666666666667,0.9706666666666667,56.3895988895921,0.6465364120781527,0.7762237762237763,0.8734452214452215,0.9594165577776541,364,11,128,173,563,199
all7_C0.01,all7,0.01,sens_gt98,0.21590796456001687,0.9866666666666667,0.9813333333333333,118.64632367521112,0.46878980891719746,0.5716783216783217,0.7765058275058274,0.9416156323613397,368,7,245,364,785,417
all7_C0.01,all7,0.01,BA_reference,0.8609381140439172,0.9866666666666667,0.936,2.6076115093452996,0.9722991689750693,0.986013986013986,0.9610069930069931,0.9534135248571277,351,24,8,8,361,10
all7_C0.1,all7,0.1,FA_le_1,0.908812824052985,0.9866666666666667,0.936,0.9778543160044872,0.9722991689750693,0.9947552447552448,0.9653776223776225,0.959094747038629,351,24,3,3,361,10
all7_C0.1,all7,0.1,FA_le_5,0.8411722916004216,0.9866666666666667,0.9493333333333334,4.889271580022436,0.9368421052631579,0.9737762237762237,0.9615547785547786,0.9666624794578558,356,19,15,15,380,24
all7_C0.1,all7,0.1,FA_le_10,0.8232756275183506,0.9866666666666667,0.9573333333333334,6.519028773363249,0.9252577319587629,0.965034965034965,0.9611841491841492,0.9699236460314973,359,16,20,20,388,29
all7_C0.1,all7,0.1,FA_le_20,0.7466627213744806,0.9866666666666667,0.9653333333333334,13.038057546726497,0.8786407766990292,0.9370629370629371,0.9511981351981352,0.9726056180255453,362,13,36,40,412,50
all7_C0.1,all7,0.1,sens_ge95,0.8308894097435623,0.9866666666666667,0.9546666666666667,5.541174457358761,0.9322916666666666,0.9702797202797203,0.9624731934731935,0.9690032155173642,358,17,17,17,384,26
all7_C0.1,all7,0.1,sens_ge97,0.44916941037854674,0.9866666666666667,0.9706666666666667,37.810366885506845,0.728,0.8409090909090909,0.9057878787878788,0.9672895895197184,364,11,91,116,500,136
all7_C0.1,all7,0.1,sens_gt98,0.2126861371858098,0.9866666666666667,0.9813333333333333,74.6428794550092,0.575,0.7027972027972028,0.842065268065268,0.9583157966984939,368,7,170,229,640,272
all7_C0.1,all7,0.1,BA_reference,0.8958652974576584,0.9866666666666667,0.9413333333333334,1.9557086320089745,0.9644808743169399,0.9895104895104895,0.9654219114219114,0.9613105143403269,353,22,6,6,366,13
all7_C1,all7,1.0,FA_le_1,0.9398915617043455,0.9866666666666667,0.9333333333333333,0.6519028773363249,0.9749303621169917,0.9965034965034965,0.9649184149184149,0.9579243790088747,350,25,2,2,359,9
all7_C1,all7,1.0,FA_le_5,0.8741632624168068,0.9866666666666667,0.952,4.889271580022436,0.937007874015748,0.9737762237762237,0.9628881118881119,0.9679578162454205,357,18,15,15,381,24
all7_C1,all7,1.0,FA_le_10,0.8289969160092684,0.9866666666666667,0.96,8.474737405372224,0.906801007556675,0.9562937062937062,0.9581468531468531,0.9730598438473284,360,15,25,26,397,37
all7_C1,all7,1.0,FA_le_20,0.6817028870172734,0.9866666666666667,0.968,15.319717617403635,0.8561320754716981,0.9283216783216783,0.9481608391608392,0.9753669095679448,363,12,41,47,424,61
all7_C1,all7,1.0,sens_ge95,0.8741632624168068,0.9866666666666667,0.952,4.889271580022436,0.937007874015748,0.9737762237762237,0.9628881118881119,0.9679578162454205,357,18,15,15,381,24
all7_C1,all7,1.0,sens_ge97,0.6003974479623108,0.9866666666666667,0.9706666666666667,21.838746390766882,0.8125,0.9020979020979021,0.9363822843822844,0.973787964925867,364,11,56,67,448,84
all7_C1,all7,1.0,sens_gt98,0.1468795515295393,0.9866666666666667,0.9813333333333333,85.39927693105855,0.5387994143484627,0.6695804195804196,0.8254568764568764,0.9557827512033908,368,7,189,262,683,315
all7_C1,all7,1.0,BA_reference,0.8806884387855994,0.9866666666666667,0.9493333333333334,3.585465825349787,0.9468085106382979,0.9807692307692307,0.965051282051282,0.9671623544890979,356,19,11,11,376,20
all7_C10,all7,10.0,FA_le_1,0.9478196726274442,0.9866666666666667,0.9253333333333333,0.6519028773363249,0.9747191011235955,0.9965034965034965,0.9609184149184149,0.9540383686461804,347,28,2,2,356,9
all7_C10,all7,10.0,FA_le_5,0.8923666791775262,0.9866666666666667,0.9466666666666667,2.9335629480134617,0.9517426273458445,0.9842657342657343,0.9654662004662005,0.9661169552171542,355,20,9,9,373,18
all7_C10,all7,10.0,FA_le_10,0.8191133355428278,0.9866666666666667,0.9626666666666667,9.778543160044872,0.8980099502487562,0.951048951048951,0.9568578088578088,0.9738553056036509,361,14,28,30,402,41
all7_C10,all7,10.0,FA_le_20,0.6484529982312165,0.9866666666666667,0.9706666666666667,17.927329126748933,0.8367816091954023,0.9178321678321678,0.9442494172494172,0.9754125587774041,364,11,47,55,435,71
all7_C10,all7,10.0,sens_ge95,0.8747542880841223,0.9866666666666667,0.952,5.8671258960269235,0.9296875,0.9702797202797203,0.9611398601398602,0.9675829099719888,357,18,17,18,384,27
all7_C10,all7,10.0,sens_ge97,0.6484529982312165,0.9866666666666667,0.9706666666666667,17.927329126748933,0.8367816091954023,0.9178321678321678,0.9442494172494172,0.9754125587774041,364,11,47,55,435,71
all7_C10,all7,10.0,sens_gt98,0.12509829681362755,0.9866666666666667,0.9813333333333333,90.94045138841732,0.519774011299435,0.6468531468531469,0.8140932400932401,0.9526585322581271,368,7,202,279,708,340
all7_C10,all7,10.0,BA_reference,0.8923666791775262,0.9866666666666667,0.9466666666666667,2.9335629480134617,0.9517426273458445,0.9842657342657343,0.9654662004662005,0.9661169552171542,355,20,9,9,373,18
