candidate,feature_set,C,converged,warnings
baseline3_C0.01,baseline3,0.01,True,
baseline3_C0.1,baseline3,0.1,True,
baseline3_C1,baseline3,1.0,True,
baseline3_C10,baseline3,10.0,True,
plus_gaC8_C0.01,plus_gaC8,0.01,True,
plus_gaC8_C0.1,plus_gaC8,0.1,True,
plus_gaC8_C1,plus_gaC8,1.0,True,
plus_gaC8_C10,plus_gaC8,10.0,True,
plus_settling_C0.01,plus_settling,0.01,True,
plus_settling_C0.1,plus_settling,0.1,True,
plus_settling_C1,plus_settling,1.0,True,
plus_settling_C10,plus_settling,10.0,True,
plus_energy_ratio_C0.01,plus_energy_ratio,0.01,True,
plus_energy_ratio_C0.1,plus_energy_ratio,0.1,True,
plus_energy_ratio_C1,plus_energy_ratio,1.0,True,
plus_energy_ratio_C10,plus_energy_ratio,10.0,True,
plus_orientation_change_C0.01,plus_orientation_change,0.01,True,
plus_orientation_change_C0.1,plus_orientation_change,0.1,True,
plus_orientation_change_C1,plus_orientation_change,1.0,True,
plus_orientation_change_C10,plus_orientation_change,10.0,True,
all7_C0.01,all7,0.01,True,
all7_C0.1,all7,0.1,True,
all7_C1,all7,1.0,True,
all7_C10,all7,10.0,True,
