feature_set,C,operating_point,threshold,candidate_recall,sensitivity,false_alarms_per_adl_hour,event_precision,trial_specificity,trial_balanced_accuracy,candidate_balanced_accuracy,detected_falls,missed_falls,adl_alarm_trials,adl_false_alarms,total_alarms,unmatched_duplicate_alarms
baseline3,10,FA_le_1,0.9435122242216496,0.9866666666666667,0.8933333333333333,0.9778543160044872,0.9654178674351584,0.9947552447552448,0.944044289044289,0.9409600320127223,335,40,3,3,347,12
baseline3,10,FA_le_5,0.8850929456953477,0.9866666666666667,0.9333333333333333,4.889271580022436,0.9308510638297872,0.9772727272727273,0.9553030303030303,0.9614811323075967,350,25,13,15,376,26
baseline3,10,FA_le_10,0.8621999918050488,0.9866666666666667,0.9386666666666666,6.844980212031411,0.9166666666666666,0.9702797202797203,0.9544731934731935,0.963321993335863,352,23,17,21,384,32
baseline3,10,FA_le_20,0.7352880730771258,0.9866666666666667,0.968,17.275426249412607,0.8402777777777778,0.9248251748251748,0.9464125874125874,0.9743671595054604,363,12,43,53,432,69
baseline3,10,sens_ge95,0.7742031648776018,0.9866666666666667,0.952,12.712106108058334,0.8707317073170732,0.9423076923076923,0.9471538461538461,0.9685946389050406,357,18,33,39,410,53
baseline3,10,sens_ge97,0.6101532700558683,0.9866666666666667,0.9706666666666667,24.772309338780346,0.7913043478260869,0.8986013986013986,0.9346340326340327,0.9737086453775157,364,11,58,76,460,96
baseline3,10,sens_gt98,0.07561141384223115,0.9866666666666667,0.9813333333333333,143.0926815753233,0.4043956043956044,0.541958041958042,0.7616456876456876,0.9288351487257719,368,7,262,439,910,542
baseline3,10,BA_reference,0.8850929456953477,0.9866666666666667,0.9333333333333333,4.889271580022436,0.9308510638297872,0.9772727272727273,0.9553030303030303,0.9614811323075967,350,25,13,15,376,26
plus_gaC8,10,FA_le_1,0.9376350019236206,0.9866666666666667,0.9066666666666666,0.9778543160044872,0.9714285714285714,0.9947552447552448,0.9507109557109557,0.9448460423754165,340,35,3,3,350,10
plus_gaC8,10,FA_le_5,0.8824182384762376,0.9866666666666667,0.9386666666666666,3.585465825349787,0.9411764705882353,0.9807692307692307,0.9597179487179487,0.9631513753685931,352,23,11,11,374,22
plus_gaC8,10,FA_le_10,0.8358702771071981,0.9866666666666667,0.9493333333333334,8.474737405372224,0.9035532994923858,0.9597902097902098,0.9545617715617716,0.9677535279392587,356,19,23,26,394,38
plus_gaC8,10,FA_le_20,0.7302528334217534,0.9866666666666667,0.968,15.645669056071796,0.8481308411214953,0.9335664335664335,0.9507832167832168,0.9748670345367025,363,12,38,48,428,65
plus_gaC8,10,sens_ge95,0.7986678265702826,0.9866666666666667,0.952,10.430446037381198,0.8902743142144638,0.9527972027972028,0.9523986013986014,0.9682990521799602,357,18,27,32,401,44
plus_gaC8,10,sens_ge97,0.6065080371128537,0.9866666666666667,0.9706666666666667,24.446357900112183,0.7947598253275109,0.8951048951048951,0.9328857808857809,0.9725382773477615,364,11,60,75,458,94
plus_gaC8,10,sens_gt98,0.11856951283549323,0.9866666666666667,0.9813333333333333,106.91207188315728,0.47854356306892065,0.6363636363636364,0.8088484848484848,0.9450354380316838,368,7,208,328,769,401
plus_gaC8,10,BA_reference,0.9081690993238486,0.9866666666666667,0.936,1.6297571933408121,0.9590163934426229,0.9912587412587412,0.9636293706293706,0.9627308198857021,351,24,5,5,366,15
plus_settling,10,FA_le_1,0.9510126311275916,0.9866666666666667,0.8906666666666667,0.9778543160044872,0.9653179190751445,0.9947552447552448,0.9427109557109558,0.9396646952251575,334,41,3,3,346,12
plus_settling,10,FA_le_5,0.8746439848970624,0.9866666666666667,0.936,4.889271580022436,0.9310344827586207,0.9737762237762237,0.9548881118881118,0.9627764690951615,351,24,15,15,377,26
plus_settling,10,FA_le_10,0.83952118718514,0.9866666666666667,0.944,7.496883089367736,0.910025706940874,0.965034965034965,0.9545174825174825,0.9669580661829361,354,21,20,23,389,35
plus_settling,10,FA_le_20,0.6712421913768244,0.9866666666666667,0.9706666666666667,19.883037758757908,0.8253968253968254,0.9090909090909091,0.9398787878787879,0.9746627462305408,364,11,52,61,441,77
plus_settling,10,sens_ge95,0.7773994034297084,0.9866666666666667,0.952,11.082348914717523,0.8814814814814815,0.9458041958041958,0.9489020979020979,0.9692194826940934,357,18,31,34,405,48
plus_settling,10,sens_ge97,0.6712421913768244,0.9866666666666667,0.9706666666666667,19.883037758757908,0.8253968253968254,0.9090909090909091,0.9398787878787879,0.9746627462305408,364,11,52,61,441,77
plus_settling,10,sens_gt98,0.10064557756245822,0.9866666666666667,0.9813333333333333,116.36466360453399,0.456575682382134,0.6048951048951049,0.7931142191142191,0.9404115939926936,368,7,226,357,806,438
plus_settling,10,BA_reference,0.8638337885788313,0.9866666666666667,0.9413333333333334,5.541174457358761,0.926509186351706,0.972027972027972,0.9566806526806526,0.9651172051546699,353,22,16,17,381,28
plus_energy_ratio,10,FA_le_1,0.9517501049022044,0.9866666666666667,0.904,0.9778543160044872,0.9658119658119658,0.9947552447552448,0.9493776223776225,0.9461413791629812,339,36,3,3,351,12
plus_energy_ratio,10,FA_le_5,0.8921797480207683,0.9866666666666667,0.936,4.889271580022436,0.9335106382978723,0.9755244755244755,0.9557622377622378,0.9614811323075967,351,24,14,15,376,25
plus_energy_ratio,10,FA_le_10,0.8434632285150236,0.9866666666666667,0.944,8.474737405372224,0.9030612244897959,0.958041958041958,0.9510209790209789,0.9665831599095045,354,21,24,26,392,38
plus_energy_ratio,10,FA_le_20,0.5950504864729531,0.9866666666666667,0.976,19.883037758757908,0.8151447661469933,0.9090909090909091,0.9425454545454546,0.9793442183495578,366,9,52,61,449,83
plus_energy_ratio,10,sens_ge95,0.8041978883128372,0.9866666666666667,0.9546666666666667,10.75639747604936,0.8861386138613861,0.9475524475524476,0.9511095571095571,0.9707647569972793,358,17,30,33,404,46
plus_energy_ratio,10,sens_ge97,0.6331004432951031,0.9866666666666667,0.9706666666666667,17.275426249412607,0.8329519450800915,0.9195804195804196,0.9451235431235432,0.9780032323525336,364,11,46,53,437,73
plus_energy_ratio,10,sens_gt98,0.08054031770308723,0.9866666666666667,0.9813333333333333,122.88369237789723,0.43601895734597157,0.583916083916084,0.7826247086247087,0.9370830867412681,368,7,238,377,844,476
plus_energy_ratio,10,BA_reference,0.91068858300423,0.9866666666666667,0.9333333333333333,3.2595143866816243,0.9459459459459459,0.9825174825174825,0.9579254079254079,0.9608106393090846,350,25,10,10,370,20
plus_orientation_change,10,FA_le_1,0.9444658763919364,0.9866666666666667,0.9253333333333333,0.9778543160044872,0.9747191011235955,0.9947552447552448,0.9600442890442891,0.9526180631008051,347,28,3,3,356,9
plus_orientation_change,10,FA_le_5,0.8798863899151994,0.9866666666666667,0.9466666666666667,4.237368702686112,0.9391534391534392,0.9807692307692307,0.9637179487179487,0.9669124169734769,355,20,11,13,378,23
plus_orientation_change,10,FA_le_10,0.8555999844997682,0.9866666666666667,0.9573333333333334,8.148785966704061,0.9111675126903553,0.9597902097902098,0.9585617715617716,0.9705941390300094,359,16,23,25,394,35
plus_orientation_change,10,FA_le_20,0.7496080953546488,0.9866666666666667,0.9653333333333334,16.623523372076285,0.851764705882353,0.9283216783216783,0.9468275058275059,0.9724013297193836,362,13,41,51,425,63
plus_orientation_change,10,sens_ge95,0.8686359040248932,0.9866666666666667,0.952,5.541174457358761,0.9296875,0.9737762237762237,0.9628881118881119,0.9690032155173642,357,18,15,17,384,27
plus_orientation_change,10,sens_ge97,0.5797356373083153,0.9866666666666667,0.9706666666666667,28.683726602798295,0.7761194029850746,0.8863636363636364,0.9285151515151515,0.9711636210118455,364,11,65,88,469,105
plus_orientation_change,10,sens_gt98,0.06045073714294267,0.9866666666666667,0.9813333333333333,174.05806824879875,0.3647175421209118,0.4388111888111888,0.7100722610722611,0.9164632417025278,368,7,321,534,1009,641
plus_orientation_change,10,BA_reference,0.8798863899151994,0.9866666666666667,0.9466666666666667,4.237368702686112,0.9391534391534392,0.9807692307692307,0.9637179487179487,0.9669124169734769,355,20,11,13,378,23
all7,10,FA_le_1,0.9478196726274442,0.9866666666666667,0.9253333333333333,0.6519028773363249,0.9747191011235955,0.9965034965034965,0.9609184149184149,0.9540383686461804,347,28,2,2,356,9
all7,10,FA_le_5,0.8923666791775262,0.9866666666666667,0.9466666666666667,2.9335629480134617,0.9517426273458445,0.9842657342657343,0.9654662004662005,0.9661169552171542,355,20,9,9,373,18
all7,10,FA_le_10,0.8191133355428278,0.9866666666666667,0.9626666666666667,9.778543160044872,0.8980099502487562,0.951048951048951,0.9568578088578088,0.9738553056036509,361,14,28,30,402,41
all7,10,FA_le_20,0.6484529982312165,0.9866666666666667,0.9706666666666667,17.927329126748933,0.8367816091954023,0.9178321678321678,0.9442494172494172,0.9754125587774041,364,11,47,55,435,71
all7,10,sens_ge95,0.8747542880841223,0.9866666666666667,0.952,5.8671258960269235,0.9296875,0.9702797202797203,0.9611398601398602,0.9675829099719888,357,18,17,18,384,27
all7,10,sens_ge97,0.6484529982312165,0.9866666666666667,0.9706666666666667,17.927329126748933,0.8367816091954023,0.9178321678321678,0.9442494172494172,0.9754125587774041,364,11,47,55,435,71
all7,10,sens_gt98,0.12509829681362755,0.9866666666666667,0.9813333333333333,90.94045138841732,0.519774011299435,0.6468531468531469,0.8140932400932401,0.9526585322581271,368,7,202,279,708,340
all7,10,BA_reference,0.8923666791775262,0.9866666666666667,0.9466666666666667,2.9335629480134617,0.9517426273458445,0.9842657342657343,0.9654662004662005,0.9661169552171542,355,20,9,9,373,18
