feature_set,operating_point,activity,sensitivity,sensitivity_delta_pp,FA_per_hour,FA_per_hour_delta,no_matched_candidate,matched_candidates_rejected
frozen_baseline3,FA_le_1,D06,,,0.0,0.0,0.0,0.0
frozen_baseline3,FA_le_1,D18,,,0.0,0.0,0.0,0.0
frozen_baseline3,FA_le_1,D19,,,36.0,0.0,0.0,0.0
frozen_baseline3,FA_le_1,F13,0.72,0.0,,,0.0,7.0
frozen_baseline3,FA_le_1,F14,0.96,0.0,,,0.0,1.0
frozen_baseline3,FA_le_1,F15,0.88,0.0,,,0.0,3.0
frozen_baseline3,FA_le_5,D06,,,5.760276493271677,0.0,0.0,0.0
frozen_baseline3,FA_le_5,D18,,,24.001200060002997,0.0,0.0,0.0
frozen_baseline3,FA_le_5,D19,,,84.0,0.0,0.0,0.0
frozen_baseline3,FA_le_5,F13,0.8,0.0,,,0.0,5.0
frozen_baseline3,FA_le_5,F14,1.0,0.0,,,0.0,0.0
frozen_baseline3,FA_le_5,F15,0.92,0.0,,,0.0,2.0
frozen_baseline3,FA_le_10,D06,,,5.760276493271677,0.0,0.0,0.0
frozen_baseline3,FA_le_10,D18,,,48.002400120005994,0.0,0.0,0.0
frozen_baseline3,FA_le_10,D19,,,96.0,0.0,0.0,0.0
frozen_baseline3,FA_le_10,F13,0.84,0.0,,,0.0,4.0
frozen_baseline3,FA_le_10,F14,1.0,0.0,,,0.0,0.0
frozen_baseline3,FA_le_10,F15,0.92,0.0,,,0.0,2.0
frozen_baseline3,FA_le_20,D06,,,23.041105973086708,0.0,0.0,0.0
frozen_baseline3,FA_le_20,D18,,,72.00360018000899,0.0,0.0,0.0
frozen_baseline3,FA_le_20,D19,,,132.0,0.0,0.0,0.0
frozen_baseline3,FA_le_20,F13,1.0,0.0,,,0.0,0.0
frozen_baseline3,FA_le_20,F14,1.0,0.0,,,0.0,0.0
frozen_baseline3,FA_le_20,F15,0.96,0.0,,,0.0,1.0
frozen_baseline3,sens_ge95,D06,,,23.041105973086708,0.0,0.0,0.0
frozen_baseline3,sens_ge95,D18,,,60.003000150007495,0.0,0.0,0.0
frozen_baseline3,sens_ge95,D19,,,120.0,0.0,0.0,0.0
frozen_baseline3,sens_ge95,F13,0.96,0.0,,,0.0,1.0
frozen_baseline3,sens_ge95,F14,1.0,0.0,,,0.0,0.0
frozen_baseline3,sens_ge95,F15,0.96,0.0,,,0.0,1.0
frozen_baseline3,sens_ge97,D06,,,28.801382466358387,0.0,0.0,0.0
frozen_baseline3,sens_ge97,D18,,,96.00480024001199,0.0,0.0,0.0
frozen_baseline3,sens_ge97,D19,,,156.0,0.0,0.0,0.0
frozen_baseline3,sens_ge97,F13,1.0,0.0,,,0.0,0.0
frozen_baseline3,sens_ge97,F14,1.0,0.0,,,0.0,0.0
frozen_baseline3,sens_ge97,F15,0.96,0.0,,,0.0,1.0
frozen_baseline3,sens_gt98,D06,,,155.5274653183353,0.0,0.0,0.0
frozen_baseline3,sens_gt98,D18,,,324.01620081004046,0.0,0.0,0.0
frozen_baseline3,sens_gt98,D19,,,372.0,0.0,0.0,0.0
frozen_baseline3,sens_gt98,F13,1.0,0.0,,,0.0,0.0
frozen_baseline3,sens_gt98,F14,1.0,0.0,,,0.0,0.0
frozen_baseline3,sens_gt98,F15,1.0,0.0,,,0.0,0.0
frozen_baseline3,BA_reference,D06,,,5.760276493271677,0.0,0.0,0.0
frozen_baseline3,BA_reference,D18,,,24.001200060002997,0.0,0.0,0.0
frozen_baseline3,BA_reference,D19,,,84.0,0.0,0.0,0.0
frozen_baseline3,BA_reference,F13,0.8,0.0,,,0.0,5.0
frozen_baseline3,BA_reference,F14,1.0,0.0,,,0.0,0.0
frozen_baseline3,BA_reference,F15,0.92,0.0,,,0.0,2.0
baseline3,FA_le_1,D06,,,0.0,0.0,0.0,0.0
baseline3,FA_le_1,D18,,,0.0,0.0,0.0,0.0
baseline3,FA_le_1,D19,,,36.0,0.0,0.0,0.0
baseline3,FA_le_1,F13,0.72,0.0,,,0.0,7.0
baseline3,FA_le_1,F14,0.96,0.0,,,0.0,1.0
baseline3,FA_le_1,F15,0.88,0.0,,,0.0,3.0
baseline3,FA_le_5,D06,,,5.760276493271677,0.0,0.0,0.0
baseline3,FA_le_5,D18,,,24.001200060002997,0.0,0.0,0.0
baseline3,FA_le_5,D19,,,84.0,0.0,0.0,0.0
baseline3,FA_le_5,F13,0.8,0.0,,,0.0,5.0
baseline3,FA_le_5,F14,1.0,0.0,,,0.0,0.0
baseline3,FA_le_5,F15,0.92,0.0,,,0.0,2.0
baseline3,FA_le_10,D06,,,5.760276493271677,0.0,0.0,0.0
baseline3,FA_le_10,D18,,,48.002400120005994,0.0,0.0,0.0
baseline3,FA_le_10,D19,,,96.0,0.0,0.0,0.0
baseline3,FA_le_10,F13,0.84,0.0,,,0.0,4.0
baseline3,FA_le_10,F14,1.0,0.0,,,0.0,0.0
baseline3,FA_le_10,F15,0.92,0.0,,,0.0,2.0
baseline3,FA_le_20,D06,,,23.041105973086708,0.0,0.0,0.0
baseline3,FA_le_20,D18,,,72.00360018000899,0.0,0.0,0.0
baseline3,FA_le_20,D19,,,132.0,0.0,0.0,0.0
baseline3,FA_le_20,F13,1.0,0.0,,,0.0,0.0
baseline3,FA_le_20,F14,1.0,0.0,,,0.0,0.0
baseline3,FA_le_20,F15,0.96,0.0,,,0.0,1.0
baseline3,sens_ge95,D06,,,23.041105973086708,0.0,0.0,0.0
baseline3,sens_ge95,D18,,,60.003000150007495,0.0,0.0,0.0
baseline3,sens_ge95,D19,,,120.0,0.0,0.0,0.0
baseline3,sens_ge95,F13,0.96,0.0,,,0.0,1.0
baseline3,sens_ge95,F14,1.0,0.0,,,0.0,0.0
baseline3,sens_ge95,F15,0.96,0.0,,,0.0,1.0
baseline3,sens_ge97,D06,,,28.801382466358387,0.0,0.0,0.0
baseline3,sens_ge97,D18,,,96.00480024001199,0.0,0.0,0.0
baseline3,sens_ge97,D19,,,156.0,0.0,0.0,0.0
baseline3,sens_ge97,F13,1.0,0.0,,,0.0,0.0
baseline3,sens_ge97,F14,1.0,0.0,,,0.0,0.0
baseline3,sens_ge97,F15,0.96,0.0,,,0.0,1.0
baseline3,sens_gt98,D06,,,155.5274653183353,0.0,0.0,0.0
baseline3,sens_gt98,D18,,,324.01620081004046,0.0,0.0,0.0
baseline3,sens_gt98,D19,,,372.0,0.0,0.0,0.0
baseline3,sens_gt98,F13,1.0,0.0,,,0.0,0.0
baseline3,sens_gt98,F14,1.0,0.0,,,0.0,0.0
baseline3,sens_gt98,F15,1.0,0.0,,,0.0,0.0
baseline3,BA_reference,D06,,,5.760276493271677,0.0,0.0,0.0
baseline3,BA_reference,D18,,,24.001200060002997,0.0,0.0,0.0
baseline3,BA_reference,D19,,,84.0,0.0,0.0,0.0
baseline3,BA_reference,F13,0.8,0.0,,,0.0,5.0
baseline3,BA_reference,F14,1.0,0.0,,,0.0,0.0
baseline3,BA_reference,F15,0.92,0.0,,,0.0,2.0
plus_gaC8,FA_le_1,D06,,,5.760276493271677,5.760276493271677,0.0,0.0
plus_gaC8,FA_le_1,D18,,,0.0,0.0,0.0,0.0
plus_gaC8,FA_le_1,D19,,,24.0,-12.0,0.0,0.0
plus_gaC8,FA_le_1,F13,0.8,8.000000000000007,,,0.0,5.0
plus_gaC8,FA_le_1,F14,0.96,0.0,,,0.0,1.0
plus_gaC8,FA_le_1,F15,0.92,4.0000000000000036,,,0.0,2.0
plus_gaC8,FA_le_5,D06,,,5.760276493271677,0.0,0.0,0.0
plus_gaC8,FA_le_5,D18,,,12.000600030001499,-12.000600030001499,0.0,0.0
plus_gaC8,FA_le_5,D19,,,48.0,-36.0,0.0,0.0
plus_gaC8,FA_le_5,F13,0.88,7.9999999999999964,,,0.0,3.0
plus_gaC8,FA_le_5,F14,1.0,0.0,,,0.0,0.0
plus_gaC8,FA_le_5,F15,0.92,0.0,,,0.0,2.0
plus_gaC8,FA_le_10,D06,,,17.280829479815033,11.520552986543356,0.0,0.0
plus_gaC8,FA_le_10,D18,,,48.002400120005994,0.0,0.0,0.0
plus_gaC8,FA_le_10,D19,,,84.0,-12.0,0.0,0.0
plus_gaC8,FA_le_10,F13,0.96,12.0,,,0.0,1.0
plus_gaC8,FA_le_10,F14,1.0,0.0,,,0.0,0.0
plus_gaC8,FA_le_10,F15,0.96,3.9999999999999925,,,0.0,1.0
plus_gaC8,FA_le_20,D06,,,23.041105973086708,0.0,0.0,0.0
plus_gaC8,FA_le_20,D18,,,60.003000150007495,-12.000600030001493,0.0,0.0
plus_gaC8,FA_le_20,D19,,,108.0,-24.0,0.0,0.0
plus_gaC8,FA_le_20,F13,1.0,0.0,,,0.0,0.0
plus_gaC8,FA_le_20,F14,1.0,0.0,,,0.0,0.0
plus_gaC8,FA_le_20,F15,0.96,0.0,,,0.0,1.0
plus_gaC8,sens_ge95,D06,,,17.280829479815033,-5.760276493271675,0.0,0.0
plus_gaC8,sens_ge95,D18,,,60.003000150007495,0.0,0.0,0.0
plus_gaC8,sens_ge95,D19,,,84.0,-36.0,0.0,0.0
plus_gaC8,sens_ge95,F13,0.96,0.0,,,0.0,1.0
plus_gaC8,sens_ge95,F14,1.0,0.0,,,0.0,0.0
plus_gaC8,sens_ge95,F15,0.96,0.0,,,0.0,1.0
plus_gaC8,sens_ge97,D06,,,28.801382466358387,0.0,0.0,0.0
plus_gaC8,sens_ge97,D18,,,96.00480024001199,0.0,0.0,0.0
plus_gaC8,sens_ge97,D19,,,132.0,-24.0,0.0,0.0
plus_gaC8,sens_ge97,F13,1.0,0.0,,,0.0,0.0
plus_gaC8,sens_ge97,F14,1.0,0.0,,,0.0,0.0
plus_gaC8,sens_ge97,F15,0.96,0.0,,,0.0,1.0
plus_gaC8,sens_gt98,D06,,,103.6849768788902,-51.84248843944509,0.0,0.0
plus_gaC8,sens_gt98,D18,,,264.01320066003296,-60.003000150007495,0.0,0.0
plus_gaC8,sens_gt98,D19,,,324.0,-48.0,0.0,0.0
plus_gaC8,sens_gt98,F13,1.0,0.0,,,0.0,0.0
plus_gaC8,sens_gt98,F14,1.0,0.0,,,0.0,0.0
plus_gaC8,sens_gt98,F15,1.0,0.0,,,0.0,0.0
plus_gaC8,BA_reference,D06,,,5.760276493271677,0.0,0.0,0.0
plus_gaC8,BA_reference,D18,,,0.0,-24.001200060002997,0.0,0.0
plus_gaC8,BA_reference,D19,,,24.0,-60.0,0.0,0.0
plus_gaC8,BA_reference,F13,0.84,3.9999999999999925,,,0.0,4.0
plus_gaC8,BA_reference,F14,1.0,0.0,,,0.0,0.0
plus_gaC8,BA_reference,F15,0.92,0.0,,,0.0,2.0
plus_settling,FA_le_1,D06,,,5.760276493271677,5.760276493271677,0.0,0.0
plus_settling,FA_le_1,D18,,,24.001200060002997,24.001200060002997,0.0,0.0
plus_settling,FA_le_1,D19,,,0.0,-36.0,0.0,0.0
plus_settling,FA_le_1,F13,0.72,0.0,,,0.0,7.0
plus_settling,FA_le_1,F14,1.0,4.0000000000000036,,,0.0,0.0
plus_settling,FA_le_1,F15,0.92,4.0000000000000036,,,0.0,2.0
plus_settling,FA_le_5,D06,,,11.520552986543354,5.760276493271677,0.0,0.0
plus_settling,FA_le_5,D18,,,48.002400120005994,24.001200060002997,0.0,0.0
plus_settling,FA_le_5,D19,,,24.0,-60.0,0.0,0.0
plus_settling,FA_le_5,F13,0.84,3.9999999999999925,,,0.0,4.0
plus_settling,FA_le_5,F14,1.0,0.0,,,0.0,0.0
plus_settling,FA_le_5,F15,0.96,3.9999999999999925,,,0.0,1.0
plus_settling,FA_le_10,D06,,,11.520552986543354,5.760276493271677,0.0,0.0
plus_settling,FA_le_10,D18,,,84.0042002100105,36.0018000900045,0.0,0.0
plus_settling,FA_le_10,D19,,,36.0,-60.0,0.0,0.0
plus_settling,FA_le_10,F13,0.84,0.0,,,0.0,4.0
plus_settling,FA_le_10,F14,1.0,0.0,,,0.0,0.0
plus_settling,FA_le_10,F15,0.96,3.9999999999999925,,,0.0,1.0
plus_settling,FA_le_20,D06,,,28.801382466358387,5.760276493271679,0.0,0.0
plus_settling,FA_le_20,D18,,,96.00480024001199,24.001200060003,0.0,0.0
plus_settling,FA_le_20,D19,,,108.0,-24.0,0.0,0.0
plus_settling,FA_le_20,F13,1.0,0.0,,,0.0,0.0
plus_settling,FA_le_20,F14,1.0,0.0,,,0.0,0.0
plus_settling,FA_le_20,F15,1.0,4.0000000000000036,,,0.0,0.0
plus_settling,sens_ge95,D06,,,11.520552986543354,-11.520552986543354,0.0,0.0
plus_settling,sens_ge95,D18,,,84.0042002100105,24.001200060003,0.0,0.0
plus_settling,sens_ge95,D19,,,60.0,-60.0,0.0,0.0
plus_settling,sens_ge95,F13,0.96,0.0,,,0.0,1.0
plus_settling,sens_ge95,F14,1.0,0.0,,,0.0,0.0
plus_settling,sens_ge95,F15,0.96,0.0,,,0.0,1.0
plus_settling,sens_ge97,D06,,,28.801382466358387,0.0,0.0,0.0
plus_settling,sens_ge97,D18,,,96.00480024001199,0.0,0.0,0.0
plus_settling,sens_ge97,D19,,,108.0,-48.0,0.0,0.0
plus_settling,sens_ge97,F13,1.0,0.0,,,0.0,0.0
plus_settling,sens_ge97,F14,1.0,0.0,,,0.0,0.0
plus_settling,sens_ge97,F15,1.0,4.0000000000000036,,,0.0,0.0
plus_settling,sens_gt98,D06,,,132.4863593452486,-23.0411059730867,0.0,0.0
plus_settling,sens_gt98,D18,,,312.01560078003894,-12.000600030001522,0.0,0.0
plus_settling,sens_gt98,D19,,,276.0,-96.0,0.0,0.0
plus_settling,sens_gt98,F13,1.0,0.0,,,0.0,0.0
plus_settling,sens_gt98,F14,1.0,0.0,,,0.0,0.0
plus_settling,sens_gt98,F15,1.0,0.0,,,0.0,0.0
plus_settling,BA_reference,D06,,,11.520552986543354,5.760276493271677,0.0,0.0
plus_settling,BA_reference,D18,,,48.002400120005994,24.001200060002997,0.0,0.0
plus_settling,BA_reference,D19,,,36.0,-48.0,0.0,0.0
plus_settling,BA_reference,F13,0.84,3.9999999999999925,,,0.0,4.0
plus_settling,BA_reference,F14,1.0,0.0,,,0.0,0.0
plus_settling,BA_reference,F15,0.96,3.9999999999999925,,,0.0,1.0
plus_energy_ratio,FA_le_1,D06,,,0.0,0.0,0.0,0.0
plus_energy_ratio,FA_le_1,D18,,,12.000600030001499,12.000600030001499,0.0,0.0
plus_energy_ratio,FA_le_1,D19,,,24.0,-12.0,0.0,0.0
plus_energy_ratio,FA_le_1,F13,0.72,0.0,,,0.0,7.0
plus_energy_ratio,FA_le_1,F14,1.0,4.0000000000000036,,,0.0,0.0
plus_energy_ratio,FA_le_1,F15,0.88,0.0,,,0.0,3.0
plus_energy_ratio,FA_le_5,D06,,,5.760276493271677,0.0,0.0,0.0
plus_energy_ratio,FA_le_5,D18,,,48.002400120005994,24.001200060002997,0.0,0.0
plus_energy_ratio,FA_le_5,D19,,,48.0,-36.0,0.0,0.0
plus_energy_ratio,FA_le_5,F13,0.84,3.9999999999999925,,,0.0,4.0
plus_energy_ratio,FA_le_5,F14,1.0,0.0,,,0.0,0.0
plus_energy_ratio,FA_le_5,F15,0.92,0.0,,,0.0,2.0
plus_energy_ratio,FA_le_10,D06,,,11.520552986543354,5.760276493271677,0.0,0.0
plus_energy_ratio,FA_le_10,D18,,,60.003000150007495,12.0006000300015,0.0,0.0
plus_energy_ratio,FA_le_10,D19,,,72.0,-24.0,0.0,0.0
plus_energy_ratio,FA_le_10,F13,0.88,4.0000000000000036,,,0.0,3.0
plus_energy_ratio,FA_le_10,F14,1.0,0.0,,,0.0,0.0
plus_energy_ratio,FA_le_10,F15,0.96,3.9999999999999925,,,0.0,1.0
plus_energy_ratio,FA_le_20,D06,,,23.041105973086708,0.0,0.0,0.0
plus_energy_ratio,FA_le_20,D18,,,96.00480024001199,24.001200060003,0.0,0.0
plus_energy_ratio,FA_le_20,D19,,,144.0,12.0,0.0,0.0
plus_energy_ratio,FA_le_20,F13,1.0,0.0,,,0.0,0.0
plus_energy_ratio,FA_le_20,F14,1.0,0.0,,,0.0,0.0
plus_energy_ratio,FA_le_20,F15,1.0,4.0000000000000036,,,0.0,0.0
plus_energy_ratio,sens_ge95,D06,,,17.280829479815033,-5.760276493271675,0.0,0.0
plus_energy_ratio,sens_ge95,D18,,,72.00360018000899,12.000600030001493,0.0,0.0
plus_energy_ratio,sens_ge95,D19,,,96.0,-24.0,0.0,0.0
plus_energy_ratio,sens_ge95,F13,0.96,0.0,,,0.0,1.0
plus_energy_ratio,sens_ge95,F14,1.0,0.0,,,0.0,0.0
plus_energy_ratio,sens_ge95,F15,0.96,0.0,,,0.0,1.0
plus_energy_ratio,sens_ge97,D06,,,23.041105973086708,-5.760276493271679,0.0,0.0
plus_energy_ratio,sens_ge97,D18,,,96.00480024001199,0.0,0.0,0.0
plus_energy_ratio,sens_ge97,D19,,,120.0,-36.0,0.0,0.0
plus_energy_ratio,sens_ge97,F13,1.0,0.0,,,0.0,0.0
plus_energy_ratio,sens_ge97,F14,1.0,0.0,,,0.0,0.0
plus_energy_ratio,sens_ge97,F15,0.96,0.0,,,0.0,1.0
plus_energy_ratio,sens_gt98,D06,,,149.7671888250636,-5.760276493271675,0.0,0.0
plus_energy_ratio,sens_gt98,D18,,,312.01560078003894,-12.000600030001522,0.0,0.0
plus_energy_ratio,sens_gt98,D19,,,288.0,-84.0,0.0,0.0
plus_energy_ratio,sens_gt98,F13,1.0,0.0,,,0.0,0.0
plus_energy_ratio,sens_gt98,F14,1.0,0.0,,,0.0,0.0
plus_energy_ratio,sens_gt98,F15,1.0,0.0,,,0.0,0.0
plus_energy_ratio,BA_reference,D06,,,5.760276493271677,0.0,0.0,0.0
plus_energy_ratio,BA_reference,D18,,,24.001200060002997,0.0,0.0,0.0
plus_energy_ratio,BA_reference,D19,,,36.0,-48.0,0.0,0.0
plus_energy_ratio,BA_reference,F13,0.8,0.0,,,0.0,5.0
plus_energy_ratio,BA_reference,F14,1.0,0.0,,,0.0,0.0
plus_energy_ratio,BA_reference,F15,0.92,0.0,,,0.0,2.0
plus_orientation_change,FA_le_1,D06,,,0.0,0.0,0.0,0.0
plus_orientation_change,FA_le_1,D18,,,0.0,0.0,0.0,0.0
plus_orientation_change,FA_le_1,D19,,,12.0,-24.0,0.0,0.0
plus_orientation_change,FA_le_1,F13,0.92,20.000000000000007,,,0.0,2.0
plus_orientation_change,FA_le_1,F14,1.0,4.0000000000000036,,,0.0,0.0
plus_orientation_change,FA_le_1,F15,0.92,4.0000000000000036,,,0.0,2.0
plus_orientation_change,FA_le_5,D06,,,0.0,-5.760276493271677,0.0,0.0
plus_orientation_change,FA_le_5,D18,,,0.0,-24.001200060002997,0.0,0.0
plus_orientation_change,FA_le_5,D19,,,72.0,-12.0,0.0,0.0
plus_orientation_change,FA_le_5,F13,0.96,15.999999999999993,,,0.0,1.0
plus_orientation_change,FA_le_5,F14,1.0,0.0,,,0.0,0.0
plus_orientation_change,FA_le_5,F15,0.96,3.9999999999999925,,,0.0,1.0
plus_orientation_change,FA_le_10,D06,,,5.760276493271677,0.0,0.0,0.0
plus_orientation_change,FA_le_10,D18,,,0.0,-48.002400120005994,0.0,0.0
plus_orientation_change,FA_le_10,D19,,,84.0,-12.0,0.0,0.0
plus_orientation_change,FA_le_10,F13,1.0,16.000000000000004,,,0.0,0.0
plus_orientation_change,FA_le_10,F14,1.0,0.0,,,0.0,0.0
plus_orientation_change,FA_le_10,F15,1.0,7.9999999999999964,,,0.0,0.0
plus_orientation_change,FA_le_20,D06,,,17.280829479815033,-5.760276493271675,0.0,0.0
plus_orientation_change,FA_le_20,D18,,,48.002400120005994,-24.001200060002994,0.0,0.0
plus_orientation_change,FA_le_20,D19,,,108.0,-24.0,0.0,0.0
plus_orientation_change,FA_le_20,F13,1.0,0.0,,,0.0,0.0
plus_orientation_change,FA_le_20,F14,1.0,0.0,,,0.0,0.0
plus_orientation_change,FA_le_20,F15,1.0,4.0000000000000036,,,0.0,0.0
plus_orientation_change,sens_ge95,D06,,,5.760276493271677,-17.280829479815033,0.0,0.0
plus_orientation_change,sens_ge95,D18,,,0.0,-60.003000150007495,0.0,0.0
plus_orientation_change,sens_ge95,D19,,,84.0,-36.0,0.0,0.0
plus_orientation_change,sens_ge95,F13,1.0,4.0000000000000036,,,0.0,0.0
plus_orientation_change,sens_ge95,F14,1.0,0.0,,,0.0,0.0
plus_orientation_change,sens_ge95,F15,1.0,4.0000000000000036,,,0.0,0.0
plus_orientation_change,sens_ge97,D06,,,28.801382466358387,0.0,0.0,0.0
plus_orientation_change,sens_ge97,D18,,,120.00600030001499,24.001200060003,0.0,0.0
plus_orientation_change,sens_ge97,D19,,,180.0,24.0,0.0,0.0
plus_orientation_change,sens_ge97,F13,1.0,0.0,,,0.0,0.0
plus_orientation_change,sens_ge97,F14,1.0,0.0,,,0.0,0.0
plus_orientation_change,sens_ge97,F15,1.0,4.0000000000000036,,,0.0,0.0
plus_orientation_change,sens_gt98,D06,,,161.28774181160696,5.760276493271675,0.0,0.0
plus_orientation_change,sens_gt98,D18,,,324.01620081004046,0.0,0.0,0.0
plus_orientation_change,sens_gt98,D19,,,396.0,24.0,0.0,0.0
plus_orientation_change,sens_gt98,F13,1.0,0.0,,,0.0,0.0
plus_orientation_change,sens_gt98,F14,1.0,0.0,,,0.0,0.0
plus_orientation_change,sens_gt98,F15,1.0,0.0,,,0.0,0.0
plus_orientation_change,BA_reference,D06,,,0.0,-5.760276493271677,0.0,0.0
plus_orientation_change,BA_reference,D18,,,0.0,-24.001200060002997,0.0,0.0
plus_orientation_change,BA_reference,D19,,,72.0,-12.0,0.0,0.0
plus_orientation_change,BA_reference,F13,0.96,15.999999999999993,,,0.0,1.0
plus_orientation_change,BA_reference,F14,1.0,0.0,,,0.0,0.0
plus_orientation_change,BA_reference,F15,0.96,3.9999999999999925,,,0.0,1.0
all7,FA_le_1,D06,,,0.0,0.0,0.0,0.0
all7,FA_le_1,D18,,,0.0,0.0,0.0,0.0
all7,FA_le_1,D19,,,0.0,-36.0,0.0,0.0
all7,FA_le_1,F13,0.92,20.000000000000007,,,0.0,2.0
all7,FA_le_1,F14,1.0,4.0000000000000036,,,0.0,0.0
all7,FA_le_1,F15,0.96,7.9999999999999964,,,0.0,1.0
all7,FA_le_5,D06,,,5.760276493271677,0.0,0.0,0.0
all7,FA_le_5,D18,,,24.001200060002997,0.0,0.0,0.0
all7,FA_le_5,D19,,,24.0,-60.0,0.0,0.0
all7,FA_le_5,F13,0.96,15.999999999999993,,,0.0,1.0
all7,FA_le_5,F14,1.0,0.0,,,0.0,0.0
all7,FA_le_5,F15,1.0,7.9999999999999964,,,0.0,0.0
all7,FA_le_10,D06,,,5.760276493271677,0.0,0.0,0.0
all7,FA_le_10,D18,,,36.001800090004494,-12.0006000300015,0.0,0.0
all7,FA_le_10,D19,,,24.0,-72.0,0.0,0.0
all7,FA_le_10,F13,1.0,16.000000000000004,,,0.0,0.0
all7,FA_le_10,F14,1.0,0.0,,,0.0,0.0
all7,FA_le_10,F15,1.0,7.9999999999999964,,,0.0,0.0
all7,FA_le_20,D06,,,17.280829479815033,-5.760276493271675,0.0,0.0
all7,FA_le_20,D18,,,84.0042002100105,12.000600030001507,0.0,0.0
all7,FA_le_20,D19,,,36.0,-96.0,0.0,0.0
all7,FA_le_20,F13,1.0,0.0,,,0.0,0.0
all7,FA_le_20,F14,1.0,0.0,,,0.0,0.0
all7,FA_le_20,F15,1.0,4.0000000000000036,,,0.0,0.0
all7,sens_ge95,D06,,,5.760276493271677,-17.280829479815033,0.0,0.0
all7,sens_ge95,D18,,,24.001200060002997,-36.001800090004494,0.0,0.0
all7,sens_ge95,D19,,,24.0,-96.0,0.0,0.0
all7,sens_ge95,F13,1.0,4.0000000000000036,,,0.0,0.0
all7,sens_ge95,F14,1.0,0.0,,,0.0,0.0
all7,sens_ge95,F15,1.0,4.0000000000000036,,,0.0,0.0
all7,sens_ge97,D06,,,34.561658959630066,5.760276493271679,0.0,0.0
all7,sens_ge97,D18,,,120.00600030001499,24.001200060003,0.0,0.0
all7,sens_ge97,D19,,,132.0,-24.0,0.0,0.0
all7,sens_ge97,F13,1.0,0.0,,,0.0,0.0
all7,sens_ge97,F14,1.0,0.0,,,0.0,0.0
all7,sens_ge97,F15,1.0,4.0000000000000036,,,0.0,0.0
all7,sens_gt98,D06,,,115.20552986543355,-40.32193545290174,0.0,0.0
all7,sens_gt98,D18,,,240.01200060002998,-84.00420021001048,0.0,0.0
all7,sens_gt98,D19,,,216.0,-156.0,0.0,0.0
all7,sens_gt98,F13,1.0,0.0,,,0.0,0.0
all7,sens_gt98,F14,1.0,0.0,,,0.0,0.0
all7,sens_gt98,F15,1.0,0.0,,,0.0,0.0
all7,BA_reference,D06,,,5.760276493271677,0.0,0.0,0.0
all7,BA_reference,D18,,,12.000600030001499,-12.000600030001499,0.0,0.0
all7,BA_reference,D19,,,0.0,-84.0,0.0,0.0
all7,BA_reference,F13,0.92,12.0,,,0.0,2.0
all7,BA_reference,F14,1.0,0.0,,,0.0,0.0
all7,BA_reference,F15,1.0,7.9999999999999964,,,0.0,0.0
