feature_set,operating_point,sensitivity_delta_pp,FA_delta,detected_delta,sensitivity_delta_vs_refit_control_pp
frozen_baseline3,FA_le_1,0.0,0.0,0.0,0.0
frozen_baseline3,FA_le_5,0.0,0.0,0.0,0.0
frozen_baseline3,FA_le_10,0.0,0.0,0.0,0.0
frozen_baseline3,FA_le_20,0.0,0.0,0.0,0.0
frozen_baseline3,sens_ge95,0.0,0.0,0.0,0.0
frozen_baseline3,sens_ge97,0.0,0.0,0.0,0.0
frozen_baseline3,sens_gt98,0.0,0.0,0.0,0.0
frozen_baseline3,BA_reference,0.0,0.0,0.0,0.0
baseline3,FA_le_1,0.0,0.0,0.0,0.0
baseline3,FA_le_5,0.0,0.0,0.0,0.0
baseline3,FA_le_10,0.0,0.0,0.0,0.0
baseline3,FA_le_20,0.0,0.0,0.0,0.0
baseline3,sens_ge95,0.0,0.0,0.0,0.0
baseline3,sens_ge97,0.0,0.0,0.0,0.0
baseline3,sens_gt98,0.0,0.0,0.0,0.0
baseline3,BA_reference,0.0,0.0,0.0,0.0
plus_gaC8,FA_le_1,1.6000000000000014,0.0,6.0,1.6000000000000014
plus_gaC8,FA_le_5,0.5333333333333301,-0.9778543160044872,2.0,0.5333333333333301
plus_gaC8,FA_le_10,1.0666666666666713,2.2816600706771375,4.0,1.0666666666666713
plus_gaC8,FA_le_20,0.0,-1.3038057546726485,0.0,0.0
plus_gaC8,sens_ge95,0.0,-2.6076115093452987,0.0,0.0
plus_gaC8,sens_ge97,0.0,0.325951438668163,0.0,0.0
plus_gaC8,sens_gt98,0.0,-38.78822120151132,0.0,0.0
plus_gaC8,BA_reference,0.2666666666666706,-3.259514386681624,1.0,0.2666666666666706
plus_settling,FA_le_1,-0.2666666666666595,0.0,-1.0,-0.2666666666666595
plus_settling,FA_le_5,0.2666666666666706,0.0,1.0,0.2666666666666706
plus_settling,FA_le_10,0.5333333333333301,0.6519028773363251,2.0,0.5333333333333301
plus_settling,FA_le_20,0.2666666666666706,2.6076115093453005,1.0,0.2666666666666706
plus_settling,sens_ge95,0.0,-1.6297571933408115,0.0,0.0
plus_settling,sens_ge97,0.0,-4.889271580022438,0.0,0.0
plus_settling,sens_gt98,0.0,-26.72801797078931,0.0,0.0
plus_settling,BA_reference,0.8000000000000007,0.6519028773363251,3.0,0.8000000000000007
plus_energy_ratio,FA_le_1,1.3333333333333308,0.0,5.0,1.3333333333333308
plus_energy_ratio,FA_le_5,0.5333333333333301,0.0,2.0,0.5333333333333301
plus_energy_ratio,FA_le_10,0.5333333333333301,1.9557086320089745,2.0,0.5333333333333301
plus_energy_ratio,FA_le_20,0.5333333333333412,1.9557086320089745,2.0,0.5333333333333412
plus_energy_ratio,sens_ge95,0.0,-1.6297571933408115,0.0,0.0
plus_energy_ratio,sens_ge97,0.0,-8.148785966704061,0.0,0.0
plus_energy_ratio,sens_gt98,0.0,-12.06020323072201,0.0,0.0
plus_energy_ratio,BA_reference,0.2666666666666706,-1.3038057546726494,1.0,0.2666666666666706
plus_orientation_change,FA_le_1,3.733333333333333,0.0,14.0,3.733333333333333
plus_orientation_change,FA_le_5,1.3333333333333308,-0.9778543160044872,5.0,1.3333333333333308
plus_orientation_change,FA_le_10,1.3333333333333308,-0.6519028773363242,5.0,1.3333333333333308
plus_orientation_change,FA_le_20,-0.2666666666666595,0.0,-1.0,-0.2666666666666595
plus_orientation_change,sens_ge95,0.0,-6.519028773363248,0.0,0.0
plus_orientation_change,sens_ge97,0.0,16.297571933408122,0.0,0.0
plus_orientation_change,sens_gt98,0.0,4.563320141354296,0.0,0.0
plus_orientation_change,BA_reference,1.3333333333333308,-0.9778543160044872,5.0,1.3333333333333308
all7,FA_le_1,4.266666666666675,0.0,16.0,4.266666666666675
all7,FA_le_5,1.6000000000000014,0.0,6.0,1.6000000000000014
all7,FA_le_10,1.866666666666672,-0.3259514386681621,7.0,1.866666666666672
all7,FA_le_20,-0.2666666666666595,-4.23736870268611,-1.0,-0.2666666666666595
all7,sens_ge95,0.2666666666666706,-7.170931650699573,1.0,0.2666666666666706
all7,sens_ge97,0.0,13.038057546726499,0.0,0.0
all7,sens_gt98,0.0,-68.4498021203141,0.0,0.0
all7,BA_reference,0.8000000000000007,-2.9335629480134617,3.0,0.8000000000000007
