feature_set,threshold,candidate_recall,sensitivity,false_alarms_per_adl_hour,event_precision,trial_specificity,trial_balanced_accuracy,candidate_balanced_accuracy,detected_falls,missed_falls,adl_alarm_trials,adl_false_alarms,total_alarms,unmatched_duplicate_alarms
frozen_baseline3,0.988485203958036,0.9866666666666667,0.7946666666666666,0.0,0.9834983498349835,1.0,0.8973333333333333,0.8882261299959984,298,77,0,0,303,5
frozen_baseline3,0.9789048259324806,0.9866666666666667,0.8346666666666667,0.32595143866816245,0.978125,0.9982517482517482,0.9164592074592075,0.9088265498392241,313,62,1,1,320,7
frozen_baseline3,0.9501827363110795,0.9866666666666667,0.8906666666666667,0.6519028773363249,0.9709302325581395,0.9965034965034965,0.9435850815850816,0.9384943271954032,334,41,2,2,344,10
frozen_baseline3,0.9435122242216496,0.9866666666666667,0.8933333333333333,0.9778543160044872,0.9654178674351584,0.9947552447552448,0.944044289044289,0.9409600320127223,335,40,3,3,347,12
frozen_baseline3,0.9425142132674733,0.9866666666666667,0.8986666666666666,1.3038057546726498,0.9628571428571429,0.9947552447552448,0.9467109557109556,0.9434257368300412,337,38,3,4,350,13
frozen_baseline3,0.9381620808888594,0.9866666666666667,0.9066666666666666,1.6297571933408121,0.96045197740113,0.9947552447552448,0.9507109557109557,0.9471867784349249,340,35,3,5,354,14
frozen_baseline3,0.9344886488543164,0.9866666666666667,0.9093333333333333,2.281660070677137,0.9551820728291317,0.9912587412587412,0.9502960372960373,0.9482321777068686,341,34,5,7,357,16
frozen_baseline3,0.9280614151354925,0.9866666666666667,0.9173333333333333,2.6076115093452996,0.9529085872576177,0.9895104895104895,0.9534219114219114,0.9519932193117524,344,31,6,8,361,17
frozen_baseline3,0.9179730474763664,0.9866666666666667,0.9226666666666666,3.2595143866816243,0.9453551912568307,0.986013986013986,0.9543403263403263,0.9556292921588256,346,29,8,10,366,20
frozen_baseline3,0.9042158978108372,0.9866666666666667,0.928,4.237368702686112,0.9380053908355795,0.9807692307692307,0.9543846153846154,0.9578450594605235,348,27,11,13,371,23
frozen_baseline3,0.8850929456953477,0.9866666666666667,0.9333333333333333,4.889271580022436,0.9308510638297872,0.9772727272727273,0.9553030303030303,0.9614811323075967,350,25,13,15,376,26
frozen_baseline3,0.8711101296234538,0.9866666666666667,0.936,6.519028773363249,0.918848167539267,0.972027972027972,0.954013986013986,0.9621516253061086,351,24,16,20,382,31
frozen_baseline3,0.8621999918050488,0.9866666666666667,0.9386666666666666,6.844980212031411,0.9166666666666666,0.9702797202797203,0.9544731934731935,0.963321993335863,352,23,17,21,384,32
frozen_baseline3,0.8264826709553659,0.9866666666666667,0.9413333333333334,10.430446037381198,0.8869346733668342,0.9545454545454546,0.947939393939394,0.9644130418172658,353,22,26,32,398,45
frozen_baseline3,0.7957416645632669,0.9866666666666667,0.944,11.734251792053847,0.8784119106699751,0.9475524475524476,0.9457762237762237,0.9652085035735884,354,21,30,36,403,49
frozen_baseline3,0.7925637336326922,0.9866666666666667,0.9466666666666667,12.06020323072201,0.8765432098765432,0.9458041958041958,0.9462354312354313,0.9663788716033427,355,20,31,37,405,50
frozen_baseline3,0.7742031648776018,0.9866666666666667,0.952,12.712106108058334,0.8707317073170732,0.9423076923076923,0.9471538461538461,0.9685946389050406,357,18,33,39,410,53
frozen_baseline3,0.7618153208304226,0.9866666666666667,0.9573333333333334,14.993766178735472,0.8568019093078759,0.9335664335664335,0.9454498834498835,0.9703105311754963,359,16,38,46,419,60
frozen_baseline3,0.7525655995377734,0.9866666666666667,0.9626666666666667,16.297571933408122,0.8474178403755869,0.9283216783216783,0.9454941724941726,0.972276360961573,361,14,41,50,426,65
frozen_baseline3,0.7404479679547277,0.9866666666666667,0.9653333333333334,16.623523372076285,0.8438228438228438,0.9265734265734266,0.9459533799533799,0.9733217602335167,362,13,42,51,429,67
frozen_baseline3,0.7352880730771258,0.9866666666666667,0.968,17.275426249412607,0.8402777777777778,0.9248251748251748,0.9464125874125874,0.9743671595054604,363,12,43,53,432,69
frozen_baseline3,0.6101532700558683,0.9866666666666667,0.9706666666666667,24.772309338780346,0.7913043478260869,0.8986013986013986,0.9346340326340327,0.9737086453775157,364,11,58,76,460,96
frozen_baseline3,0.5697395167113786,0.9866666666666667,0.9733333333333334,28.03182372546197,0.770042194092827,0.8846153846153846,0.928974358974359,0.9747996938589187,365,10,66,86,474,109
frozen_baseline3,0.5389860810517904,0.9866666666666667,0.976,29.335629480134617,0.7625,0.8793706293706294,0.9276853146853147,0.9754701868574307,366,9,69,90,480,114
frozen_baseline3,0.24325317842044467,0.9866666666666667,0.9786666666666667,62.582676224287184,0.6137123745819398,0.75,0.8643333333333334,0.9621441789811614,367,8,143,192,598,231
frozen_baseline3,0.07561141384223115,0.9866666666666667,0.9813333333333333,143.0926815753233,0.4043956043956044,0.541958041958042,0.7616456876456876,0.9288351487257719,368,7,262,439,910,542
frozen_baseline3,0.03849307013488626,0.9866666666666667,0.984,246.09333619446264,0.26875455207574656,0.3618881118881119,0.6729440559440559,0.8738152249502391,369,6,365,755,1373,1004
frozen_baseline3,0.025037875550837807,0.9866666666666667,0.9866666666666667,340.6192534082297,0.20798201236649802,0.2744755244755245,0.6305710955710956,0.8244982148245322,370,5,415,1045,1779,1409
baseline3,0.988485203958036,0.9866666666666667,0.7946666666666666,0.0,0.9834983498349835,1.0,0.8973333333333333,0.8882261299959984,298,77,0,0,303,5
baseline3,0.9789048259324806,0.9866666666666667,0.8346666666666667,0.32595143866816245,0.978125,0.9982517482517482,0.9164592074592075,0.9088265498392241,313,62,1,1,320,7
baseline3,0.9501827363110795,0.9866666666666667,0.8906666666666667,0.6519028773363249,0.9709302325581395,0.9965034965034965,0.9435850815850816,0.9384943271954032,334,41,2,2,344,10
baseline3,0.9435122242216496,0.9866666666666667,0.8933333333333333,0.9778543160044872,0.9654178674351584,0.9947552447552448,0.944044289044289,0.9409600320127223,335,40,3,3,347,12
baseline3,0.9425142132674733,0.9866666666666667,0.8986666666666666,1.3038057546726498,0.9628571428571429,0.9947552447552448,0.9467109557109556,0.9434257368300412,337,38,3,4,350,13
baseline3,0.9381620808888594,0.9866666666666667,0.9066666666666666,1.6297571933408121,0.96045197740113,0.9947552447552448,0.9507109557109557,0.9471867784349249,340,35,3,5,354,14
baseline3,0.9344886488543164,0.9866666666666667,0.9093333333333333,2.281660070677137,0.9551820728291317,0.9912587412587412,0.9502960372960373,0.9482321777068686,341,34,5,7,357,16
baseline3,0.9280614151354925,0.9866666666666667,0.9173333333333333,2.6076115093452996,0.9529085872576177,0.9895104895104895,0.9534219114219114,0.9519932193117524,344,31,6,8,361,17
baseline3,0.9179730474763664,0.9866666666666667,0.9226666666666666,3.2595143866816243,0.9453551912568307,0.986013986013986,0.9543403263403263,0.9556292921588256,346,29,8,10,366,20
baseline3,0.9042158978108372,0.9866666666666667,0.928,4.237368702686112,0.9380053908355795,0.9807692307692307,0.9543846153846154,0.9578450594605235,348,27,11,13,371,23
baseline3,0.8850929456953477,0.9866666666666667,0.9333333333333333,4.889271580022436,0.9308510638297872,0.9772727272727273,0.9553030303030303,0.9614811323075967,350,25,13,15,376,26
baseline3,0.8711101296234538,0.9866666666666667,0.936,6.519028773363249,0.918848167539267,0.972027972027972,0.954013986013986,0.9621516253061086,351,24,16,20,382,31
baseline3,0.8621999918050488,0.9866666666666667,0.9386666666666666,6.844980212031411,0.9166666666666666,0.9702797202797203,0.9544731934731935,0.963321993335863,352,23,17,21,384,32
baseline3,0.8264826709553659,0.9866666666666667,0.9413333333333334,10.430446037381198,0.8869346733668342,0.9545454545454546,0.947939393939394,0.9644130418172658,353,22,26,32,398,45
baseline3,0.7957416645632669,0.9866666666666667,0.944,11.734251792053847,0.8784119106699751,0.9475524475524476,0.9457762237762237,0.9652085035735884,354,21,30,36,403,49
baseline3,0.7925637336326922,0.9866666666666667,0.9466666666666667,12.06020323072201,0.8765432098765432,0.9458041958041958,0.9462354312354313,0.9663788716033427,355,20,31,37,405,50
baseline3,0.7742031648776018,0.9866666666666667,0.952,12.712106108058334,0.8707317073170732,0.9423076923076923,0.9471538461538461,0.9685946389050406,357,18,33,39,410,53
baseline3,0.7618153208304226,0.9866666666666667,0.9573333333333334,14.993766178735472,0.8568019093078759,0.9335664335664335,0.9454498834498835,0.9703105311754963,359,16,38,46,419,60
baseline3,0.7525655995377734,0.9866666666666667,0.9626666666666667,16.297571933408122,0.8474178403755869,0.9283216783216783,0.9454941724941726,0.972276360961573,361,14,41,50,426,65
baseline3,0.7404479679547277,0.9866666666666667,0.9653333333333334,16.623523372076285,0.8438228438228438,0.9265734265734266,0.9459533799533799,0.9733217602335167,362,13,42,51,429,67
baseline3,0.7352880730771258,0.9866666666666667,0.968,17.275426249412607,0.8402777777777778,0.9248251748251748,0.9464125874125874,0.9743671595054604,363,12,43,53,432,69
baseline3,0.6101532700558683,0.9866666666666667,0.9706666666666667,24.772309338780346,0.7913043478260869,0.8986013986013986,0.9346340326340327,0.9737086453775157,364,11,58,76,460,96
baseline3,0.5697395167113786,0.9866666666666667,0.9733333333333334,28.03182372546197,0.770042194092827,0.8846153846153846,0.928974358974359,0.9747996938589187,365,10,66,86,474,109
baseline3,0.5389860810517904,0.9866666666666667,0.976,29.335629480134617,0.7625,0.8793706293706294,0.9276853146853147,0.9754701868574307,366,9,69,90,480,114
baseline3,0.24325317842044467,0.9866666666666667,0.9786666666666667,62.582676224287184,0.6137123745819398,0.75,0.8643333333333334,0.9621441789811614,367,8,143,192,598,231
baseline3,0.07561141384223115,0.9866666666666667,0.9813333333333333,143.0926815753233,0.4043956043956044,0.541958041958042,0.7616456876456876,0.9288351487257719,368,7,262,439,910,542
baseline3,0.03849307013488626,0.9866666666666667,0.984,246.09333619446264,0.26875455207574656,0.3618881118881119,0.6729440559440559,0.8738152249502391,369,6,365,755,1373,1004
baseline3,0.025037875550837807,0.9866666666666667,0.9866666666666667,340.6192534082297,0.20798201236649802,0.2744755244755245,0.6305710955710956,0.8244982148245322,370,5,415,1045,1779,1409
plus_gaC8,0.9738061415631402,0.9866666666666667,0.8453333333333334,0.0,0.9814241486068112,1.0,0.9226666666666667,0.9141328657472938,317,58,0,0,323,6
plus_gaC8,0.9485697635052579,0.9866666666666667,0.888,0.32595143866816245,0.9765395894428153,0.9982517482517482,0.9431258741258741,0.9360286223780843,333,42,1,1,341,8
plus_gaC8,0.943476032292334,0.9866666666666667,0.8933333333333333,0.6519028773363249,0.9738372093023255,0.9965034965034965,0.9449184149184149,0.9384943271954032,335,40,2,2,344,9
plus_gaC8,0.9325446257777534,0.9866666666666667,0.9093333333333333,0.9778543160044872,0.96875,0.9947552447552448,0.9520442890442891,0.947436715950546,341,34,3,3,352,11
plus_gaC8,0.924808642506554,0.9866666666666667,0.9173333333333333,1.3038057546726498,0.9662921348314607,0.993006993006993,0.9551701631701632,0.9511977575554298,344,31,4,4,356,12
plus_gaC8,0.9050928350970167,0.9866666666666667,0.936,1.6297571933408121,0.9590163934426229,0.9912587412587412,0.9636293706293706,0.9627308198857021,351,24,5,5,366,15
plus_gaC8,0.8781161884776257,0.9866666666666667,0.9386666666666666,3.911417264017949,0.9386666666666666,0.9807692307692307,0.9597179487179487,0.9630264066107825,352,23,11,12,375,23
plus_gaC8,0.8421671219487229,0.9866666666666667,0.9413333333333334,7.170931650699574,0.9121447028423773,0.9667832167832168,0.9540582750582751,0.9643673926078066,353,22,19,22,387,34
plus_gaC8,0.8297629592397933,0.9866666666666667,0.944,8.148785966704061,0.9053708439897699,0.9615384615384616,0.9527692307692308,0.9652878231219397,354,21,22,25,391,37
plus_gaC8,0.8224531431587696,0.9866666666666667,0.9466666666666667,8.800688844040385,0.9010152284263959,0.958041958041958,0.9523543123543123,0.9663332223938834,355,20,24,27,394,39
plus_gaC8,0.8219683783585195,0.9866666666666667,0.9493333333333334,9.126640282708548,0.898989898989899,0.9562937062937062,0.9528135198135198,0.9675035904236376,356,19,25,28,396,40
plus_gaC8,0.7953057410458676,0.9866666666666667,0.952,10.104494598713035,0.8925,0.9545454545454546,0.9532727272727273,0.9684240209377708,357,18,26,31,400,43
plus_gaC8,0.7897000454955632,0.9866666666666667,0.9546666666666667,10.430446037381198,0.8905472636815921,0.9527972027972028,0.9537319347319347,0.9695943889675249,358,17,27,32,402,44
plus_gaC8,0.7836934839279427,0.9866666666666667,0.9573333333333334,10.75639747604936,0.8886138613861386,0.9527972027972028,0.955065268065268,0.9707647569972793,359,16,27,33,404,45
plus_gaC8,0.7812907273015361,0.9866666666666667,0.96,11.082348914717523,0.8866995073891626,0.951048951048951,0.9555244755244755,0.9719351250270334,360,15,28,34,406,46
plus_gaC8,0.7738907568682063,0.9866666666666667,0.9626666666666667,11.734251792053847,0.882640586797066,0.9475524475524476,0.9551095571095571,0.9729805242989771,361,14,30,36,409,48
plus_gaC8,0.7342805140256268,0.9866666666666667,0.968,15.971620494739959,0.8461538461538461,0.9318181818181818,0.9499090909090908,0.9747420657788921,363,12,39,49,429,66
plus_gaC8,0.5962570586208391,0.9866666666666667,0.9706666666666667,25.09826077744851,0.7913043478260869,0.8933566433566433,0.9320116550116551,0.9722883398321405,364,11,61,77,460,96
plus_gaC8,0.587260144765177,0.9866666666666667,0.9733333333333334,25.75016365478483,0.7883369330453563,0.8916083916083916,0.9324708624708624,0.9733337391040842,365,10,62,79,463,98
plus_gaC8,0.5153334894895943,0.9866666666666667,0.976,31.617289550811755,0.7515400410677618,0.8706293706293706,0.9233146853146853,0.9745954055527569,366,9,74,97,487,121
plus_gaC8,0.218563968900764,0.9866666666666667,0.9786666666666667,69.10170499765043,0.5909822866344605,0.7395104895104895,0.8590885780885781,0.9606902030968942,367,8,149,212,621,254
plus_gaC8,0.12439640113303896,0.9866666666666667,0.9813333333333333,104.30446037381198,0.4842105263157895,0.6416083916083916,0.8114708624708624,0.9461601568519786,368,7,205,320,760,392
plus_gaC8,0.05090793344194476,0.9866666666666667,0.984,208.93487218629213,0.3049586776859504,0.45104895104895104,0.7175244755244755,0.8941851324733583,369,6,314,641,1210,841
plus_gaC8,0.02488066219638992,0.9866666666666667,0.9866666666666667,354.3092138322926,0.19967620075553158,0.2867132867132867,0.6366899766899767,0.8152505267465517,370,5,408,1087,1853,1483
plus_settling,0.9728311958923105,0.9866666666666667,0.8613333333333333,0.0,0.9787878787878788,1.0,0.9306666666666666,0.9232002232602472,323,52,0,0,330,7
plus_settling,0.9677081310213823,0.9866666666666667,0.8693333333333333,0.32595143866816245,0.9731343283582089,0.9982517482517482,0.9337925407925407,0.9282566016526956,326,49,1,1,335,9
plus_settling,0.9615320117946832,0.9866666666666667,0.8746666666666667,0.6519028773363249,0.9704142011834319,0.9965034965034965,0.9355850815850816,0.9307223064700145,328,47,2,2,338,10
plus_settling,0.9510126311275916,0.9866666666666667,0.8906666666666667,0.9778543160044872,0.9653179190751445,0.9947552447552448,0.9427109557109558,0.9396646952251575,334,41,3,3,346,12
plus_settling,0.9336768250949086,0.9866666666666667,0.9066666666666666,1.3038057546726498,0.9631728045325779,0.993006993006993,0.9498368298368298,0.9473117471927355,340,35,4,4,353,13
plus_settling,0.9199100461821296,0.9866666666666667,0.912,2.6076115093452996,0.9526462395543176,0.986013986013986,0.9490069930069931,0.9494025457366229,342,33,8,8,359,17
plus_settling,0.9179436621917606,0.9866666666666667,0.9146666666666666,2.9335629480134617,0.9501385041551247,0.9842657342657343,0.9494662004662004,0.950572913766377,343,32,9,9,361,18
plus_settling,0.9142969441454397,0.9866666666666667,0.9173333333333333,3.2595143866816243,0.9476584022038568,0.9825174825174825,0.9499254079254079,0.9517432817961313,344,31,10,10,363,19
plus_settling,0.9028815051828665,0.9866666666666667,0.9253333333333333,3.585465825349787,0.9429347826086957,0.9807692307692307,0.953051282051282,0.9567996601885798,347,28,11,11,368,21
plus_settling,0.8919206647316078,0.9866666666666667,0.9306666666666666,3.911417264017949,0.9407008086253369,0.9790209790209791,0.9548438228438229,0.9592653650058988,349,26,12,12,371,22
plus_settling,0.8766833283316127,0.9866666666666667,0.9333333333333333,4.563320141354274,0.9333333333333333,0.9755244755244755,0.9544289044289045,0.9616061010654072,350,25,14,14,375,25
plus_settling,0.8746439848970624,0.9866666666666667,0.936,4.889271580022436,0.9310344827586207,0.9737762237762237,0.9548881118881118,0.9627764690951615,351,24,15,15,377,26
plus_settling,0.8683296257754528,0.9866666666666667,0.9386666666666666,5.215223018690599,0.9287598944591029,0.972027972027972,0.9553473193473193,0.9639468371249156,352,23,16,16,379,27
plus_settling,0.8638337885788313,0.9866666666666667,0.9413333333333334,5.541174457358761,0.926509186351706,0.972027972027972,0.9566806526806526,0.9651172051546699,353,22,16,17,381,28
plus_settling,0.83952118718514,0.9866666666666667,0.944,7.496883089367736,0.910025706940874,0.965034965034965,0.9545174825174825,0.9669580661829361,354,21,20,23,389,35
plus_settling,0.7946083379954304,0.9866666666666667,0.9493333333333334,10.104494598713035,0.89,0.951048951048951,0.9501911421911422,0.9684240209377708,356,19,28,31,400,44
plus_settling,0.7773994034297084,0.9866666666666667,0.952,11.082348914717523,0.8814814814814815,0.9458041958041958,0.9489020979020979,0.9692194826940934,357,18,31,34,405,48
plus_settling,0.7744953635029301,0.9866666666666667,0.9546666666666667,11.408300353385686,0.8796068796068796,0.9458041958041958,0.9502354312354313,0.9703898507238475,358,17,31,35,407,49
plus_settling,0.771434819480144,0.9866666666666667,0.9573333333333334,12.06020323072201,0.8734793187347932,0.9440559440559441,0.9506946386946387,0.9713102812379806,359,16,32,37,411,52
plus_settling,0.7475535784787882,0.9866666666666667,0.96,13.689960424062821,0.8633093525179856,0.9353146853146853,0.9476573426573427,0.9719807742364927,360,15,37,42,417,57
plus_settling,0.7266458001100735,0.9866666666666667,0.9653333333333334,14.993766178735472,0.8537735849056604,0.9300699300699301,0.9477016317016318,0.9739466040225695,362,13,40,46,424,62
plus_settling,0.699378737211403,0.9866666666666667,0.968,17.927329126748933,0.836405529953917,0.9178321678321678,0.942916083916084,0.9741172219898393,363,12,47,55,434,71
plus_settling,0.6712421913768244,0.9866666666666667,0.9706666666666667,19.883037758757908,0.8253968253968254,0.9090909090909091,0.9398787878787879,0.9746627462305408,364,11,52,61,441,77
plus_settling,0.6193239148451654,0.9866666666666667,0.9733333333333334,22.81660070677137,0.8057395143487859,0.9055944055944056,0.9394638694638695,0.9745834266821896,365,10,54,70,453,88
plus_settling,0.5306756363046493,0.9866666666666667,0.976,28.357775164130132,0.7640918580375783,0.8828671328671329,0.9294335664335664,0.9755951556152413,366,9,67,87,479,113
plus_settling,0.2888870940725609,0.9866666666666667,0.9786666666666667,53.13008450291048,0.650709219858156,0.7814685314685315,0.880067599067599,0.9663931167467201,367,8,125,163,564,197
plus_settling,0.10064557756245822,0.9866666666666667,0.9813333333333333,116.36466360453399,0.456575682382134,0.6048951048951049,0.7931142191142191,0.9404115939926936,368,7,226,357,806,438
plus_settling,0.07569541993502119,0.9866666666666667,0.984,142.11482725931882,0.40683572216097025,0.5454545454545454,0.7647272727272727,0.9306303605445789,369,6,260,436,907,538
plus_settling,0.023748313361999746,0.9866666666666667,0.9866666666666667,346.16042786558853,0.20509977827050999,0.28846153846153844,0.6375641025641026,0.8213739958792685,370,5,407,1062,1804,1434
plus_energy_ratio,0.9781589650976681,0.9866666666666667,0.8293333333333334,0.0,0.9779874213836478,1.0,0.9146666666666667,0.9076561818094699,311,64,0,0,318,7
plus_energy_ratio,0.974684483958349,0.9866666666666667,0.8373333333333334,0.32595143866816245,0.9751552795031055,0.9982517482517482,0.9177925407925408,0.9114172234143536,314,61,1,1,322,8
plus_energy_ratio,0.9482561282732751,0.9866666666666667,0.896,0.6519028773363249,0.968299711815562,0.9965034965034965,0.9462517482517483,0.9423803375580975,336,39,2,2,347,11
plus_energy_ratio,0.9421008108358172,0.9866666666666667,0.9066666666666666,0.9778543160044872,0.9659090909090909,0.9947552447552448,0.9507109557109557,0.947436715950546,340,35,3,3,352,12
plus_energy_ratio,0.9353330853486453,0.9866666666666667,0.9146666666666666,1.3038057546726498,0.9634831460674157,0.993006993006993,0.9538368298368298,0.9511977575554298,343,32,4,4,356,13
plus_energy_ratio,0.9332066488286441,0.9866666666666667,0.9173333333333333,1.6297571933408121,0.9608938547486033,0.9912587412587412,0.9542960372960373,0.952368125585184,344,31,5,5,358,14
plus_energy_ratio,0.9304136808695296,0.9866666666666667,0.92,1.9557086320089745,0.9583333333333334,0.9895104895104895,0.9547552447552448,0.9535384936149383,345,30,6,6,360,15
plus_energy_ratio,0.9085261319238066,0.9866666666666667,0.928,2.281660070677137,0.9560439560439561,0.9877622377622378,0.9578811188811189,0.957299535219822,348,27,7,7,364,16
plus_energy_ratio,0.8956912185540545,0.9866666666666667,0.9333333333333333,3.2595143866816243,0.9433962264150944,0.9825174825174825,0.9579254079254079,0.9621059760966494,350,25,10,10,371,21
plus_energy_ratio,0.8943420612159815,0.9866666666666667,0.936,3.585465825349787,0.9410187667560321,0.9807692307692307,0.9583846153846154,0.9632763441264036,351,24,11,11,373,22
plus_energy_ratio,0.8777386779438265,0.9866666666666667,0.9386666666666666,4.889271580022436,0.9312169312169312,0.9737762237762237,0.9562214452214453,0.9640718058827262,352,23,15,15,378,26
plus_energy_ratio,0.8366087932807565,0.9866666666666667,0.9413333333333334,8.148785966704061,0.9051282051282051,0.9615384615384616,0.9514358974358974,0.9654127918797503,353,22,22,25,390,37
plus_energy_ratio,0.8252884532315022,0.9866666666666667,0.944,8.800688844040385,0.9007633587786259,0.958041958041958,0.9510209790209789,0.966458191151694,354,21,24,27,393,39
plus_energy_ratio,0.7921611755005991,0.9866666666666667,0.9466666666666667,10.430446037381198,0.8897243107769424,0.9493006993006993,0.947983682983683,0.967128684150206,355,20,29,32,399,44
plus_energy_ratio,0.7862501246518916,0.9866666666666667,0.9493333333333334,10.75639747604936,0.8855721393034826,0.9475524475524476,0.9484428904428905,0.9681740834221497,356,19,30,33,402,46
plus_energy_ratio,0.7824656240796936,0.9866666666666667,0.952,11.082348914717523,0.8814814814814815,0.9475524475524476,0.9497762237762237,0.9692194826940934,357,18,30,34,405,48
plus_energy_ratio,0.7652210411337085,0.9866666666666667,0.96,12.386154669390173,0.8716707021791767,0.9440559440559441,0.9520279720279721,0.9724806492677349,360,15,32,38,413,53
plus_energy_ratio,0.7597503106818506,0.9866666666666667,0.9626666666666667,13.038057546726497,0.8677884615384616,0.9405594405594405,0.9516130536130536,0.9735260485396786,361,14,34,40,416,55
plus_energy_ratio,0.7256061512223482,0.9866666666666667,0.9653333333333334,14.015911862730984,0.8598574821852731,0.9370629370629371,0.9511981351981352,0.9743215102960011,362,13,36,43,421,59
plus_energy_ratio,0.6408894103056785,0.9866666666666667,0.9706666666666667,16.623523372076285,0.8406466512702079,0.9265734265734266,0.9486200466200466,0.9770828018384006,364,11,42,51,433,69
plus_energy_ratio,0.601321113035075,0.9866666666666667,0.9733333333333334,19.231134881421582,0.8202247191011236,0.9143356643356644,0.9438344988344989,0.9784237878354245,365,10,49,59,445,80
plus_energy_ratio,0.564604020694268,0.9866666666666667,0.976,20.860892074762397,0.8079470198675497,0.9055944055944056,0.9407972027972028,0.9788443433183155,366,9,54,64,453,87
plus_energy_ratio,0.2698583309936777,0.9866666666666667,0.9786666666666667,51.1743758709015,0.6530249110320284,0.777972027972028,0.8783193473193474,0.9666430542623412,367,8,127,157,562,195
plus_energy_ratio,0.08118749419866629,0.9866666666666667,0.9813333333333333,131.0324783446013,0.42201834862385323,0.5681818181818182,0.7747575757575758,0.9335839615225727,368,7,247,402,872,504
plus_energy_ratio,0.05381090682295838,0.9866666666666667,0.984,188.72588298886606,0.32917038358608386,0.45104895104895104,0.7175244755244755,0.9053073519184971,369,6,314,579,1121,752
plus_energy_ratio,0.02646507643727109,0.9866666666666667,0.9866666666666667,338.66354477622076,0.20939445387662706,0.2744755244755245,0.6305710955710956,0.8259978399182588,370,5,415,1039,1767,1397
plus_orientation_change,0.963464140943231,0.9866666666666667,0.88,0.0,0.990990990990991,1.0,0.94,0.9285065391683167,330,45,0,0,333,3
plus_orientation_change,0.9458920843372143,0.9866666666666667,0.9013333333333333,0.32595143866816245,0.9825581395348837,0.9982517482517482,0.9497925407925407,0.9399146327407786,338,37,1,1,344,6
plus_orientation_change,0.9417174603133232,0.9866666666666667,0.904,0.6519028773363249,0.9797687861271677,0.9965034965034965,0.9502517482517483,0.9410850007705327,339,36,2,2,346,7
plus_orientation_change,0.9261052647476452,0.9866666666666667,0.9306666666666666,0.9778543160044872,0.9748603351955307,0.9947552447552448,0.9627109557109557,0.9552087366759346,349,26,3,3,358,9
plus_orientation_change,0.9042618829609543,0.9866666666666667,0.9333333333333333,1.3038057546726498,0.9722222222222222,0.993006993006993,0.9631701631701632,0.9563791047056889,350,25,4,4,360,10
plus_orientation_change,0.8909818790127895,0.9866666666666667,0.9386666666666666,2.6076115093452996,0.9617486338797814,0.986013986013986,0.9623403263403263,0.9584699032495763,352,23,8,8,366,14
plus_orientation_change,0.8825247664363869,0.9866666666666667,0.9413333333333334,3.585465825349787,0.9514824797843666,0.9842657342657343,0.9627995337995339,0.9606856705512741,353,22,9,11,371,18
plus_orientation_change,0.8710667097540924,0.9866666666666667,0.9466666666666667,3.911417264017949,0.9491978609625669,0.9825174825174825,0.9645920745920746,0.9631513753685931,355,20,10,12,374,19
plus_orientation_change,0.8566110901749718,0.9866666666666667,0.9493333333333334,5.541174457358761,0.9368421052631579,0.9737762237762237,0.9615547785547786,0.9638218683671052,356,19,15,17,380,24
plus_orientation_change,0.8503748182082584,0.9866666666666667,0.952,6.1930773346950865,0.9321148825065274,0.9702797202797203,0.9611398601398602,0.9648672676390488,357,18,17,19,383,26
plus_orientation_change,0.8083006174193804,0.9866666666666667,0.9546666666666667,10.430446037381198,0.8972431077694235,0.9493006993006993,0.951983682983683,0.967128684150206,358,17,29,32,399,41
plus_orientation_change,0.8052986910276059,0.9866666666666667,0.9573333333333334,10.75639747604936,0.8930348258706468,0.9475524475524476,0.9524428904428905,0.9695943889675249,359,16,30,33,402,43
plus_orientation_change,0.7773503872507173,0.9866666666666667,0.9626666666666667,13.038057546726497,0.878345498783455,0.9388111888111889,0.9507389277389278,0.9713102812379806,361,14,35,40,411,50
plus_orientation_change,0.7186732071313173,0.9866666666666667,0.9653333333333334,17.275426249412607,0.8497652582159625,0.9195804195804196,0.9424568764568765,0.972276360961573,362,13,46,53,426,64
plus_orientation_change,0.5314377479718974,0.9866666666666667,0.968,32.595143866816244,0.75625,0.8706293706293706,0.9193146853146853,0.9683686591305541,363,12,74,100,480,117
plus_orientation_change,0.4404566121998745,0.9866666666666667,0.9706666666666667,41.06988127218847,0.7123287671232876,0.8374125874125874,0.904039627039627,0.9659149331838025,364,11,93,126,511,147
plus_orientation_change,0.3626401776395334,0.9866666666666667,0.9733333333333334,52.804133064242315,0.6588447653429603,0.791958041958042,0.8826456876456876,0.9648021932340749,365,10,119,162,554,189
plus_orientation_change,0.29699433735412045,0.9866666666666667,0.976,62.25672478561903,0.6182432432432432,0.7604895104895105,0.8682447552447552,0.9614736859826494,366,9,137,191,592,226
plus_orientation_change,0.1750376456626272,0.9866666666666667,0.9786666666666667,92.57020858175814,0.525035765379113,0.6538461538461539,0.8162564102564103,0.9509426399876715,367,8,198,284,699,332
plus_orientation_change,0.09918944738419153,0.9866666666666667,0.9813333333333333,147.6560017166776,0.4111731843575419,0.48776223776223776,0.7345477855477855,0.9292893745475548,368,7,293,453,895,527
plus_orientation_change,0.06340705394158977,0.9866666666666667,0.984,207.3051149929513,0.32625994694960214,0.3881118881118881,0.6860559440559441,0.9026373587950163,369,6,350,636,1131,762
plus_orientation_change,0.032390974446475713,0.9866666666666667,0.9866666666666667,349.093990813602,0.2084507042253521,0.229020979020979,0.6078438228438229,0.8249980898557744,370,5,441,1071,1775,1405
all7,0.9443782820422814,0.9866666666666667,0.9093333333333333,0.0,0.9855491329479769,1.0,0.9546666666666667,0.9439256118612834,341,34,0,0,346,5
all7,0.9282257230902428,0.9866666666666667,0.9306666666666666,0.32595143866816245,0.9775910364145658,0.9982517482517482,0.9644592074592074,0.9567540109791205,349,26,1,1,357,8
all7,0.9227575932878256,0.9866666666666667,0.9333333333333333,0.6519028773363249,0.9749303621169917,0.9965034965034965,0.9649184149184149,0.9579243790088747,350,25,2,2,359,9
all7,0.908812824052985,0.9866666666666667,0.936,0.9778543160044872,0.9722991689750693,0.9947552447552448,0.9653776223776225,0.959094747038629,351,24,3,3,361,10
all7,0.8958652974576584,0.9866666666666667,0.9413333333333334,1.9557086320089745,0.9644808743169399,0.9895104895104895,0.9654219114219114,0.9613105143403269,353,22,6,6,366,13
all7,0.871084851092374,0.9866666666666667,0.944,3.2595143866816243,0.954177897574124,0.9825174825174825,0.9632587412587412,0.9621059760966494,354,21,10,10,371,17
all7,0.8492897093798454,0.9866666666666667,0.9466666666666667,4.563320141354274,0.9441489361702128,0.9755244755244755,0.9610955710955711,0.962901437852972,355,20,14,14,376,21
all7,0.8411722916004216,0.9866666666666667,0.9493333333333334,4.889271580022436,0.9368421052631579,0.9737762237762237,0.9615547785547786,0.9666624794578558,356,19,15,15,380,24
all7,0.8308894097435623,0.9866666666666667,0.9546666666666667,5.541174457358761,0.9322916666666666,0.9702797202797203,0.9624731934731935,0.9690032155173642,358,17,17,17,384,26
all7,0.8232756275183506,0.9866666666666667,0.9573333333333334,6.519028773363249,0.9252577319587629,0.965034965034965,0.9611841491841492,0.9699236460314973,359,16,20,20,388,29
all7,0.7884149914543581,0.9866666666666667,0.96,10.430446037381198,0.8955223880597015,0.9475524475524476,0.9537762237762237,0.9710146945129003,360,15,30,32,402,42
all7,0.7821402474732436,0.9866666666666667,0.9626666666666667,11.082348914717523,0.891358024691358,0.9458041958041958,0.9542354312354313,0.9720600937848439,361,14,31,34,405,44
all7,0.7466627213744806,0.9866666666666667,0.9653333333333334,13.038057546726497,0.8786407766990292,0.9370629370629371,0.9511981351981352,0.9726056180255453,362,13,36,40,412,50
all7,0.5506131028736916,0.9866666666666667,0.968,27.379920848125643,0.7857142857142857,0.8828671328671329,0.9254335664335664,0.970618096771144,363,12,67,84,462,99
all7,0.44916941037854674,0.9866666666666667,0.9706666666666667,37.810366885506845,0.728,0.8409090909090909,0.9057878787878788,0.9672895895197184,364,11,91,116,500,136
all7,0.43961220487797853,0.9866666666666667,0.9733333333333334,38.13631832417501,0.7270916334661355,0.8391608391608392,0.9062470862470863,0.9684599575494728,365,10,92,117,502,137
all7,0.31581244470200576,0.9866666666666667,0.976,53.45603594157864,0.6512455516014235,0.7762237762237763,0.8761118881118881,0.9652227487169658,366,9,128,164,562,196
all7,0.2126861371858098,0.9866666666666667,0.9813333333333333,74.6428794550092,0.575,0.7027972027972028,0.842065268065268,0.9583157966984939,368,7,170,229,640,272
all7,0.06517959532551426,0.9866666666666667,0.984,201.43798909692438,0.33153638814016173,0.40734265734265734,0.6956713286713286,0.9048867964356061,369,6,339,618,1113,744
all7,0.031752618423718175,0.9866666666666667,0.9866666666666667,362.7839512376648,0.2025177887246853,0.23776223776223776,0.6122144522144523,0.818499714449626,370,5,436,1113,1827,1457
