scenario,feature,max_absolute_score_change,invariant
yaw_y_90,C2,0.0,False
yaw_y_90,C3,8.881784197001252e-16,False
yaw_y_90,C8,0.0,False
yaw_y_90,C9,2.220446049250313e-16,True
yaw_y_90,C13,0.0,False
yaw_y_90,mag_mean,4.440892098500626e-16,True
yaw_y_90,mag_std,2.220446049250313e-16,True
yaw_y_90,mag_rms,2.220446049250313e-16,True
yaw_y_90,mag_peak,8.881784197001252e-16,True
yaw_y_90,mag_ptp,8.881784197001252e-16,True
yaw_y_90,jerk_abs_mean,7.105427357601002e-15,True
yaw_y_90,jerk_std,3.552713678800501e-15,True
yaw_y_90,jerk_rms,3.552713678800501e-15,True
yaw_y_90,jerk_abs_peak,9.237055564881302e-14,True
yaw_y_90,pre_variance,4.440892098500626e-16,True
yaw_y_90,post_variance,2.220446049250313e-16,True
yaw_y_90,gyro_mean,2.842170943040401e-14,True
yaw_y_90,gyro_std,2.842170943040401e-14,True
yaw_y_90,gyro_rms,5.684341886080802e-14,True
yaw_y_90,gyro_peak,1.1368683772161603e-13,True
yaw_y_90,gyro_ptp,1.1368683772161603e-13,True
yaw_y_90,ga_C2,4.440892098500626e-16,True
yaw_y_90,ga_C8,2.220446049250313e-16,True
yaw_y_90,ga_C13,2.842170943040401e-14,True
yaw_y_90,ga_parallel_peak,1.7763568394002505e-15,True
yaw_y_90,ga_parallel_std,2.220446049250313e-16,True
yaw_y_90,ga_parallel_ptp,1.7763568394002505e-15,True
yaw_y_90,baseline,8.881784197001252e-16,True
tilt_x_90,C2,3.729605108251503,False
tilt_x_90,C3,8.881784197001252e-16,False
tilt_x_90,C8,1.363097573862279,False
tilt_x_90,C9,2.220446049250313e-16,True
tilt_x_90,C13,231.77607758899296,False
tilt_x_90,mag_mean,4.440892098500626e-16,True
tilt_x_90,mag_std,2.220446049250313e-16,True
tilt_x_90,mag_rms,2.220446049250313e-16,True
tilt_x_90,mag_peak,8.881784197001252e-16,True
tilt_x_90,mag_ptp,8.881784197001252e-16,True
tilt_x_90,jerk_abs_mean,7.105427357601002e-15,True
tilt_x_90,jerk_std,3.552713678800501e-15,True
tilt_x_90,jerk_rms,7.105427357601002e-15,True
tilt_x_90,jerk_abs_peak,9.237055564881302e-14,True
tilt_x_90,pre_variance,4.440892098500626e-16,True
tilt_x_90,post_variance,3.3306690738754696e-16,True
tilt_x_90,gyro_mean,2.842170943040401e-14,True
tilt_x_90,gyro_std,1.4210854715202004e-14,True
tilt_x_90,gyro_rms,5.684341886080802e-14,True
tilt_x_90,gyro_peak,5.684341886080802e-14,True
tilt_x_90,gyro_ptp,5.684341886080802e-14,True
tilt_x_90,ga_C2,4.440892098500626e-16,True
tilt_x_90,ga_C8,2.220446049250313e-16,True
tilt_x_90,ga_C13,5.684341886080802e-14,True
tilt_x_90,ga_parallel_peak,1.7763568394002505e-15,True
tilt_x_90,ga_parallel_std,2.220446049250313e-16,True
tilt_x_90,ga_parallel_ptp,1.7763568394002505e-15,True
tilt_x_90,baseline,8.881784197001252e-16,True
random_00,C2,3.12351432099869,False
random_00,C3,0.7033274554003208,False
random_00,C8,1.3648429715045114,False
random_00,C9,1.4432899320127035e-15,True
random_00,C13,231.3409353152258,False
random_00,mag_mean,1.1102230246251565e-15,True
random_00,mag_std,6.661338147750939e-16,True
random_00,mag_rms,1.1102230246251565e-15,True
random_00,mag_peak,2.6645352591003757e-15,True
random_00,mag_ptp,3.552713678800501e-15,True
random_00,jerk_abs_mean,2.1316282072803006e-14,True
random_00,jerk_std,2.4868995751603507e-14,True
random_00,jerk_rms,2.4868995751603507e-14,True
random_00,jerk_abs_peak,1.7763568394002505e-13,True
random_00,pre_variance,1.4432899320127035e-15,True
random_00,post_variance,1.2212453270876722e-15,True
random_00,gyro_mean,2.2737367544323206e-13,True
random_00,gyro_std,1.7053025658242404e-13,True
random_00,gyro_rms,2.2737367544323206e-13,True
random_00,gyro_peak,4.547473508864641e-13,True
random_00,gyro_ptp,4.547473508864641e-13,True
random_00,ga_C2,1.7763568394002505e-15,True
random_00,ga_C8,6.661338147750939e-16,True
random_00,ga_C13,8.526512829121202e-14,True
random_00,ga_parallel_peak,2.6645352591003757e-15,True
random_00,ga_parallel_std,8.881784197001252e-16,True
random_00,ga_parallel_ptp,3.1086244689504383e-15,True
random_00,baseline,2.6645352591003757e-15,True
random_01,C2,3.347503175924757,False
random_01,C3,0.6731752703419867,False
random_01,C8,1.1768957823902042,False
random_01,C9,1.5543122344752192e-15,True
random_01,C13,213.47177376190197,False
random_01,mag_mean,1.1102230246251565e-15,True
random_01,mag_std,8.881784197001252e-16,True
random_01,mag_rms,1.1102230246251565e-15,True
random_01,mag_peak,2.6645352591003757e-15,True
random_01,mag_ptp,2.6645352591003757e-15,True
random_01,jerk_abs_mean,1.7763568394002505e-14,True
random_01,jerk_std,1.7763568394002505e-14,True
random_01,jerk_rms,1.4210854715202004e-14,True
random_01,jerk_abs_peak,1.8474111129762605e-13,True
random_01,pre_variance,1.4432899320127035e-15,True
random_01,post_variance,1.4432899320127035e-15,True
random_01,gyro_mean,2.2737367544323206e-13,True
random_01,gyro_std,7.105427357601002e-14,True
random_01,gyro_rms,1.7053025658242404e-13,True
random_01,gyro_peak,3.410605131648481e-13,True
random_01,gyro_ptp,3.410605131648481e-13,True
random_01,ga_C2,1.7763568394002505e-15,True
random_01,ga_C8,6.661338147750939e-16,True
random_01,ga_C13,8.526512829121202e-14,True
random_01,ga_parallel_peak,2.6645352591003757e-15,True
random_01,ga_parallel_std,6.661338147750939e-16,True
random_01,ga_parallel_ptp,2.6645352591003757e-15,True
random_01,baseline,2.6645352591003757e-15,True
random_02,C2,2.9370269260600277,False
random_02,C3,0.5423519249059652,False
random_02,C8,1.330495847845764,False
random_02,C9,1.3322676295501878e-15,True
random_02,C13,236.3472571205541,False
random_02,mag_mean,1.1102230246251565e-15,True
random_02,mag_std,6.661338147750939e-16,True
random_02,mag_rms,1.1102230246251565e-15,True
random_02,mag_peak,2.6645352591003757e-15,True
random_02,mag_ptp,2.6645352591003757e-15,True
random_02,jerk_abs_mean,1.7763568394002505e-14,True
random_02,jerk_std,1.4210854715202004e-14,True
random_02,jerk_rms,1.4210854715202004e-14,True
random_02,jerk_abs_peak,1.8474111129762605e-13,True
random_02,pre_variance,1.5543122344752192e-15,True
random_02,post_variance,1.3322676295501878e-15,True
random_02,gyro_mean,1.7053025658242404e-13,True
random_02,gyro_std,8.526512829121202e-14,True
random_02,gyro_rms,1.7053025658242404e-13,True
random_02,gyro_peak,4.547473508864641e-13,True
random_02,gyro_ptp,4.547473508864641e-13,True
random_02,ga_C2,1.7763568394002505e-15,True
random_02,ga_C8,6.661338147750939e-16,True
random_02,ga_C13,8.526512829121202e-14,True
random_02,ga_parallel_peak,3.1086244689504383e-15,True
random_02,ga_parallel_std,8.881784197001252e-16,True
random_02,ga_parallel_ptp,3.1086244689504383e-15,True
random_02,baseline,2.6645352591003757e-15,True
random_03,C2,2.9518510881468547,False
random_03,C3,0.6482763420751523,False
random_03,C8,1.3586637470457001,False
random_03,C9,1.3322676295501878e-15,True
random_03,C13,234.89829763840203,False
random_03,mag_mean,1.1102230246251565e-15,True
random_03,mag_std,7.771561172376096e-16,True
random_03,mag_rms,1.1102230246251565e-15,True
random_03,mag_peak,2.6645352591003757e-15,True
random_03,mag_ptp,2.6645352591003757e-15,True
random_03,jerk_abs_mean,1.7763568394002505e-14,True
random_03,jerk_std,1.7763568394002505e-14,True
random_03,jerk_rms,1.7763568394002505e-14,True
random_03,jerk_abs_peak,1.8474111129762605e-13,True
random_03,pre_variance,1.3322676295501878e-15,True
random_03,post_variance,1.5543122344752192e-15,True
random_03,gyro_mean,1.1368683772161603e-13,True
random_03,gyro_std,8.526512829121202e-14,True
random_03,gyro_rms,1.7053025658242404e-13,True
random_03,gyro_peak,3.410605131648481e-13,True
random_03,gyro_ptp,3.410605131648481e-13,True
random_03,ga_C2,1.7763568394002505e-15,True
random_03,ga_C8,6.661338147750939e-16,True
random_03,ga_C13,8.526512829121202e-14,True
random_03,ga_parallel_peak,3.552713678800501e-15,True
random_03,ga_parallel_std,8.881784197001252e-16,True
random_03,ga_parallel_ptp,3.552713678800501e-15,True
random_03,baseline,2.6645352591003757e-15,True
random_04,C2,3.2030147110901273,False
random_04,C3,0.6935513277924188,False
random_04,C8,1.1834131658385652,False
random_04,C9,1.5543122344752192e-15,True
random_04,C13,223.49202430357434,False
random_04,mag_mean,8.881784197001252e-16,True
random_04,mag_std,6.661338147750939e-16,True
random_04,mag_rms,1.1102230246251565e-15,True
random_04,mag_peak,1.7763568394002505e-15,True
random_04,mag_ptp,1.7763568394002505e-15,True
random_04,jerk_abs_mean,1.4210854715202004e-14,True
random_04,jerk_std,1.7763568394002505e-14,True
random_04,jerk_rms,2.1316282072803006e-14,True
random_04,jerk_abs_peak,1.8474111129762605e-13,True
random_04,pre_variance,2.220446049250313e-15,True
random_04,post_variance,1.3322676295501878e-15,True
random_04,gyro_mean,2.2737367544323206e-13,True
random_04,gyro_std,8.526512829121202e-14,True
random_04,gyro_rms,2.2737367544323206e-13,True
random_04,gyro_peak,4.547473508864641e-13,True
random_04,gyro_ptp,4.547473508864641e-13,True
random_04,ga_C2,1.7763568394002505e-15,True
random_04,ga_C8,6.661338147750939e-16,True
random_04,ga_C13,9.947598300641403e-14,True
random_04,ga_parallel_peak,2.6645352591003757e-15,True
random_04,ga_parallel_std,8.881784197001252e-16,True
random_04,ga_parallel_ptp,3.1086244689504383e-15,True
random_04,baseline,1.7763568394002505e-15,True
random_05,C2,3.253058628886335,False
random_05,C3,0.7958616726680745,False
random_05,C8,1.3480766558506199,False
random_05,C9,1.4988010832439613e-15,True
random_05,C13,225.2471052265724,False
random_05,mag_mean,1.1102230246251565e-15,True
random_05,mag_std,7.771561172376096e-16,True
random_05,mag_rms,1.1102230246251565e-15,True
random_05,mag_peak,3.552713678800501e-15,True
random_05,mag_ptp,3.552713678800501e-15,True
random_05,jerk_abs_mean,1.5987211554602254e-14,True
random_05,jerk_std,1.4210854715202004e-14,True
random_05,jerk_rms,1.4210854715202004e-14,True
random_05,jerk_abs_peak,1.7053025658242404e-13,True
random_05,pre_variance,2.4424906541753444e-15,True
random_05,post_variance,1.5543122344752192e-15,True
random_05,gyro_mean,2.2737367544323206e-13,True
random_05,gyro_std,8.526512829121202e-14,True
random_05,gyro_rms,1.1368683772161603e-13,True
random_05,gyro_peak,2.8421709430404007e-13,True
random_05,gyro_ptp,2.8421709430404007e-13,True
random_05,ga_C2,2.220446049250313e-15,True
random_05,ga_C8,6.661338147750939e-16,True
random_05,ga_C13,8.526512829121202e-14,True
random_05,ga_parallel_peak,3.552713678800501e-15,True
random_05,ga_parallel_std,8.881784197001252e-16,True
random_05,ga_parallel_ptp,3.552713678800501e-15,True
random_05,baseline,3.552713678800501e-15,True
random_06,C2,3.2122992542944933,False
random_06,C3,0.6279235442132718,False
random_06,C8,1.240225433267578,False
random_06,C9,1.6653345369377348e-15,True
random_06,C13,239.65662018377157,False
random_06,mag_mean,1.2212453270876722e-15,True
random_06,mag_std,8.881784197001252e-16,True
random_06,mag_rms,1.3322676295501878e-15,True
random_06,mag_peak,2.6645352591003757e-15,True
random_06,mag_ptp,2.6645352591003757e-15,True
random_06,jerk_abs_mean,1.4210854715202004e-14,True
random_06,jerk_std,2.1316282072803006e-14,True
random_06,jerk_rms,2.1316282072803006e-14,True
random_06,jerk_abs_peak,1.8474111129762605e-13,True
random_06,pre_variance,1.9984014443252818e-15,True
random_06,post_variance,1.2212453270876722e-15,True
random_06,gyro_mean,2.2737367544323206e-13,True
random_06,gyro_std,1.7053025658242404e-13,True
random_06,gyro_rms,3.410605131648481e-13,True
random_06,gyro_peak,4.547473508864641e-13,True
random_06,gyro_ptp,4.547473508864641e-13,True
random_06,ga_C2,1.3322676295501878e-15,True
random_06,ga_C8,6.661338147750939e-16,True
random_06,ga_C13,8.526512829121202e-14,True
random_06,ga_parallel_peak,3.552713678800501e-15,True
random_06,ga_parallel_std,1.1102230246251565e-15,True
random_06,ga_parallel_ptp,3.552713678800501e-15,True
random_06,baseline,2.6645352591003757e-15,True
random_07,C2,3.8317228520196824,False
random_07,C3,0.533657885121885,False
random_07,C8,1.152162102186983,False
random_07,C9,1.5543122344752192e-15,True
random_07,C13,223.8657650770696,False
random_07,mag_mean,1.1102230246251565e-15,True
random_07,mag_std,6.661338147750939e-16,True
random_07,mag_rms,1.1102230246251565e-15,True
random_07,mag_peak,2.220446049250313e-15,True
random_07,mag_ptp,2.220446049250313e-15,True
random_07,jerk_abs_mean,1.0658141036401503e-14,True
random_07,jerk_std,1.7763568394002505e-14,True
random_07,jerk_rms,1.2434497875801753e-14,True
random_07,jerk_abs_peak,1.7763568394002505e-13,True
random_07,pre_variance,1.5543122344752192e-15,True
random_07,post_variance,1.1102230246251565e-15,True
random_07,gyro_mean,1.7053025658242404e-13,True
random_07,gyro_std,1.7053025658242404e-13,True
random_07,gyro_rms,1.7053025658242404e-13,True
random_07,gyro_peak,3.410605131648481e-13,True
random_07,gyro_ptp,2.2737367544323206e-13,True
random_07,ga_C2,2.6645352591003757e-15,True
random_07,ga_C8,7.771561172376096e-16,True
random_07,ga_C13,1.1368683772161603e-13,True
random_07,ga_parallel_peak,3.1086244689504383e-15,True
random_07,ga_parallel_std,7.771561172376096e-16,True
random_07,ga_parallel_ptp,3.552713678800501e-15,True
random_07,baseline,2.220446049250313e-15,True
random_08,C2,2.9485358550080027,False
random_08,C3,0.6085151797331596,False
random_08,C8,1.3251364450970013,False
random_08,C9,1.4988010832439613e-15,True
random_08,C13,237.66862135429494,False
random_08,mag_mean,1.1102230246251565e-15,True
random_08,mag_std,6.661338147750939e-16,True
random_08,mag_rms,1.3322676295501878e-15,True
random_08,mag_peak,2.6645352591003757e-15,True
random_08,mag_ptp,2.6645352591003757e-15,True
random_08,jerk_abs_mean,1.7763568394002505e-14,True
random_08,jerk_std,1.7763568394002505e-14,True
random_08,jerk_rms,1.7763568394002505e-14,True
random_08,jerk_abs_peak,1.7763568394002505e-13,True
random_08,pre_variance,1.3322676295501878e-15,True
random_08,post_variance,1.5543122344752192e-15,True
random_08,gyro_mean,2.2737367544323206e-13,True
random_08,gyro_std,1.1368683772161603e-13,True
random_08,gyro_rms,3.410605131648481e-13,True
random_08,gyro_peak,4.547473508864641e-13,True
random_08,gyro_ptp,2.2737367544323206e-13,True
random_08,ga_C2,2.220446049250313e-15,True
random_08,ga_C8,6.661338147750939e-16,True
random_08,ga_C13,8.526512829121202e-14,True
random_08,ga_parallel_peak,3.552713678800501e-15,True
random_08,ga_parallel_std,8.881784197001252e-16,True
random_08,ga_parallel_ptp,4.440892098500626e-15,True
random_08,baseline,2.6645352591003757e-15,True
random_09,C2,3.7698992346359272,False
random_09,C3,0.6531876048836613,False
random_09,C8,1.1502432514498613,False
random_09,C9,1.4988010832439613e-15,True
random_09,C13,213.63000665453555,False
random_09,mag_mean,1.1102230246251565e-15,True
random_09,mag_std,7.771561172376096e-16,True
random_09,mag_rms,1.1102230246251565e-15,True
random_09,mag_peak,2.6645352591003757e-15,True
random_09,mag_ptp,2.6645352591003757e-15,True
random_09,jerk_abs_mean,1.4210854715202004e-14,True
random_09,jerk_std,1.4210854715202004e-14,True
random_09,jerk_rms,1.7763568394002505e-14,True
random_09,jerk_abs_peak,1.8474111129762605e-13,True
random_09,pre_variance,1.5543122344752192e-15,True
random_09,post_variance,1.7763568394002505e-15,True
random_09,gyro_mean,2.2737367544323206e-13,True
random_09,gyro_std,1.7053025658242404e-13,True
random_09,gyro_rms,2.2737367544323206e-13,True
random_09,gyro_peak,4.547473508864641e-13,True
random_09,gyro_ptp,3.410605131648481e-13,True
random_09,ga_C2,1.7763568394002505e-15,True
random_09,ga_C8,6.661338147750939e-16,True
random_09,ga_C13,8.526512829121202e-14,True
random_09,ga_parallel_peak,2.6645352591003757e-15,True
random_09,ga_parallel_std,8.881784197001252e-16,True
random_09,ga_parallel_ptp,3.552713678800501e-15,True
random_09,baseline,2.6645352591003757e-15,True
