split,feature,sensitivity_original,sensitivity_mean,sensitivity_min,sensitivity_max,sensitivity_std,specificity_original,specificity_mean,specificity_min,specificity_max,specificity_std,balanced_accuracy_original,balanced_accuracy_mean,balanced_accuracy_min,balanced_accuracy_max,balanced_accuracy_std,precision_original,precision_mean,precision_min,precision_max,precision_std,f1_original,f1_mean,f1_min,f1_max,f1_std,pr_auc_trapezoidal_original,pr_auc_trapezoidal_mean,pr_auc_trapezoidal_min,pr_auc_trapezoidal_max,pr_auc_trapezoidal_std
validation,C2,0.9866666666666667,0.9623999999999999,0.9546666666666667,0.9706666666666667,0.0053995884616844176,0.9833146905294556,0.7260067114093959,0.723806860551827,0.7286539895600298,0.0014767551128184906,0.9849906785980611,0.8442033557046982,0.8410311334824758,0.8475164056674124,0.0023440912215941523,0.5082417582417582,0.05783980456656116,0.057384910485933506,0.058233581365253966,0.0002728449764215965,0.670897552130553,0.10912131232701161,0.10827929422409893,0.10980631386304712,0.000503377563077889,0.970525807925924,0.4248041659836613,0.3845593488825128,0.44681465930912995,0.01912023314214086
validation,C3,0.9706666666666667,0.9698666666666668,0.9653333333333334,0.9733333333333334,0.0030920048232757763,0.9223527218493661,0.9171234153616703,0.9166200596569725,0.9175055928411633,0.0003026865244334486,0.9465096942580165,0.9434950410141687,0.9411398210290828,0.9454194630872483,0.0015114893434350477,0.1793103448275862,0.16980343032922868,0.16884328358208955,0.17096018735362997,0.0005835929071558662,0.3027027027027027,0.28900730552598464,0.2874156411274315,0.2908366533864542,0.0009251845844932047,0.6329207719462874,0.5842352479279216,0.5801922424186196,0.589535503600799,0.0030808903190057304
validation,C8,0.9866666666666667,0.9821333333333333,0.976,0.9893333333333333,0.004178723297259791,0.9842002237136466,0.8435728933631618,0.8423750932140194,0.8446588366890381,0.0006736285099122837,0.9854334451901566,0.9128531133482476,0.9093739746457867,0.9164134973900074,0.002094856515036142,0.5218617771509168,0.09888421884118097,0.09786096256684491,0.09949048002145347,0.0005200583434953295,0.6826568265682657,0.17967770340041117,0.17788578371810448,0.1807992202729045,0.0009075975296931398,0.9271630182335475,0.2041085694022861,0.19504390217855685,0.21054289339345772,0.0050744542963840145
validation,C9,0.9706666666666667,0.9706666666666667,0.9706666666666667,0.9706666666666667,0.0,0.8957867263236391,0.8957867263236391,0.8957867263236391,0.8957867263236391,0.0,0.9332266964951529,0.9332266964951529,0.9332266964951529,0.9332266964951529,0.0,0.14,0.14000000000000004,0.14,0.14,2.925694557147251e-17,0.2447058823529412,0.2447058823529412,0.2447058823529412,0.2447058823529412,0.0,0.2667911499103964,0.26679114991039643,0.2667911499103964,0.2667911499103964,5.851389114294502e-17
validation,C13,0.9706666666666667,0.9562666666666667,0.936,0.9706666666666667,0.009834180754445743,0.8674030574198359,0.20981077554064131,0.20642244593586875,0.21341349739000745,0.0025261639399856463,0.9190348620432514,0.5830387211036541,0.5744504101416853,0.5903622296793438,0.004740390926041057,0.11343097538173887,0.020712867597906214,0.020360809791751262,0.021024663547623175,0.00020156234565156658,0.203125,0.04054746369892341,0.039854661065061886,0.04115784712799638,0.00039463506999843045,0.17858065832329748,0.030110317863602465,0.028498024585444426,0.03229546627470649,0.001361740542221923
validation,mag_mean,0.9146666666666666,0.9146666666666666,0.9146666666666666,0.9146666666666666,0.0,0.8022464578672632,0.8022464578672632,0.8022464578672632,0.8022464578672632,0.0,0.8584565622669649,0.8584565622669649,0.8584565622669649,0.8584565622669649,0.0,0.074792847797645,0.07479284779764499,0.074792847797645,0.074792847797645,1.4628472785736255e-17,0.1382785728683733,0.1382785728683733,0.1382785728683733,0.1382785728683733,0.0,0.0847350712891577,0.0847350712891577,0.0847350712891577,0.0847350712891577,0.0
validation,mag_std,0.968,0.968,0.968,0.968,0.0,0.8122203579418344,0.8122203579418346,0.8122203579418344,0.8122203579418344,1.1702778228589004e-16,0.8901101789709172,0.8901101789709174,0.8901101789709172,0.8901101789709172,2.340555645717801e-16,0.08265027322404371,0.08265027322404371,0.08265027322404371,0.08265027322404371,0.0,0.15229704216488357,0.15229704216488354,0.15229704216488357,0.15229704216488357,2.925694557147251e-17,0.17277728207252857,0.17277728207252857,0.17277728207252857,0.17277728207252857,0.0
validation,mag_rms,0.9866666666666667,0.9866666666666667,0.9866666666666667,0.9866666666666667,0.0,0.8037378821774795,0.8037378821774797,0.8037378821774795,0.8037378821774795,1.1702778228589004e-16,0.8952022744220731,0.8952022744220732,0.8952022744220731,0.8952022744220731,1.1702778228589004e-16,0.08076839118096485,0.08076839118096486,0.08076839118096485,0.08076839118096485,1.4628472785736255e-17,0.1493139628732849,0.1493139628732849,0.1493139628732849,0.1493139628732849,0.0,0.10820958322281515,0.10820958322281515,0.10820958322281515,0.10820958322281515,0.0
validation,mag_peak,0.9306666666666666,0.9306666666666666,0.9306666666666666,0.9306666666666666,0.0,0.9051547352721849,0.9051547352721847,0.9051547352721849,0.9051547352721849,2.340555645717801e-16,0.9179107009694258,0.9179107009694258,0.9179107009694258,0.9179107009694258,0.0,0.14639261744966442,0.14639261744966442,0.14639261744966442,0.14639261744966442,0.0,0.2529902138455962,0.2529902138455963,0.2529902138455962,0.2529902138455962,5.851389114294502e-17,0.5828975099649293,0.5828975099649292,0.5828975099649293,0.5828975099649293,1.1702778228589004e-16
validation,mag_ptp,0.976,0.9759999999999998,0.976,0.976,2.340555645717801e-16,0.8133855331841909,0.8133855331841909,0.8133855331841909,0.8133855331841909,0.0,0.8946927665920954,0.8946927665920954,0.8946927665920954,0.8946927665920954,0.0,0.08375286041189932,0.08375286041189932,0.08375286041189932,0.08375286041189932,0.0,0.15426765015806113,0.15426765015806113,0.15426765015806113,0.15426765015806113,0.0,0.5079594867050636,0.5079594867050636,0.5079594867050636,0.5079594867050636,0.0
validation,jerk_abs_mean,0.9706666666666667,0.9706666666666667,0.9706666666666667,0.9706666666666667,0.0,0.8038777032065623,0.8038777032065623,0.8038777032065623,0.8038777032065623,0.0,0.8872721849366145,0.8872721849366145,0.8872721849366145,0.8872721849366145,0.0,0.07961504811898512,0.07961504811898512,0.07961504811898512,0.07961504811898512,0.0,0.14715989488578937,0.14715989488578934,0.14715989488578937,0.14715989488578937,2.925694557147251e-17,0.05233779401670093,0.05233779401670093,0.05233779401670093,0.05233779401670093,0.0
validation,jerk_std,0.984,0.984,0.984,0.984,0.0,0.7981450410141685,0.7981450410141686,0.7981450410141685,0.7981450410141685,1.1702778228589004e-16,0.8910725205070842,0.8910725205070842,0.8910725205070842,0.8910725205070842,0.0,0.07851063829787235,0.07851063829787233,0.07851063829787235,0.07851063829787235,1.4628472785736255e-17,0.14541871921182267,0.14541871921182264,0.14541871921182267,0.14541871921182267,2.925694557147251e-17,0.08503676284736027,0.08503676284736027,0.08503676284736027,0.08503676284736027,0.0
validation,jerk_rms,0.984,0.984,0.984,0.984,0.0,0.7977721849366145,0.7977721849366145,0.7977721849366145,0.7977721849366145,0.0,0.8908860924683073,0.8908860924683072,0.8908860924683073,0.8908860924683073,1.1702778228589004e-16,0.07837723024638912,0.07837723024638912,0.07837723024638912,0.07837723024638912,0.0,0.1451898485146567,0.14518984851465672,0.1451898485146567,0.1451898485146567,2.925694557147251e-17,0.08458360885577201,0.08458360885577201,0.08458360885577201,0.08458360885577201,0.0
validation,jerk_abs_peak,0.9733333333333334,0.9733333333333333,0.9733333333333334,0.9733333333333334,1.1702778228589004e-16,0.8097035794183445,0.8097035794183445,0.8097035794183445,0.8097035794183445,0.0,0.8915184563758389,0.8915184563758387,0.8915184563758389,0.8915184563758389,2.340555645717801e-16,0.08205935251798561,0.0820593525179856,0.08205935251798561,0.08205935251798561,1.4628472785736255e-17,0.15135807588637779,0.15135807588637779,0.15135807588637779,0.15135807588637779,0.0,0.31556282806039065,0.3155628280603907,0.31556282806039065,0.31556282806039065,5.851389114294502e-17
validation,pre_variance,0.952,0.952,0.952,0.952,0.0,0.7953486204325131,0.7953486204325131,0.7953486204325131,0.7953486204325131,0.0,0.8736743102162565,0.8736743102162565,0.8736743102162565,0.8736743102162565,0.0,0.07518955349620893,0.07518955349620893,0.07518955349620893,0.07518955349620893,0.0,0.13937146203396447,0.1393714620339645,0.13937146203396447,0.13937146203396447,2.925694557147251e-17,0.1639412524383737,0.1639412524383737,0.1639412524383737,0.1639412524383737,0.0
validation,post_variance,0.9653333333333334,0.9653333333333334,0.9653333333333334,0.9653333333333334,0.0,0.7942766592095452,0.7942766592095453,0.7942766592095452,0.7942766592095452,1.1702778228589004e-16,0.8798049962714393,0.8798049962714393,0.8798049962714393,0.8798049962714393,0.0,0.07579564489112228,0.0757956448911223,0.07579564489112228,0.07579564489112228,1.4628472785736255e-17,0.1405552319937876,0.14055523199378764,0.1405552319937876,0.1405552319937876,2.925694557147251e-17,0.13478299588613726,0.13478299588613726,0.13478299588613726,0.13478299588613726,0.0
validation,gyro_mean,0.9573333333333334,0.9573333333333333,0.9573333333333334,0.9573333333333334,1.1702778228589004e-16,0.9607102908277405,0.9607102908277406,0.9607102908277405,0.9607102908277405,1.1702778228589004e-16,0.9590218120805369,0.9590218120805367,0.9590218120805369,0.9590218120805369,2.340555645717801e-16,0.29866888519134777,0.2986688851913478,0.29866888519134777,0.29866888519134777,5.851389114294502e-17,0.45529486366518707,0.45529486366518707,0.45529486366518707,0.45529486366518707,0.0,0.5688918091438164,0.5688918091438164,0.5688918091438164,0.5688918091438164,0.0
validation,gyro_std,0.9493333333333334,0.9493333333333334,0.9493333333333334,0.9493333333333334,0.0,0.9578672632363907,0.9578672632363908,0.9578672632363907,0.9578672632363907,1.1702778228589004e-16,0.953600298284862,0.953600298284862,0.953600298284862,0.953600298284862,0.0,0.28253968253968254,0.28253968253968254,0.28253968253968254,0.28253968253968254,0.0,0.43547400611620796,0.43547400611620796,0.43547400611620796,0.43547400611620796,0.0,0.5669929444088507,0.5669929444088507,0.5669929444088507,0.5669929444088507,0.0
validation,gyro_rms,0.952,0.952,0.952,0.952,0.0,0.9733873974645787,0.9733873974645787,0.9733873974645787,0.9733873974645787,0.0,0.9626936987322894,0.9626936987322894,0.9626936987322894,0.9626936987322894,0.0,0.38469827586206895,0.38469827586206895,0.38469827586206895,0.38469827586206895,0.0,0.5479662317728319,0.5479662317728319,0.5479662317728319,0.5479662317728319,0.0,0.6024003739949785,0.6024003739949785,0.6024003739949785,0.6024003739949785,0.0
validation,gyro_peak,0.944,0.9439999999999997,0.944,0.944,2.340555645717801e-16,0.96387956748695,0.96387956748695,0.96387956748695,0.96387956748695,0.0,0.953939783743475,0.953939783743475,0.953939783743475,0.953939783743475,0.0,0.31355181576616475,0.31355181576616475,0.31355181576616475,0.31355181576616475,0.0,0.47074468085106386,0.4707446808510639,0.47074468085106386,0.47074468085106386,5.851389114294502e-17,0.5905078034410651,0.5905078034410651,0.5905078034410651,0.5905078034410651,0.0
validation,gyro_ptp,0.9706666666666667,0.9706666666666667,0.9706666666666667,0.9706666666666667,0.0,0.9265473527218494,0.9265473527218495,0.9265473527218494,0.9265473527218494,1.1702778228589004e-16,0.948607009694258,0.9486070096942582,0.948607009694258,0.948607009694258,1.1702778228589004e-16,0.18762886597938144,0.18762886597938144,0.18762886597938144,0.18762886597938144,0.0,0.3144708423326134,0.3144708423326134,0.3144708423326134,0.3144708423326134,0.0,0.5636307911259043,0.5636307911259043,0.5636307911259043,0.5636307911259043,0.0
validation,ga_C2,0.9973333333333333,0.9973333333333333,0.9973333333333333,0.9973333333333333,0.0,0.9961782252050708,0.9961782252050708,0.9961782252050708,0.9961782252050708,0.0,0.9967557792692021,0.9967557792692021,0.9967557792692021,0.9967557792692021,0.0,0.8201754385964912,0.8201754385964912,0.8201754385964912,0.8201754385964912,0.0,0.9001203369434416,0.9001203369434416,0.9001203369434416,0.9001203369434416,0.0,0.9938663341001661,0.9938663341001662,0.9938663341001661,0.9938663341001661,1.1702778228589004e-16
validation,ga_C8,0.9946666666666667,0.9946666666666667,0.9946666666666667,0.9946666666666667,0.0,0.9514821029082774,0.9514821029082775,0.9514821029082774,0.9514821029082774,1.1702778228589004e-16,0.9730743847874721,0.973074384787472,0.9730743847874721,0.9730743847874721,1.1702778228589004e-16,0.2637906647807638,0.26379066478076385,0.2637906647807638,0.2637906647807638,5.851389114294502e-17,0.4169927333705981,0.41699273337059817,0.4169927333705981,0.4169927333705981,5.851389114294502e-17,0.7209816027425703,0.7209816027425704,0.7209816027425703,0.7209816027425703,1.1702778228589004e-16
validation,ga_C13,0.9866666666666667,0.9866666666666667,0.9866666666666667,0.9866666666666667,0.0,0.9592654735272185,0.9592654735272184,0.9592654735272185,0.9592654735272185,1.1702778228589004e-16,0.9729660700969426,0.9729660700969426,0.9729660700969426,0.9729660700969426,0.0,0.297427652733119,0.297427652733119,0.297427652733119,0.297427652733119,0.0,0.4570722668313774,0.4570722668313774,0.4570722668313774,0.4570722668313774,0.0,0.662287751622497,0.662287751622497,0.662287751622497,0.662287751622497,0.0
validation,ga_parallel_peak,0.9466666666666667,0.9466666666666667,0.9466666666666667,0.9466666666666667,0.0,0.8154828486204325,0.8154828486204325,0.8154828486204325,0.8154828486204325,0.0,0.8810747576435496,0.8810747576435496,0.8810747576435496,0.8810747576435496,0.0,0.08229021789522485,0.08229021789522485,0.08229021789522485,0.08229021789522485,0.0,0.15141821283855833,0.15141821283855833,0.15141821283855833,0.15141821283855833,0.0,0.4422462420756114,0.44224624207561136,0.4422462420756114,0.4422462420756114,5.851389114294502e-17
validation,ga_parallel_std,0.9653333333333334,0.9653333333333334,0.9653333333333334,0.9653333333333334,0.0,0.7931114839671887,0.7931114839671887,0.7931114839671887,0.7931114839671887,0.0,0.879222408650261,0.879222408650261,0.879222408650261,0.879222408650261,0.0,0.07540095813372213,0.07540095813372213,0.07540095813372213,0.07540095813372213,0.0,0.13987635239567234,0.13987635239567234,0.13987635239567234,0.13987635239567234,0.0,0.06745839240314891,0.06745839240314891,0.06745839240314891,0.06745839240314891,0.0
validation,ga_parallel_ptp,0.976,0.9759999999999998,0.976,0.976,2.340555645717801e-16,0.7990305741983594,0.7990305741983594,0.7990305741983594,0.7990305741983594,0.0,0.8875152870991797,0.8875152870991798,0.8875152870991797,0.8875152870991797,1.1702778228589004e-16,0.07823856348867037,0.07823856348867038,0.07823856348867037,0.07823856348867037,1.4628472785736255e-17,0.14486443696813775,0.14486443696813775,0.14486443696813775,0.14486443696813775,0.0,0.29365150583246324,0.29365150583246324,0.29365150583246324,0.29365150583246324,0.0
validation,baseline,0.9306666666666666,0.9306666666666666,0.9306666666666666,0.9306666666666666,0.0,0.9051547352721849,0.9051547352721847,0.9051547352721849,0.9051547352721849,2.340555645717801e-16,0.9179107009694258,0.9179107009694258,0.9179107009694258,0.9179107009694258,0.0,0.14639261744966442,0.14639261744966442,0.14639261744966442,0.14639261744966442,0.0,0.2529902138455962,0.2529902138455963,0.2529902138455962,0.2529902138455962,5.851389114294502e-17,0.5828975099649293,0.5828975099649292,0.5828975099649293,0.5828975099649293,1.1702778228589004e-16
test,C2,0.952,0.9485333333333333,0.9333333333333333,0.9653333333333334,0.008530555103296065,0.9525612370569722,0.719919719016558,0.7175569037084341,0.7228937645395247,0.0017748292567716475,0.952280618528486,0.8342265261749457,0.8273837218142286,0.8427679301798721,0.004206999555061984,0.25554760200429494,0.05475877971435374,0.054149409418622486,0.055726600985221676,0.0005225279455658005,0.40293453724604966,0.10354001056869302,0.10240789091964027,0.1053703973220783,0.0009744851084651376,0.9199586896982574,0.4482537867098822,0.3803353862341477,0.4802139936783999,0.03133229163911321
test,C3,0.9146666666666666,0.9048,0.8906666666666667,0.9146666666666666,0.005902918298980947,0.9089540665054965,0.9021666742690325,0.9016557952834923,0.9026136933813803,0.0002666686283007951,0.9118103665860815,0.9034833371345161,0.8966401800240236,0.9081612309750795,0.0028454125028193372,0.1466438648995297,0.1365876631312808,0.13527744025921426,0.13725490196078433,0.0005473461986944054,0.2527634487840825,0.2373456095937007,0.2348804500703235,0.23869171885873347,0.0010191401175281669,0.7105267068902068,0.6832648251148937,0.6816426115027909,0.6856610879742558,0.001257850200999423
test,C8,0.9573333333333334,0.9704,0.9546666666666667,0.9893333333333333,0.010324129712522367,0.9825753774574648,0.8467545500159648,0.8450485791178215,0.8484696437531359,0.0010867288821826547,0.9699543553953991,0.9085772750079826,0.9004506074290319,0.9179207833477778,0.005234919516110002,0.4844804318488529,0.09773375351862296,0.09600429069455618,0.09930406852248394,0.0011682798230055274,0.6433691756272402,0.17758177498775715,0.17446393762183235,0.18049136463147653,0.002076691806769257,0.9552726071187024,0.26701085185073137,0.23743953886354527,0.3066737370190532,0.020154839202294425
test,C9,0.8613333333333333,0.8613333333333333,0.8613333333333333,0.8613333333333333,0.0,0.868813574784473,0.868813574784473,0.868813574784473,0.868813574784473,0.0,0.8650734540589031,0.8650734540589031,0.8650734540589031,0.8650734540589031,0.0,0.10096905282900906,0.10096905282900906,0.10096905282900906,0.10096905282900906,0.0,0.18074986010072747,0.1807498601007275,0.18074986010072747,0.18074986010072747,2.925694557147251e-17,0.4426176457188465,0.4426176457188465,0.4426176457188465,0.4426176457188465,0.0
test,C13,0.9306666666666666,0.944,0.92,0.9573333333333334,0.011991766722872922,0.853669661998814,0.20717967431464673,0.20330246772795693,0.2134288190484879,0.0028003136877790707,0.8921681643327404,0.5755898371573234,0.5627687816448479,0.5840477428575773,0.006694073934432673,0.09811639021647456,0.019961002290608473,0.019423488345906993,0.020338597886603794,0.0002842511729018337,0.1775178026449644,0.039095320604975406,0.03804377791255445,0.039828669967180284,0.0005552227605031613,0.2520765416084958,0.03262902473661329,0.025105176696799146,0.04038704714423889,0.004485531807220978
test,mag_mean,0.8453333333333334,0.8453333333333333,0.8453333333333334,0.8453333333333334,1.1702778228589004e-16,0.7576517812343201,0.7576517812343201,0.7576517812343201,0.7576517812343201,0.0,0.8014925572838267,0.8014925572838267,0.8014925572838267,0.8014925572838267,0.0,0.05630550621669627,0.05630550621669626,0.05630550621669627,0.05630550621669627,7.314236392868128e-18,0.10557868442964197,0.10557868442964198,0.10557868442964197,0.10557868442964197,1.4628472785736255e-17,0.11171151631560462,0.11171151631560464,0.11171151631560462,0.11171151631560462,1.4628472785736255e-17
test,mag_std,0.928,0.9280000000000002,0.928,0.928,1.1702778228589004e-16,0.814350225790266,0.814350225790266,0.814350225790266,0.814350225790266,0.0,0.871175112895133,0.871175112895133,0.871175112895133,0.871175112895133,0.0,0.07876867360796741,0.0787686736079674,0.07876867360796741,0.07876867360796741,1.4628472785736255e-17,0.14521176716044232,0.14521176716044232,0.14521176716044232,0.14521176716044232,0.0,0.18529038850604973,0.18529038850604973,0.18529038850604973,0.18529038850604973,0.0
test,mag_rms,0.9573333333333334,0.9573333333333333,0.9573333333333334,0.9573333333333334,1.1702778228589004e-16,0.7945536651005793,0.7945536651005793,0.7945536651005793,0.7945536651005793,0.0,0.8759434992169564,0.8759434992169564,0.8759434992169564,0.8759434992169564,0.0,0.0738227431626568,0.0738227431626568,0.0738227431626568,0.0738227431626568,0.0,0.13707521954944635,0.13707521954944638,0.13707521954944635,0.13707521954944635,2.925694557147251e-17,0.16359002240509837,0.16359002240509837,0.16359002240509837,0.16359002240509837,0.0
test,mag_peak,0.904,0.9040000000000001,0.904,0.904,1.1702778228589004e-16,0.8952698079642385,0.8952698079642385,0.8952698079642385,0.8952698079642385,0.0,0.8996349039821192,0.899634903982119,0.8996349039821192,0.8996349039821192,2.340555645717801e-16,0.1286527514231499,0.1286527514231499,0.1286527514231499,0.1286527514231499,0.0,0.22524916943521595,0.22524916943521595,0.22524916943521595,0.22524916943521595,0.0,0.6195674762640216,0.6195674762640218,0.6195674762640216,0.6195674762640216,1.1702778228589004e-16
test,mag_ptp,0.9466666666666667,0.9466666666666667,0.9466666666666667,0.9466666666666667,0.0,0.8201432285727318,0.8201432285727318,0.8201432285727318,0.8201432285727318,0.0,0.8834049476196992,0.8834049476196991,0.8834049476196992,0.8834049476196992,1.1702778228589004e-16,0.08259655653792461,0.08259655653792461,0.08259655653792461,0.08259655653792461,0.0,0.15193665739353734,0.15193665739353737,0.15193665739353734,0.15193665739353734,2.925694557147251e-17,0.5015117441264291,0.501511744126429,0.5015117441264291,0.5015117441264291,1.1702778228589004e-16
test,jerk_abs_mean,0.936,0.9360000000000002,0.936,0.936,1.1702778228589004e-16,0.8070063403731241,0.8070063403731241,0.8070063403731241,0.8070063403731241,0.0,0.8715031701865621,0.8715031701865621,0.8715031701865621,0.8715031701865621,0.0,0.07660410301178525,0.07660410301178525,0.07660410301178525,0.07660410301178525,0.0,0.14161791406092394,0.14161791406092394,0.14161791406092394,0.14161791406092394,0.0,0.04902897972553095,0.04902897972553095,0.04902897972553095,0.04902897972553095,0.0
test,jerk_std,0.9626666666666667,0.9626666666666667,0.9626666666666667,0.9626666666666667,0.0,0.8004835104684578,0.8004835104684578,0.8004835104684578,0.8004835104684578,0.0,0.8815750885675622,0.8815750885675622,0.8815750885675622,0.8815750885675622,0.0,0.07624076029567053,0.07624076029567053,0.07624076029567053,0.07624076029567053,0.0,0.14129158512720155,0.14129158512720158,0.14129158512720155,0.14129158512720155,2.925694557147251e-17,0.08293310718133723,0.08293310718133724,0.08293310718133723,0.08293310718133723,1.4628472785736255e-17
test,jerk_rms,0.9626666666666667,0.9626666666666667,0.9626666666666667,0.9626666666666667,0.0,0.8002098252976326,0.8002098252976326,0.8002098252976326,0.8002098252976326,0.0,0.8814382459821497,0.8814382459821497,0.8814382459821497,0.8814382459821497,0.0,0.07614427336005063,0.07614427336005061,0.07614427336005063,0.07614427336005063,1.4628472785736255e-17,0.14112587959343237,0.1411258795934324,0.14112587959343237,0.14112587959343237,2.925694557147251e-17,0.08202366806676918,0.08202366806676918,0.08202366806676918,0.08202366806676918,0.0
test,jerk_abs_peak,0.9546666666666667,0.9546666666666667,0.9546666666666667,0.9546666666666667,0.0,0.8201432285727318,0.8201432285727318,0.8201432285727318,0.8201432285727318,0.0,0.8874049476196992,0.8874049476196992,0.8874049476196992,0.8874049476196992,0.0,0.08323645663799116,0.08323645663799116,0.08323645663799116,0.08323645663799116,0.0,0.15312232677502138,0.1531223267750214,0.15312232677502138,0.15312232677502138,2.925694557147251e-17,0.4509058121233296,0.4509058121233295,0.4509058121233296,0.4509058121233296,1.1702778228589004e-16
test,pre_variance,0.9733333333333334,0.9733333333333333,0.9733333333333334,0.9733333333333334,1.1702778228589004e-16,0.794872964466542,0.794872964466542,0.794872964466542,0.794872964466542,0.0,0.8841031488999377,0.8841031488999377,0.8841031488999377,0.8841031488999377,0.0,0.07507198683669272,0.07507198683669272,0.07507198683669272,0.07507198683669272,0.0,0.13939278212717204,0.13939278212717204,0.13939278212717204,0.13939278212717204,0.0,0.19911037243339094,0.19911037243339094,0.19911037243339094,0.19911037243339094,0.0
test,post_variance,0.9333333333333333,0.9333333333333333,0.9333333333333333,0.9333333333333333,0.0,0.7937326095881038,0.7937326095881038,0.7937326095881038,0.7937326095881038,0.0,0.8635329714607185,0.8635329714607185,0.8635329714607185,0.8635329714607185,0.0,0.07183908045977011,0.07183908045977012,0.07183908045977011,0.07183908045977011,1.4628472785736255e-17,0.13340956737183152,0.13340956737183154,0.13340956737183152,0.13340956737183152,2.925694557147251e-17,0.1325980035115007,0.1325980035115007,0.1325980035115007,0.1325980035115007,0.0
test,gyro_mean,0.8986666666666666,0.8986666666666666,0.8986666666666666,0.8986666666666666,0.0,0.9525612370569722,0.9525612370569722,0.9525612370569722,0.9525612370569722,0.0,0.9256139518618194,0.9256139518618195,0.9256139518618194,0.9256139518618194,1.1702778228589004e-16,0.24473493100944083,0.24473493100944083,0.24473493100944083,0.24473493100944083,0.0,0.384703196347032,0.384703196347032,0.384703196347032,0.384703196347032,0.0,0.7035601789967019,0.7035601789967018,0.7035601789967019,0.7035601789967019,1.1702778228589004e-16
test,gyro_std,0.9226666666666666,0.9226666666666666,0.9226666666666666,0.9226666666666666,0.0,0.968663047940519,0.968663047940519,0.968663047940519,0.968663047940519,0.0,0.9456648573035928,0.9456648573035927,0.9456648573035928,0.9456648573035928,1.1702778228589004e-16,0.33494675701839305,0.3349467570183931,0.33494675701839305,0.33494675701839305,5.851389114294502e-17,0.4914772727272727,0.49147727272727265,0.4914772727272727,0.4914772727272727,5.851389114294502e-17,0.8404026119444383,0.8404026119444383,0.8404026119444383,0.8404026119444383,0.0
test,gyro_rms,0.9066666666666666,0.9066666666666666,0.9066666666666666,0.9066666666666666,0.0,0.9723577977466588,0.9723577977466589,0.9723577977466588,0.9723577977466588,1.1702778228589004e-16,0.9395122322066627,0.9395122322066628,0.9395122322066627,0.9395122322066627,1.1702778228589004e-16,0.3594080338266385,0.3594080338266385,0.3594080338266385,0.3594080338266385,0.0,0.5147615442846328,0.5147615442846327,0.5147615442846328,0.5147615442846328,1.1702778228589004e-16,0.8037565254970809,0.8037565254970808,0.8037565254970809,0.8037565254970809,1.1702778228589004e-16
test,gyro_peak,0.92,0.9200000000000002,0.92,0.92,1.1702778228589004e-16,0.967705149842631,0.967705149842631,0.967705149842631,0.967705149842631,0.0,0.9438525749213156,0.9438525749213156,0.9438525749213156,0.9438525749213156,0.0,0.32763532763532766,0.32763532763532766,0.32763532763532766,0.32763532763532766,0.0,0.4831932773109244,0.4831932773109243,0.4831932773109244,0.4831932773109244,5.851389114294502e-17,0.8742510710947144,0.8742510710947144,0.8742510710947144,0.8742510710947144,0.0
test,gyro_ptp,0.9493333333333334,0.9493333333333334,0.9493333333333334,0.9493333333333334,0.0,0.9387401359303015,0.9387401359303015,0.9387401359303015,0.9387401359303015,0.0,0.9440367346318175,0.9440367346318175,0.9440367346318175,0.9440367346318175,0.0,0.20953502060035314,0.20953502060035314,0.20953502060035314,0.20953502060035314,0.0,0.343297974927676,0.343297974927676,0.343297974927676,0.343297974927676,0.0,0.8545729252283398,0.8545729252283397,0.8545729252283398,0.8545729252283398,1.1702778228589004e-16
test,ga_C2,0.96,0.9600000000000002,0.96,0.96,2.340555645717801e-16,0.9992701728777996,0.9992701728777996,0.9992701728777996,0.9992701728777996,0.0,0.9796350864388998,0.9796350864389,0.9796350864388998,0.9796350864388998,1.1702778228589004e-16,0.9574468085106383,0.9574468085106383,0.9574468085106383,0.9574468085106383,0.0,0.9587217043941412,0.9587217043941413,0.9587217043941412,0.9587217043941412,1.1702778228589004e-16,0.9808740295827386,0.9808740295827386,0.9808740295827386,0.9808740295827386,0.0
test,ga_C8,0.936,0.9360000000000002,0.936,0.936,1.1702778228589004e-16,0.9783332573096748,0.9783332573096748,0.9783332573096748,0.9783332573096748,0.0,0.9571666286548375,0.9571666286548375,0.9571666286548375,0.9571666286548375,0.0,0.42493946731234866,0.42493946731234866,0.42493946731234866,0.42493946731234866,0.0,0.5845129059117402,0.5845129059117402,0.5845129059117402,0.5845129059117402,0.0,0.9212778865834,0.9212778865834,0.9212778865834,0.9212778865834,0.0
test,ga_C13,0.9226666666666666,0.9226666666666666,0.9226666666666666,0.9226666666666666,0.0,0.985449071751129,0.985449071751129,0.985449071751129,0.985449071751129,0.0,0.9540578692088978,0.9540578692088978,0.9540578692088978,0.9540578692088978,0.0,0.5203007518796993,0.5203007518796994,0.5203007518796993,0.5203007518796993,1.1702778228589004e-16,0.6653846153846154,0.6653846153846155,0.6653846153846154,0.6653846153846154,1.1702778228589004e-16,0.9271844519912904,0.9271844519912905,0.9271844519912904,0.9271844519912904,1.1702778228589004e-16
test,ga_parallel_peak,0.936,0.9360000000000002,0.936,0.936,1.1702778228589004e-16,0.8143046115951285,0.8143046115951285,0.8143046115951285,0.8143046115951285,0.0,0.8751523057975643,0.8751523057975643,0.8751523057975643,0.8751523057975643,0.0,0.07937584803256445,0.07937584803256445,0.07937584803256445,0.07937584803256445,0.0,0.14634146341463414,0.1463414634146341,0.14634146341463414,0.14634146341463414,2.925694557147251e-17,0.44367717342442925,0.44367717342442925,0.44367717342442925,0.44367717342442925,0.0
test,ga_parallel_std,0.936,0.9360000000000002,0.936,0.936,1.1702778228589004e-16,0.7920448843680153,0.7920448843680152,0.7920448843680153,0.7920448843680153,1.1702778228589004e-16,0.8640224421840077,0.8640224421840077,0.8640224421840077,0.8640224421840077,0.0,0.0714867617107943,0.0714867617107943,0.0714867617107943,0.0714867617107943,0.0,0.13282876064333018,0.1328287606433302,0.13282876064333018,0.13282876064333018,2.925694557147251e-17,0.062165209048063795,0.062165209048063795,0.062165209048063795,0.062165209048063795,0.0
test,ga_parallel_ptp,0.9653333333333334,0.9653333333333334,0.9653333333333334,0.9653333333333334,0.0,0.8022168498836838,0.8022168498836837,0.8022168498836838,0.8022168498836838,1.1702778228589004e-16,0.8837750916085085,0.8837750916085085,0.8837750916085085,0.8837750916085085,0.0,0.07705406555981269,0.07705406555981267,0.07705406555981269,0.07705406555981269,1.4628472785736255e-17,0.1427163414153361,0.1427163414153361,0.1427163414153361,0.1427163414153361,0.0,0.34180289538818653,0.34180289538818653,0.34180289538818653,0.34180289538818653,0.0
test,baseline,0.904,0.9040000000000001,0.904,0.904,1.1702778228589004e-16,0.8952698079642385,0.8952698079642385,0.8952698079642385,0.8952698079642385,0.0,0.8996349039821192,0.899634903982119,0.8996349039821192,0.8996349039821192,2.340555645717801e-16,0.1286527514231499,0.1286527514231499,0.1286527514231499,0.1286527514231499,0.0,0.22524916943521595,0.22524916943521595,0.22524916943521595,0.22524916943521595,0.0,0.6195674762640219,0.6195674762640219,0.6195674762640219,0.6195674762640219,0.0
