split,feature,activity_code,total,original_errors,original_rate,random_rate_mean,random_rate_min,random_rate_max
validation,C2,D03,1592,13,0.008165829145728644,0.8050251256281408,0.7876884422110553,0.8222361809045227
validation,C2,D04,1592,56,0.035175879396984924,0.8774497487437186,0.8712311557788944,0.8900753768844221
validation,C2,D06,1219,0,0.0,0.2625922887612797,0.25676784249384743,0.2682526661197703
validation,C2,D18,573,44,0.07678883071553229,0.3417102966841187,0.30017452006980805,0.36649214659685864
validation,C2,D19,575,17,0.029565217391304348,0.2726956521739131,0.2591304347826087,0.28347826086956524
validation,C2,F13,25,1,0.04,0.09600000000000002,0.04,0.16
validation,C2,F14,25,0,0.0,0.052000000000000005,0.0,0.12
validation,C2,F15,25,0,0.0,0.06000000000000001,0.0,0.12
validation,C3,D03,1592,154,0.09673366834170855,0.1271356783919598,0.12248743718592965,0.1300251256281407
validation,C3,D04,1592,1102,0.6922110552763819,0.7285804020100503,0.7229899497487438,0.7374371859296482
validation,C3,D06,1219,248,0.20344544708777687,0.20607054963084498,0.20344544708777687,0.20754716981132076
validation,C3,D18,573,40,0.06980802792321117,0.0712041884816754,0.06980802792321117,0.07329842931937172
validation,C3,D19,575,122,0.21217391304347827,0.21530434782608693,0.21391304347826087,0.21739130434782608
validation,C3,F13,25,6,0.24,0.28,0.24,0.32
validation,C3,F14,25,0,0.0,0.0,0.0,0.0
validation,C3,F15,25,1,0.04,0.039999999999999994,0.0,0.08
validation,C8,D03,1592,1,0.000628140703517588,0.7609924623115578,0.7543969849246231,0.7713567839195979
validation,C8,D04,1592,226,0.14195979899497488,0.8993718592964823,0.8957286432160804,0.9032663316582915
validation,C8,D06,1219,1,0.0008203445447087777,0.2097621000820345,0.2059064807219032,0.21493027071369974
validation,C8,D18,573,25,0.04363001745200698,0.09249563699825478,0.08027923211169284,0.10471204188481675
validation,C8,D19,575,2,0.0034782608695652175,0.20086956521739124,0.19478260869565217,0.20869565217391303
validation,C8,F13,25,4,0.16,0.10800000000000001,0.08,0.2
validation,C8,F14,25,0,0.0,0.032,0.0,0.08
validation,C8,F15,25,0,0.0,0.008,0.0,0.04
validation,C9,D03,1592,532,0.3341708542713568,0.33417085427135673,0.3341708542713568,0.3341708542713568
validation,C9,D04,1592,1385,0.8699748743718593,0.8699748743718592,0.8699748743718593,0.8699748743718593
validation,C9,D06,1219,210,0.1722723543888433,0.1722723543888433,0.1722723543888433,0.1722723543888433
validation,C9,D18,573,25,0.04363001745200698,0.04363001745200699,0.04363001745200698,0.04363001745200698
validation,C9,D19,575,82,0.1426086956521739,0.1426086956521739,0.1426086956521739,0.1426086956521739
validation,C9,F13,25,5,0.2,0.2,0.2,0.2
validation,C9,F14,25,0,0.0,0.0,0.0,0.0
validation,C9,F15,25,1,0.04,0.039999999999999994,0.04,0.04
validation,C13,D03,1592,31,0.019472361809045227,0.8222989949748744,0.8040201005025126,0.8297738693467337
validation,C13,D04,1592,198,0.12437185929648241,0.8771356783919598,0.8655778894472361,0.8837939698492462
validation,C13,D06,1219,0,0.0,0.7999179655455291,0.7842493847415914,0.8252666119770303
validation,C13,D18,573,16,0.027923211169284468,0.7802792321116928,0.7591623036649214,0.7958115183246073
validation,C13,D19,575,6,0.010434782608695653,0.7864347826086956,0.7669565217391304,0.8104347826086956
validation,C13,F13,25,0,0.0,0.088,0.04,0.16
validation,C13,F14,25,0,0.0,0.084,0.0,0.2
validation,C13,F15,25,0,0.0,0.06,0.0,0.12
validation,mag_mean,D03,1592,1057,0.6639447236180904,0.6639447236180904,0.6639447236180904,0.6639447236180904
validation,mag_mean,D04,1592,1465,0.9202261306532663,0.9202261306532662,0.9202261306532663,0.9202261306532663
validation,mag_mean,D06,1219,285,0.23379819524200163,0.23379819524200157,0.23379819524200163,0.23379819524200163
validation,mag_mean,D18,573,113,0.19720767888307156,0.19720767888307159,0.19720767888307156,0.19720767888307156
validation,mag_mean,D19,575,108,0.18782608695652173,0.18782608695652175,0.18782608695652173,0.18782608695652173
validation,mag_mean,F13,25,7,0.28,0.2800000000000001,0.28,0.28
validation,mag_mean,F14,25,16,0.64,0.6399999999999999,0.64,0.64
validation,mag_mean,F15,25,2,0.08,0.07999999999999999,0.08,0.08
validation,mag_std,D03,1592,1559,0.9792713567839196,0.9792713567839197,0.9792713567839196,0.9792713567839196
validation,mag_std,D04,1592,1567,0.9842964824120602,0.9842964824120604,0.9842964824120602,0.9842964824120602
validation,mag_std,D06,1219,300,0.2461033634126333,0.24610336341263334,0.2461033634126333,0.2461033634126333
validation,mag_std,D18,573,71,0.12390924956369982,0.12390924956369982,0.12390924956369982,0.12390924956369982
validation,mag_std,D19,575,145,0.25217391304347825,0.25217391304347825,0.25217391304347825,0.25217391304347825
validation,mag_std,F13,25,6,0.24,0.24000000000000005,0.24,0.24
validation,mag_std,F14,25,0,0.0,0.0,0.0,0.0
validation,mag_std,F15,25,0,0.0,0.0,0.0,0.0
validation,mag_rms,D03,1592,1489,0.9353015075376885,0.9353015075376886,0.9353015075376885,0.9353015075376885
validation,mag_rms,D04,1592,1568,0.9849246231155779,0.9849246231155779,0.9849246231155779,0.9849246231155779
validation,mag_rms,D06,1219,303,0.24856439704675964,0.24856439704675962,0.24856439704675964,0.24856439704675964
validation,mag_rms,D18,573,72,0.1256544502617801,0.12565445026178007,0.1256544502617801,0.1256544502617801
validation,mag_rms,D19,575,146,0.2539130434782609,0.2539130434782609,0.2539130434782609,0.2539130434782609
validation,mag_rms,F13,25,3,0.12,0.12000000000000002,0.12,0.12
validation,mag_rms,F14,25,0,0.0,0.0,0.0,0.0
validation,mag_rms,F15,25,0,0.0,0.0,0.0,0.0
validation,mag_peak,D03,1592,345,0.21670854271356785,0.21670854271356785,0.21670854271356785,0.21670854271356785
validation,mag_peak,D04,1592,1203,0.7556532663316583,0.7556532663316584,0.7556532663316583,0.7556532663316583
validation,mag_peak,D06,1219,269,0.2206726825266612,0.22067268252666122,0.2206726825266612,0.2206726825266612
validation,mag_peak,D18,573,52,0.09075043630017451,0.09075043630017451,0.09075043630017451,0.09075043630017451
validation,mag_peak,D19,575,153,0.26608695652173914,0.26608695652173914,0.26608695652173914,0.26608695652173914
validation,mag_peak,F13,25,10,0.4,0.4,0.4,0.4
validation,mag_peak,F14,25,0,0.0,0.0,0.0,0.0
validation,mag_peak,F15,25,1,0.04,0.039999999999999994,0.04,0.04
validation,mag_ptp,D03,1592,1530,0.9610552763819096,0.9610552763819096,0.9610552763819096,0.9610552763819096
validation,mag_ptp,D04,1592,1567,0.9842964824120602,0.9842964824120604,0.9842964824120602,0.9842964824120602
validation,mag_ptp,D06,1219,327,0.2682526661197703,0.2682526661197703,0.2682526661197703,0.2682526661197703
validation,mag_ptp,D18,573,80,0.13961605584642234,0.13961605584642234,0.13961605584642234,0.13961605584642234
validation,mag_ptp,D19,575,165,0.28695652173913044,0.28695652173913044,0.28695652173913044,0.28695652173913044
validation,mag_ptp,F13,25,5,0.2,0.2,0.2,0.2
validation,mag_ptp,F14,25,0,0.0,0.0,0.0,0.0
validation,mag_ptp,F15,25,0,0.0,0.0,0.0,0.0
validation,jerk_abs_mean,D03,1592,1577,0.9905778894472361,0.9905778894472361,0.9905778894472361,0.9905778894472361
validation,jerk_abs_mean,D04,1592,1567,0.9842964824120602,0.9842964824120604,0.9842964824120602,0.9842964824120602
validation,jerk_abs_mean,D06,1219,314,0.2575881870385562,0.25758818703855624,0.2575881870385562,0.2575881870385562
validation,jerk_abs_mean,D18,573,78,0.13612565445026178,0.13612565445026178,0.13612565445026178,0.13612565445026178
validation,jerk_abs_mean,D19,575,136,0.23652173913043478,0.23652173913043478,0.23652173913043478,0.23652173913043478
validation,jerk_abs_mean,F13,25,5,0.2,0.2,0.2,0.2
validation,jerk_abs_mean,F14,25,0,0.0,0.0,0.0,0.0
validation,jerk_abs_mean,F15,25,0,0.0,0.0,0.0,0.0
validation,jerk_std,D03,1592,1580,0.992462311557789,0.9924623115577889,0.992462311557789,0.992462311557789
validation,jerk_std,D04,1592,1568,0.9849246231155779,0.9849246231155779,0.9849246231155779,0.9849246231155779
validation,jerk_std,D06,1219,332,0.2723543888433142,0.27235438884331414,0.2723543888433142,0.2723543888433142
validation,jerk_std,D18,573,82,0.1431064572425829,0.1431064572425829,0.1431064572425829,0.1431064572425829
validation,jerk_std,D19,575,163,0.28347826086956524,0.28347826086956524,0.28347826086956524,0.28347826086956524
validation,jerk_std,F13,25,3,0.12,0.12000000000000002,0.12,0.12
validation,jerk_std,F14,25,0,0.0,0.0,0.0,0.0
validation,jerk_std,F15,25,0,0.0,0.0,0.0,0.0
validation,jerk_rms,D03,1592,1580,0.992462311557789,0.9924623115577889,0.992462311557789,0.992462311557789
validation,jerk_rms,D04,1592,1568,0.9849246231155779,0.9849246231155779,0.9849246231155779,0.9849246231155779
validation,jerk_rms,D06,1219,333,0.27317473338802295,0.2731747333880229,0.27317473338802295,0.27317473338802295
validation,jerk_rms,D18,573,82,0.1431064572425829,0.1431064572425829,0.1431064572425829,0.1431064572425829
validation,jerk_rms,D19,575,163,0.28347826086956524,0.28347826086956524,0.28347826086956524,0.28347826086956524
validation,jerk_rms,F13,25,3,0.12,0.12000000000000002,0.12,0.12
validation,jerk_rms,F14,25,0,0.0,0.0,0.0,0.0
validation,jerk_rms,F15,25,0,0.0,0.0,0.0,0.0
validation,jerk_abs_peak,D03,1592,1547,0.9717336683417085,0.9717336683417084,0.9717336683417085,0.9717336683417085
validation,jerk_abs_peak,D04,1592,1569,0.9855527638190955,0.9855527638190955,0.9855527638190955,0.9855527638190955
validation,jerk_abs_peak,D06,1219,349,0.2863002461033634,0.28630024610336335,0.2863002461033634,0.2863002461033634
validation,jerk_abs_peak,D18,573,85,0.14834205933682373,0.1483420593368237,0.14834205933682373,0.14834205933682373
validation,jerk_abs_peak,D19,575,174,0.3026086956521739,0.3026086956521739,0.3026086956521739,0.3026086956521739
validation,jerk_abs_peak,F13,25,6,0.24,0.24000000000000005,0.24,0.24
validation,jerk_abs_peak,F14,25,0,0.0,0.0,0.0,0.0
validation,jerk_abs_peak,F15,25,0,0.0,0.0,0.0,0.0
validation,pre_variance,D03,1592,1570,0.9861809045226131,0.986180904522613,0.9861809045226131,0.9861809045226131
validation,pre_variance,D04,1592,1561,0.9805276381909548,0.9805276381909549,0.9805276381909548,0.9805276381909548
validation,pre_variance,D06,1219,289,0.23707957342083674,0.23707957342083671,0.23707957342083674,0.23707957342083674
validation,pre_variance,D18,573,66,0.11518324607329843,0.11518324607329841,0.11518324607329843,0.11518324607329843
validation,pre_variance,D19,575,113,0.19652173913043477,0.19652173913043477,0.19652173913043477,0.19652173913043477
validation,pre_variance,F13,25,8,0.32,0.31999999999999995,0.32,0.32
validation,pre_variance,F14,25,0,0.0,0.0,0.0,0.0
validation,pre_variance,F15,25,0,0.0,0.0,0.0,0.0
validation,post_variance,D03,1592,1576,0.9899497487437185,0.9899497487437185,0.9899497487437185,0.9899497487437185
validation,post_variance,D04,1592,1569,0.9855527638190955,0.9855527638190955,0.9855527638190955,0.9855527638190955
validation,post_variance,D06,1219,289,0.23707957342083674,0.23707957342083671,0.23707957342083674,0.23707957342083674
validation,post_variance,D18,573,66,0.11518324607329843,0.11518324607329841,0.11518324607329843,0.11518324607329843
validation,post_variance,D19,575,113,0.19652173913043477,0.19652173913043477,0.19652173913043477,0.19652173913043477
validation,post_variance,F13,25,5,0.2,0.2,0.2,0.2
validation,post_variance,F14,25,0,0.0,0.0,0.0,0.0
validation,post_variance,F15,25,0,0.0,0.0,0.0,0.0
validation,gyro_mean,D03,1592,23,0.014447236180904523,0.014447236180904521,0.014447236180904523,0.014447236180904523
validation,gyro_mean,D04,1592,420,0.2638190954773869,0.26381909547738686,0.2638190954773869,0.2638190954773869
validation,gyro_mean,D06,1219,114,0.09351927809680066,0.09351927809680065,0.09351927809680066,0.09351927809680066
validation,gyro_mean,D18,573,14,0.02443280977312391,0.024432809773123905,0.02443280977312391,0.02443280977312391
validation,gyro_mean,D19,575,0,0.0,0.0,0.0,0.0
validation,gyro_mean,F13,25,2,0.08,0.07999999999999999,0.08,0.08
validation,gyro_mean,F14,25,7,0.28,0.2800000000000001,0.28,0.28
validation,gyro_mean,F15,25,0,0.0,0.0,0.0,0.0
validation,gyro_std,D03,1592,5,0.00314070351758794,0.0031407035175879403,0.00314070351758794,0.00314070351758794
validation,gyro_std,D04,1592,187,0.11746231155778894,0.11746231155778893,0.11746231155778894,0.11746231155778894
validation,gyro_std,D06,1219,79,0.06480721903199343,0.06480721903199345,0.06480721903199343,0.06480721903199343
validation,gyro_std,D18,573,17,0.029668411867364748,0.029668411867364748,0.029668411867364748,0.029668411867364748
validation,gyro_std,D19,575,22,0.03826086956521739,0.03826086956521739,0.03826086956521739,0.03826086956521739
validation,gyro_std,F13,25,1,0.04,0.039999999999999994,0.04,0.04
validation,gyro_std,F14,25,8,0.32,0.31999999999999995,0.32,0.32
validation,gyro_std,F15,25,3,0.12,0.12000000000000002,0.12,0.12
validation,gyro_rms,D03,1592,5,0.00314070351758794,0.0031407035175879403,0.00314070351758794,0.00314070351758794
validation,gyro_rms,D04,1592,235,0.14761306532663315,0.14761306532663315,0.14761306532663315,0.14761306532663315
validation,gyro_rms,D06,1219,79,0.06480721903199343,0.06480721903199345,0.06480721903199343,0.06480721903199343
validation,gyro_rms,D18,573,11,0.019197207678883072,0.019197207678883076,0.019197207678883072,0.019197207678883072
validation,gyro_rms,D19,575,0,0.0,0.0,0.0,0.0
validation,gyro_rms,F13,25,2,0.08,0.07999999999999999,0.08,0.08
validation,gyro_rms,F14,25,6,0.24,0.24000000000000005,0.24,0.24
validation,gyro_rms,F15,25,1,0.04,0.039999999999999994,0.04,0.04
validation,gyro_peak,D03,1592,12,0.007537688442211055,0.007537688442211056,0.007537688442211055,0.007537688442211055
validation,gyro_peak,D04,1592,289,0.1815326633165829,0.18153266331658288,0.1815326633165829,0.1815326633165829
validation,gyro_peak,D06,1219,82,0.06726825266611977,0.06726825266611977,0.06726825266611977,0.06726825266611977
validation,gyro_peak,D18,573,17,0.029668411867364748,0.029668411867364748,0.029668411867364748,0.029668411867364748
validation,gyro_peak,D19,575,15,0.02608695652173913,0.02608695652173913,0.02608695652173913,0.02608695652173913
validation,gyro_peak,F13,25,3,0.12,0.12000000000000002,0.12,0.12
validation,gyro_peak,F14,25,8,0.32,0.31999999999999995,0.32,0.32
validation,gyro_peak,F15,25,1,0.04,0.039999999999999994,0.04,0.04
validation,gyro_ptp,D03,1592,182,0.114321608040201,0.114321608040201,0.114321608040201,0.114321608040201
validation,gyro_ptp,D04,1592,525,0.3297738693467337,0.3297738693467337,0.3297738693467337,0.3297738693467337
validation,gyro_ptp,D06,1219,106,0.08695652173913043,0.08695652173913042,0.08695652173913043,0.08695652173913043
validation,gyro_ptp,D18,573,22,0.038394415357766144,0.03839441535776615,0.038394415357766144,0.038394415357766144
validation,gyro_ptp,D19,575,28,0.04869565217391304,0.04869565217391304,0.04869565217391304,0.04869565217391304
validation,gyro_ptp,F13,25,0,0.0,0.0,0.0,0.0
validation,gyro_ptp,F14,25,4,0.16,0.15999999999999998,0.16,0.16
validation,gyro_ptp,F15,25,1,0.04,0.039999999999999994,0.04,0.04
validation,ga_C2,D03,1592,2,0.001256281407035176,0.001256281407035176,0.001256281407035176,0.001256281407035176
validation,ga_C2,D04,1592,23,0.014447236180904523,0.014447236180904521,0.014447236180904523,0.014447236180904523
validation,ga_C2,D06,1219,24,0.019688269073010665,0.019688269073010665,0.019688269073010665,0.019688269073010665
validation,ga_C2,D18,573,10,0.017452006980802792,0.017452006980802792,0.017452006980802792,0.017452006980802792
validation,ga_C2,D19,575,0,0.0,0.0,0.0,0.0
validation,ga_C2,F13,25,0,0.0,0.0,0.0,0.0
validation,ga_C2,F14,25,0,0.0,0.0,0.0,0.0
validation,ga_C2,F15,25,0,0.0,0.0,0.0,0.0
validation,ga_C8,D03,1592,100,0.06281407035175879,0.06281407035175879,0.06281407035175879,0.06281407035175879
validation,ga_C8,D04,1592,757,0.47550251256281406,0.47550251256281406,0.47550251256281406,0.47550251256281406
validation,ga_C8,D06,1219,108,0.08859721082854799,0.08859721082854799,0.08859721082854799,0.08859721082854799
validation,ga_C8,D18,573,16,0.027923211169284468,0.027923211169284468,0.027923211169284468,0.027923211169284468
validation,ga_C8,D19,575,9,0.01565217391304348,0.015652173913043476,0.01565217391304348,0.01565217391304348
validation,ga_C8,F13,25,0,0.0,0.0,0.0,0.0
validation,ga_C8,F14,25,0,0.0,0.0,0.0,0.0
validation,ga_C8,F15,25,0,0.0,0.0,0.0,0.0
validation,ga_C13,D03,1592,35,0.02198492462311558,0.02198492462311558,0.02198492462311558,0.02198492462311558
validation,ga_C13,D04,1592,621,0.3900753768844221,0.3900753768844222,0.3900753768844221,0.3900753768844221
validation,ga_C13,D06,1219,88,0.07219031993437244,0.07219031993437244,0.07219031993437244,0.07219031993437244
validation,ga_C13,D18,573,7,0.012216404886561954,0.012216404886561952,0.012216404886561954,0.012216404886561954
validation,ga_C13,D19,575,0,0.0,0.0,0.0,0.0
validation,ga_C13,F13,25,1,0.04,0.039999999999999994,0.04,0.04
validation,ga_C13,F14,25,1,0.04,0.039999999999999994,0.04,0.04
validation,ga_C13,F15,25,0,0.0,0.0,0.0,0.0
validation,ga_parallel_peak,D03,1592,1489,0.9353015075376885,0.9353015075376886,0.9353015075376885,0.9353015075376885
validation,ga_parallel_peak,D04,1592,1569,0.9855527638190955,0.9855527638190955,0.9855527638190955,0.9855527638190955
validation,ga_parallel_peak,D06,1219,334,0.27399507793273176,0.2739950779327317,0.27399507793273176,0.27399507793273176
validation,ga_parallel_peak,D18,573,87,0.1518324607329843,0.15183246073298431,0.1518324607329843,0.1518324607329843
validation,ga_parallel_peak,D19,575,172,0.2991304347826087,0.29913043478260876,0.2991304347826087,0.2991304347826087
validation,ga_parallel_peak,F13,25,10,0.4,0.4,0.4,0.4
validation,ga_parallel_peak,F14,25,1,0.04,0.039999999999999994,0.04,0.04
validation,ga_parallel_peak,F15,25,2,0.08,0.07999999999999999,0.08,0.08
validation,ga_parallel_std,D03,1592,1577,0.9905778894472361,0.9905778894472361,0.9905778894472361,0.9905778894472361
validation,ga_parallel_std,D04,1592,1567,0.9842964824120602,0.9842964824120604,0.9842964824120602,0.9842964824120602
validation,ga_parallel_std,D06,1219,324,0.26579163248564397,0.26579163248564397,0.26579163248564397,0.26579163248564397
validation,ga_parallel_std,D18,573,81,0.14136125654450263,0.14136125654450263,0.14136125654450263,0.14136125654450263
validation,ga_parallel_std,D19,575,153,0.26608695652173914,0.26608695652173914,0.26608695652173914,0.26608695652173914
validation,ga_parallel_std,F13,25,7,0.28,0.2800000000000001,0.28,0.28
validation,ga_parallel_std,F14,25,1,0.04,0.039999999999999994,0.04,0.04
validation,ga_parallel_std,F15,25,1,0.04,0.039999999999999994,0.04,0.04
validation,ga_parallel_ptp,D03,1592,1575,0.989321608040201,0.9893216080402011,0.989321608040201,0.989321608040201
validation,ga_parallel_ptp,D04,1592,1569,0.9855527638190955,0.9855527638190955,0.9855527638190955,0.9855527638190955
validation,ga_parallel_ptp,D06,1219,344,0.28219852337981954,0.28219852337981954,0.28219852337981954,0.28219852337981954
validation,ga_parallel_ptp,D18,573,90,0.15706806282722513,0.15706806282722513,0.15706806282722513,0.15706806282722513
validation,ga_parallel_ptp,D19,575,170,0.2956521739130435,0.2956521739130435,0.2956521739130435,0.2956521739130435
validation,ga_parallel_ptp,F13,25,5,0.2,0.2,0.2,0.2
validation,ga_parallel_ptp,F14,25,0,0.0,0.0,0.0,0.0
validation,ga_parallel_ptp,F15,25,0,0.0,0.0,0.0,0.0
validation,baseline,D03,1592,345,0.21670854271356785,0.21670854271356785,0.21670854271356785,0.21670854271356785
validation,baseline,D04,1592,1203,0.7556532663316583,0.7556532663316584,0.7556532663316583,0.7556532663316583
validation,baseline,D06,1219,269,0.2206726825266612,0.22067268252666122,0.2206726825266612,0.2206726825266612
validation,baseline,D18,573,52,0.09075043630017451,0.09075043630017451,0.09075043630017451,0.09075043630017451
validation,baseline,D19,575,153,0.26608695652173914,0.26608695652173914,0.26608695652173914,0.26608695652173914
validation,baseline,F13,25,10,0.4,0.4,0.4,0.4
validation,baseline,F14,25,0,0.0,0.0,0.0,0.0
validation,baseline,F15,25,1,0.04,0.039999999999999994,0.04,0.04
test,C2,D03,1751,304,0.1736150770988007,0.8083952027412907,0.7961165048543689,0.8223872073101085
test,C2,D04,1751,605,0.3455168475157053,0.8900057110222731,0.8749286122215877,0.9011993146773273
test,C2,D06,1174,13,0.011073253833049404,0.2588586030664395,0.24361158432708688,0.26490630323679726
test,C2,D18,574,32,0.05574912891986063,0.33083623693379793,0.30139372822299654,0.3606271777003484
test,C2,D19,574,0,0.0,0.2585365853658537,0.24390243902439024,0.27526132404181186
test,C2,F13,25,1,0.04,0.096,0.04,0.16
test,C2,F14,25,0,0.0,0.096,0.04,0.2
test,C2,F15,25,0,0.0,0.096,0.0,0.2
test,C3,D03,1751,222,0.1267846944603084,0.15745288406624786,0.15419760137064534,0.1604797258709309
test,C3,D04,1751,1481,0.8458023986293547,0.8945174186179328,0.8897772701313535,0.8989149057681325
test,C3,D06,1174,162,0.13798977853492334,0.14642248722316867,0.14310051107325383,0.14991482112436116
test,C3,D18,574,26,0.04529616724738676,0.046864111498257845,0.04355400696864112,0.04878048780487805
test,C3,D19,574,105,0.18292682926829268,0.18118466898954705,0.1794425087108014,0.18292682926829268
test,C3,F13,25,6,0.24,0.26000000000000006,0.2,0.28
test,C3,F14,25,8,0.32,0.348,0.32,0.36
test,C3,F15,25,10,0.4,0.42000000000000004,0.36,0.48
test,C8,D03,1751,8,0.004568817818389492,0.7189605939463164,0.7081667618503712,0.7310108509423187
test,C8,D04,1751,305,0.17418617932609937,0.9125642490005712,0.9040548258138207,0.9257567104511708
test,C8,D06,1174,18,0.015332197614991482,0.1882453151618399,0.17717206132879046,0.1950596252129472
test,C8,D18,574,18,0.0313588850174216,0.08693379790940767,0.08188153310104529,0.09581881533101046
test,C8,D19,574,0,0.0,0.18501742160278745,0.16898954703832753,0.1951219512195122
test,C8,F13,25,1,0.04,0.096,0.04,0.16
test,C8,F14,25,6,0.24,0.148,0.04,0.24
test,C8,F15,25,2,0.08,0.06799999999999999,0.0,0.16
test,C9,D03,1751,932,0.5322672758423758,0.5322672758423758,0.5322672758423758,0.5322672758423758
test,C9,D04,1751,1703,0.9725870930896631,0.9725870930896632,0.9725870930896631,0.9725870930896631
test,C9,D06,1174,159,0.1354344122657581,0.1354344122657581,0.1354344122657581,0.1354344122657581
test,C9,D18,574,11,0.01916376306620209,0.019163763066202093,0.01916376306620209,0.01916376306620209
test,C9,D19,574,71,0.12369337979094076,0.12369337979094078,0.12369337979094076,0.12369337979094076
test,C9,F13,25,5,0.2,0.2,0.2,0.2
test,C9,F14,25,17,0.68,0.6799999999999999,0.68,0.68
test,C9,F15,25,13,0.52,0.5199999999999999,0.52,0.52
test,C13,D03,1751,278,0.15876641918903484,0.8189605939463164,0.8098229583095374,0.8275271273557967
test,C13,D04,1751,353,0.20159908623643633,0.8685322672758422,0.8549400342661336,0.8812107367218732
test,C13,D06,1174,2,0.0017035775127768314,0.7993185689948892,0.793015332197615,0.8100511073253833
test,C13,D18,574,6,0.010452961672473868,0.7979094076655053,0.7787456445993032,0.8292682926829268
test,C13,D19,574,0,0.0,0.7754355400696864,0.7508710801393729,0.7996515679442509
test,C13,F13,25,0,0.0,0.092,0.0,0.2
test,C13,F14,25,0,0.0,0.16799999999999998,0.08,0.32
test,C13,F15,25,0,0.0,0.11200000000000002,0.04,0.2
test,mag_mean,D03,1751,1024,0.584808680753855,0.584808680753855,0.584808680753855,0.584808680753855
test,mag_mean,D04,1751,1606,0.9171901770416905,0.9171901770416906,0.9171901770416905,0.9171901770416905
test,mag_mean,D06,1174,265,0.22572402044293016,0.22572402044293013,0.22572402044293016,0.22572402044293016
test,mag_mean,D18,574,174,0.30313588850174217,0.30313588850174217,0.30313588850174217,0.30313588850174217
test,mag_mean,D19,574,99,0.17247386759581881,0.17247386759581881,0.17247386759581881,0.17247386759581881
test,mag_mean,F13,25,7,0.28,0.2800000000000001,0.28,0.28
test,mag_mean,F14,25,24,0.96,0.9600000000000002,0.96,0.96
test,mag_mean,F15,25,5,0.2,0.2,0.2,0.2
test,mag_std,D03,1751,1639,0.9360365505425471,0.936036550542547,0.9360365505425471,0.9360365505425471
test,mag_std,D04,1751,1742,0.9948600799543118,0.9948600799543119,0.9948600799543118,0.9948600799543118
test,mag_std,D06,1174,289,0.24616695059625213,0.24616695059625213,0.24616695059625213,0.24616695059625213
test,mag_std,D18,574,66,0.11498257839721254,0.11498257839721253,0.11498257839721254,0.11498257839721254
test,mag_std,D19,574,150,0.2613240418118467,0.26132404181184665,0.2613240418118467,0.2613240418118467
test,mag_std,F13,25,6,0.24,0.24000000000000005,0.24,0.24
test,mag_std,F14,25,3,0.12,0.12000000000000002,0.12,0.12
test,mag_std,F15,25,5,0.2,0.2,0.2,0.2
test,mag_rms,D03,1751,1544,0.881781838949172,0.881781838949172,0.881781838949172,0.881781838949172
test,mag_rms,D04,1751,1741,0.9942889777270132,0.9942889777270132,0.9942889777270132,0.9942889777270132
test,mag_rms,D06,1174,302,0.2572402044293015,0.2572402044293015,0.2572402044293015,0.2572402044293015
test,mag_rms,D18,574,78,0.13588850174216027,0.13588850174216027,0.13588850174216027,0.13588850174216027
test,mag_rms,D19,574,150,0.2613240418118467,0.26132404181184665,0.2613240418118467,0.2613240418118467
test,mag_rms,F13,25,3,0.12,0.12000000000000002,0.12,0.12
test,mag_rms,F14,25,8,0.32,0.31999999999999995,0.32,0.32
test,mag_rms,F15,25,2,0.08,0.07999999999999999,0.08,0.08
test,mag_peak,D03,1751,427,0.24386065105653912,0.24386065105653915,0.24386065105653912,0.24386065105653912
test,mag_peak,D04,1751,1476,0.8429468874928612,0.8429468874928612,0.8429468874928612,0.8429468874928612
test,mag_peak,D06,1174,193,0.1643952299829642,0.16439522998296424,0.1643952299829642,0.1643952299829642
test,mag_peak,D18,574,37,0.06445993031358885,0.06445993031358885,0.06445993031358885,0.06445993031358885
test,mag_peak,D19,574,151,0.26306620209059234,0.2630662020905924,0.26306620209059234,0.26306620209059234
test,mag_peak,F13,25,6,0.24,0.24000000000000005,0.24,0.24
test,mag_peak,F14,25,5,0.2,0.2,0.2,0.2
test,mag_peak,F15,25,6,0.24,0.24000000000000005,0.24,0.24
test,mag_ptp,D03,1751,1535,0.8766419189034838,0.8766419189034839,0.8766419189034838,0.8766419189034838
test,mag_ptp,D04,1751,1742,0.9948600799543118,0.9948600799543119,0.9948600799543118,0.9948600799543118
test,mag_ptp,D06,1174,306,0.2606473594548552,0.2606473594548552,0.2606473594548552,0.2606473594548552
test,mag_ptp,D18,574,80,0.13937282229965156,0.13937282229965156,0.13937282229965156,0.13937282229965156
test,mag_ptp,D19,574,161,0.2804878048780488,0.28048780487804875,0.2804878048780488,0.2804878048780488
test,mag_ptp,F13,25,4,0.16,0.15999999999999998,0.16,0.16
test,mag_ptp,F14,25,2,0.08,0.07999999999999999,0.08,0.08
test,mag_ptp,F15,25,4,0.16,0.15999999999999998,0.16,0.16
test,jerk_abs_mean,D03,1751,1680,0.9594517418617933,0.9594517418617933,0.9594517418617933,0.9594517418617933
test,jerk_abs_mean,D04,1751,1742,0.9948600799543118,0.9948600799543119,0.9948600799543118,0.9948600799543118
test,jerk_abs_mean,D06,1174,304,0.25894378194207834,0.2589437819420784,0.25894378194207834,0.25894378194207834
test,jerk_abs_mean,D18,574,75,0.13066202090592335,0.13066202090592333,0.13066202090592335,0.13066202090592335
test,jerk_abs_mean,D19,574,135,0.23519163763066203,0.23519163763066203,0.23519163763066203,0.23519163763066203
test,jerk_abs_mean,F13,25,4,0.16,0.15999999999999998,0.16,0.16
test,jerk_abs_mean,F14,25,4,0.16,0.15999999999999998,0.16,0.16
test,jerk_abs_mean,F15,25,4,0.16,0.15999999999999998,0.16,0.16
test,jerk_std,D03,1751,1682,0.9605939463163906,0.9605939463163905,0.9605939463163906,0.9605939463163906
test,jerk_std,D04,1751,1742,0.9948600799543118,0.9948600799543119,0.9948600799543118,0.9948600799543118
test,jerk_std,D06,1174,324,0.27597955706984667,0.27597955706984667,0.27597955706984667,0.27597955706984667
test,jerk_std,D18,574,86,0.14982578397212543,0.1498257839721254,0.14982578397212543,0.14982578397212543
test,jerk_std,D19,574,160,0.2787456445993031,0.2787456445993031,0.2787456445993031,0.2787456445993031
test,jerk_std,F13,25,3,0.12,0.12000000000000002,0.12,0.12
test,jerk_std,F14,25,1,0.04,0.039999999999999994,0.04,0.04
test,jerk_std,F15,25,4,0.16,0.15999999999999998,0.16,0.16
test,jerk_rms,D03,1751,1684,0.961736150770988,0.9617361507709881,0.961736150770988,0.961736150770988
test,jerk_rms,D04,1751,1742,0.9948600799543118,0.9948600799543119,0.9948600799543118,0.9948600799543118
test,jerk_rms,D06,1174,324,0.27597955706984667,0.27597955706984667,0.27597955706984667,0.27597955706984667
test,jerk_rms,D18,574,87,0.15156794425087108,0.15156794425087108,0.15156794425087108,0.15156794425087108
test,jerk_rms,D19,574,163,0.28397212543554007,0.28397212543554007,0.28397212543554007,0.28397212543554007
test,jerk_rms,F13,25,3,0.12,0.12000000000000002,0.12,0.12
test,jerk_rms,F14,25,1,0.04,0.039999999999999994,0.04,0.04
test,jerk_rms,F15,25,4,0.16,0.15999999999999998,0.16,0.16
test,jerk_abs_peak,D03,1751,1497,0.8549400342661336,0.8549400342661336,0.8549400342661336,0.8549400342661336
test,jerk_abs_peak,D04,1751,1742,0.9948600799543118,0.9948600799543119,0.9948600799543118,0.9948600799543118
test,jerk_abs_peak,D06,1174,326,0.2776831345826235,0.2776831345826235,0.2776831345826235,0.2776831345826235
test,jerk_abs_peak,D18,574,83,0.1445993031358885,0.1445993031358885,0.1445993031358885,0.1445993031358885
test,jerk_abs_peak,D19,574,168,0.2926829268292683,0.2926829268292682,0.2926829268292683,0.2926829268292683
test,jerk_abs_peak,F13,25,5,0.2,0.2,0.2,0.2
test,jerk_abs_peak,F14,25,1,0.04,0.039999999999999994,0.04,0.04
test,jerk_abs_peak,F15,25,4,0.16,0.15999999999999998,0.16,0.16
test,pre_variance,D03,1751,1676,0.9571673329525985,0.9571673329525986,0.9571673329525985,0.9571673329525985
test,pre_variance,D04,1751,1738,0.9925756710451171,0.9925756710451171,0.9925756710451171,0.9925756710451171
test,pre_variance,D06,1174,279,0.23764906303236796,0.23764906303236794,0.23764906303236796,0.23764906303236796
test,pre_variance,D18,574,69,0.12020905923344948,0.12020905923344946,0.12020905923344948,0.12020905923344948
test,pre_variance,D19,574,112,0.1951219512195122,0.1951219512195122,0.1951219512195122,0.1951219512195122
test,pre_variance,F13,25,5,0.2,0.2,0.2,0.2
test,pre_variance,F14,25,0,0.0,0.0,0.0,0.0
test,pre_variance,F15,25,3,0.12,0.12000000000000002,0.12,0.12
test,post_variance,D03,1751,1681,0.960022844089092,0.960022844089092,0.960022844089092,0.960022844089092
test,post_variance,D04,1751,1742,0.9948600799543118,0.9948600799543119,0.9948600799543118,0.9948600799543118
test,post_variance,D06,1174,279,0.23764906303236796,0.23764906303236794,0.23764906303236796,0.23764906303236796
test,post_variance,D18,574,69,0.12020905923344948,0.12020905923344946,0.12020905923344948,0.12020905923344948
test,post_variance,D19,574,112,0.1951219512195122,0.1951219512195122,0.1951219512195122,0.1951219512195122
test,post_variance,F13,25,5,0.2,0.2,0.2,0.2
test,post_variance,F14,25,3,0.12,0.12000000000000002,0.12,0.12
test,post_variance,F15,25,4,0.16,0.15999999999999998,0.16,0.16
test,gyro_mean,D03,1751,171,0.09765848086807538,0.09765848086807538,0.09765848086807538,0.09765848086807538
test,gyro_mean,D04,1751,634,0.3620788121073672,0.36207881210736714,0.3620788121073672,0.3620788121073672
test,gyro_mean,D06,1174,62,0.05281090289608177,0.05281090289608177,0.05281090289608177,0.05281090289608177
test,gyro_mean,D18,574,3,0.005226480836236934,0.005226480836236934,0.005226480836236934,0.005226480836236934
test,gyro_mean,D19,574,0,0.0,0.0,0.0,0.0
test,gyro_mean,F13,25,2,0.08,0.07999999999999999,0.08,0.08
test,gyro_mean,F14,25,18,0.72,0.72,0.72,0.72
test,gyro_mean,F15,25,0,0.0,0.0,0.0,0.0
test,gyro_std,D03,1751,16,0.009137635636778984,0.009137635636778984,0.009137635636778984,0.009137635636778984
test,gyro_std,D04,1751,326,0.1861793260993718,0.1861793260993718,0.1861793260993718,0.1861793260993718
test,gyro_std,D06,1174,38,0.03236797274275979,0.0323679727427598,0.03236797274275979,0.03236797274275979
test,gyro_std,D18,574,2,0.003484320557491289,0.003484320557491289,0.003484320557491289,0.003484320557491289
test,gyro_std,D19,574,0,0.0,0.0,0.0,0.0
test,gyro_std,F13,25,0,0.0,0.0,0.0,0.0
test,gyro_std,F14,25,18,0.72,0.72,0.72,0.72
test,gyro_std,F15,25,1,0.04,0.039999999999999994,0.04,0.04
test,gyro_rms,D03,1751,20,0.011422044545973729,0.011422044545973729,0.011422044545973729,0.011422044545973729
test,gyro_rms,D04,1751,441,0.25185608223872075,0.25185608223872075,0.25185608223872075,0.25185608223872075
test,gyro_rms,D06,1174,53,0.04514480408858603,0.045144804088586024,0.04514480408858603,0.04514480408858603
test,gyro_rms,D18,574,1,0.0017421602787456446,0.0017421602787456446,0.0017421602787456446,0.0017421602787456446
test,gyro_rms,D19,574,0,0.0,0.0,0.0,0.0
test,gyro_rms,F13,25,2,0.08,0.07999999999999999,0.08,0.08
test,gyro_rms,F14,25,18,0.72,0.72,0.72,0.72
test,gyro_rms,F15,25,0,0.0,0.0,0.0,0.0
test,gyro_peak,D03,1751,9,0.005139920045688178,0.005139920045688179,0.005139920045688178,0.005139920045688178
test,gyro_peak,D04,1751,533,0.3043974871501999,0.3043974871501999,0.3043974871501999,0.3043974871501999
test,gyro_peak,D06,1174,37,0.03151618398637138,0.03151618398637137,0.03151618398637138,0.03151618398637138
test,gyro_peak,D18,574,2,0.003484320557491289,0.003484320557491289,0.003484320557491289,0.003484320557491289
test,gyro_peak,D19,574,0,0.0,0.0,0.0,0.0
test,gyro_peak,F13,25,1,0.04,0.039999999999999994,0.04,0.04
test,gyro_peak,F14,25,19,0.76,0.76,0.76,0.76
test,gyro_peak,F15,25,3,0.12,0.12000000000000002,0.12,0.12
test,gyro_ptp,D03,1751,68,0.038834951456310676,0.038834951456310676,0.038834951456310676,0.038834951456310676
test,gyro_ptp,D04,1751,850,0.4854368932038835,0.48543689320388345,0.4854368932038835,0.4854368932038835
test,gyro_ptp,D06,1174,46,0.039182282793867124,0.03918228279386713,0.039182282793867124,0.039182282793867124
test,gyro_ptp,D18,574,7,0.012195121951219513,0.012195121951219513,0.012195121951219513,0.012195121951219513
test,gyro_ptp,D19,574,0,0.0,0.0,0.0,0.0
test,gyro_ptp,F13,25,0,0.0,0.0,0.0,0.0
test,gyro_ptp,F14,25,12,0.48,0.4800000000000001,0.48,0.48
test,gyro_ptp,F15,25,0,0.0,0.0,0.0,0.0
test,ga_C2,D03,1751,0,0.0,0.0,0.0,0.0
test,ga_C2,D04,1751,0,0.0,0.0,0.0,0.0
test,ga_C2,D06,1174,0,0.0,0.0,0.0,0.0
test,ga_C2,D18,574,8,0.013937282229965157,0.013937282229965157,0.013937282229965157,0.013937282229965157
test,ga_C2,D19,574,0,0.0,0.0,0.0,0.0
test,ga_C2,F13,25,2,0.08,0.07999999999999999,0.08,0.08
test,ga_C2,F14,25,2,0.08,0.07999999999999999,0.08,0.08
test,ga_C2,F15,25,0,0.0,0.0,0.0,0.0
test,ga_C8,D03,1751,0,0.0,0.0,0.0,0.0
test,ga_C8,D04,1751,450,0.2569960022844089,0.25699600228440894,0.2569960022844089,0.2569960022844089
test,ga_C8,D06,1174,6,0.005110732538330494,0.005110732538330493,0.005110732538330494,0.005110732538330494
test,ga_C8,D18,574,7,0.012195121951219513,0.012195121951219513,0.012195121951219513,0.012195121951219513
test,ga_C8,D19,574,1,0.0017421602787456446,0.0017421602787456446,0.0017421602787456446,0.0017421602787456446
test,ga_C8,F13,25,2,0.08,0.07999999999999999,0.08,0.08
test,ga_C8,F14,25,4,0.16,0.15999999999999998,0.16,0.16
test,ga_C8,F15,25,5,0.2,0.2,0.2,0.2
test,ga_C13,D03,1751,0,0.0,0.0,0.0,0.0
test,ga_C13,D04,1751,233,0.13306681896059394,0.13306681896059394,0.13306681896059394,0.13306681896059394
test,ga_C13,D06,1174,1,0.0008517887563884157,0.0008517887563884157,0.0008517887563884157,0.0008517887563884157
test,ga_C13,D18,574,0,0.0,0.0,0.0,0.0
test,ga_C13,D19,574,0,0.0,0.0,0.0,0.0
test,ga_C13,F13,25,1,0.04,0.039999999999999994,0.04,0.04
test,ga_C13,F14,25,15,0.6,0.5999999999999999,0.6,0.6
test,ga_C13,F15,25,0,0.0,0.0,0.0,0.0
test,ga_parallel_peak,D03,1751,1600,0.9137635636778983,0.9137635636778982,0.9137635636778983,0.9137635636778983
test,ga_parallel_peak,D04,1751,1742,0.9948600799543118,0.9948600799543119,0.9948600799543118,0.9948600799543118
test,ga_parallel_peak,D06,1174,313,0.2666098807495741,0.2666098807495741,0.2666098807495741,0.2666098807495741
test,ga_parallel_peak,D18,574,94,0.16376306620209058,0.16376306620209058,0.16376306620209058,0.16376306620209058
test,ga_parallel_peak,D19,574,163,0.28397212543554007,0.28397212543554007,0.28397212543554007,0.28397212543554007
test,ga_parallel_peak,F13,25,8,0.32,0.31999999999999995,0.32,0.32
test,ga_parallel_peak,F14,25,1,0.04,0.039999999999999994,0.04,0.04
test,ga_parallel_peak,F15,25,3,0.12,0.12000000000000002,0.12,0.12
test,ga_parallel_std,D03,1751,1676,0.9571673329525985,0.9571673329525986,0.9571673329525985,0.9571673329525985
test,ga_parallel_std,D04,1751,1742,0.9948600799543118,0.9948600799543119,0.9948600799543118,0.9948600799543118
test,ga_parallel_std,D06,1174,318,0.2708688245315162,0.2708688245315162,0.2708688245315162,0.2708688245315162
test,ga_parallel_std,D18,574,82,0.14285714285714285,0.14285714285714285,0.14285714285714285,0.14285714285714285
test,ga_parallel_std,D19,574,155,0.2700348432055749,0.2700348432055749,0.2700348432055749,0.2700348432055749
test,ga_parallel_std,F13,25,6,0.24,0.24000000000000005,0.24,0.24
test,ga_parallel_std,F14,25,1,0.04,0.039999999999999994,0.04,0.04
test,ga_parallel_std,F15,25,6,0.24,0.24000000000000005,0.24,0.24
test,ga_parallel_ptp,D03,1751,1657,0.9463163906339235,0.9463163906339235,0.9463163906339235,0.9463163906339235
test,ga_parallel_ptp,D04,1751,1743,0.9954311821816105,0.9954311821816105,0.9954311821816105,0.9954311821816105
test,ga_parallel_ptp,D06,1174,330,0.28109028960817717,0.28109028960817717,0.28109028960817717,0.28109028960817717
test,ga_parallel_ptp,D18,574,90,0.156794425087108,0.156794425087108,0.156794425087108,0.156794425087108
test,ga_parallel_ptp,D19,574,166,0.289198606271777,0.289198606271777,0.289198606271777,0.289198606271777
test,ga_parallel_ptp,F13,25,3,0.12,0.12000000000000002,0.12,0.12
test,ga_parallel_ptp,F14,25,1,0.04,0.039999999999999994,0.04,0.04
test,ga_parallel_ptp,F15,25,4,0.16,0.15999999999999998,0.16,0.16
test,baseline,D03,1751,427,0.24386065105653912,0.24386065105653915,0.24386065105653912,0.24386065105653912
test,baseline,D04,1751,1476,0.8429468874928612,0.8429468874928612,0.8429468874928612,0.8429468874928612
test,baseline,D06,1174,193,0.1643952299829642,0.16439522998296424,0.1643952299829642,0.1643952299829642
test,baseline,D18,574,37,0.06445993031358885,0.06445993031358885,0.06445993031358885,0.06445993031358885
test,baseline,D19,574,151,0.26306620209059234,0.2630662020905924,0.26306620209059234,0.26306620209059234
test,baseline,F13,25,6,0.24,0.24000000000000005,0.24,0.24
test,baseline,F14,25,5,0.2,0.2,0.2,0.2
test,baseline,F15,25,6,0.24,0.24000000000000005,0.24,0.24
