feature,split,threshold,units,tn,fp,fn,tp,n,sensitivity,specificity,balanced_accuracy,precision,f1,roc_auc,pr_auc_trapezoidal,average_precision,delta_sensitivity,delta_specificity,delta_balanced_accuracy,delta_precision,delta_f1,delta_pr_auc_trapezoidal,delta_average_precision
baseline,validation,2.209465980529785,g,19421,2035,26,349,21831,0.9306666666666666,0.9051547352721849,0.9179107009694258,0.14639261744966442,0.2529902138455962,0.9716728809346259,0.5828975099649293,0.5832088672761573,0.0,0.0,0.0,0.0,0.0,0.0,0.0
C2,validation,1.2305261218248633,g,21098,358,5,370,21831,0.9866666666666667,0.9833146905294556,0.9849906785980611,0.5082417582417582,0.670897552130553,0.9974432015908525,0.970525807925924,0.9705514657504914,0.05600000000000005,0.07815995525727071,0.06707997762863527,0.3618491407920938,0.4179073382849568,0.38762829796099474,0.38734259847433417
C3,validation,2.6353216699284863,g,19790,1666,11,364,21831,0.9706666666666667,0.9223527218493661,0.9465096942580165,0.1793103448275862,0.3027027027027027,0.9838530947054437,0.6329207719462874,0.6333339074445868,0.040000000000000036,0.01719798657718119,0.028598993288590613,0.032917727377921785,0.049712488857106496,0.05002326198135809,0.05012504016842956
C8,validation,0.44745829567402573,g,21117,339,5,370,21831,0.9866666666666667,0.9842002237136466,0.9854334451901566,0.5218617771509168,0.6826568265682657,0.9966302510564256,0.9271630182335475,0.9272363124820829,0.05600000000000005,0.07904548844146164,0.06752274422073079,0.37546915970125233,0.4296666127226694,0.34426550826861824,0.34402744520592565
C9,validation,0.7618619401195427,g,19220,2236,11,364,21831,0.9706666666666667,0.8957867263236391,0.9332266964951529,0.14,0.2447058823529412,0.9678501118568233,0.2667911499103964,0.26897291913755006,0.040000000000000036,-0.009368008948545836,0.015315995525727044,-0.006392617449664406,-0.008284331492655034,-0.3161063600545329,-0.3142359481386072
C13,validation,124.62575210263492,g_sample,18611,2845,11,364,21831,0.9706666666666667,0.8674030574198359,0.9190348620432514,0.11343097538173887,0.203125,0.9324954014417102,0.17858065832329748,0.1793633407799986,0.040000000000000036,-0.03775167785234901,0.0011241610738255137,-0.03296164206792555,-0.049865213845596223,-0.4043168516416318,-0.4038455264961587
baseline,test,2.209465980529785,g,19627,2296,36,339,22298,0.904,0.8952698079642385,0.8996349039821192,0.1286527514231499,0.22524916943521595,0.9684332740348798,0.6195674762640219,0.6198226397128328,0.0,0.0,0.0,0.0,0.0,0.0,0.0
C2,test,1.2305261218248633,g,20883,1040,18,357,22298,0.952,0.9525612370569722,0.952280618528486,0.25554760200429494,0.40293453724604966,0.9898082075141783,0.9199586896982574,0.9199925885952916,0.04799999999999993,0.05729142909273366,0.052645714546366795,0.12689485058114502,0.17768536781083372,0.3003912134342356,0.30016994888245885
C3,test,2.6353216699284863,g,19927,1996,32,343,22298,0.9146666666666666,0.9089540665054965,0.9118103665860815,0.1466438648995297,0.2527634487840825,0.9773735346439812,0.7105267068902068,0.7106992262825101,0.010666666666666602,0.013684258541257988,0.012175462603962295,0.0179911134763798,0.027514279348866577,0.09095923062618494,0.09087658656967734
C8,test,0.44745829567402573,g,21541,382,16,359,22298,0.9573333333333334,0.9825753774574648,0.9699543553953991,0.4844804318488529,0.6433691756272402,0.996330915780991,0.9552726071187024,0.9552960223146951,0.053333333333333344,0.08730556949322632,0.07031945141327989,0.355827680425703,0.4181200061920242,0.33570513085468057,0.3354733826018623
C9,test,0.7618619401195427,g,19047,2876,52,323,22298,0.8613333333333333,0.868813574784473,0.8650734540589031,0.10096905282900906,0.18074986010072747,0.9524938496860222,0.4426176457188465,0.44299848968285477,-0.04266666666666674,-0.02645623317976553,-0.03456144992321608,-0.027683698594140854,-0.04449930933448848,-0.17694983054517538,-0.17682415002997803
C13,test,124.62575210263492,g_sample,18715,3208,26,349,22298,0.9306666666666666,0.853669661998814,0.8921681643327404,0.09811639021647456,0.1775178026449644,0.9373866715321808,0.2520765416084958,0.2529154391844123,0.026666666666666616,-0.041600145965424495,-0.0074667396493788285,-0.030536361206675355,-0.047731366790251556,-0.36749093465552607,-0.3669072005284205
