model,split,activity,trials,candidate_recall,sensitivity,false_negative_rate,false_alarms_per_hour,false_positive_trial_rate,no_matched_candidate,matched_candidates_rejected,operating_point
linear_frozen,validation,D01,8,,,,0.0,0.0,0,0,FA_le_1
linear_frozen,validation,D02,8,,,,0.0,0.0,0,0,FA_le_1
linear_frozen,validation,D03,8,,,,0.0,0.0,0,0,FA_le_1
linear_frozen,validation,D04,8,,,,0.0,0.0,0,0,FA_le_1
linear_frozen,validation,D05,40,,,,0.0,0.0,0,0,FA_le_1
linear_frozen,validation,D06,25,,,,0.0,0.0,0,0,FA_le_1
linear_frozen,validation,D07,40,,,,0.0,0.0,0,0,FA_le_1
linear_frozen,validation,D08,40,,,,0.0,0.0,0,0,FA_le_1
linear_frozen,validation,D09,40,,,,0.0,0.0,0,0,FA_le_1
linear_frozen,validation,D10,40,,,,0.0,0.0,0,0,FA_le_1
linear_frozen,validation,D11,40,,,,0.0,0.0,0,0,FA_le_1
linear_frozen,validation,D12,40,,,,0.0,0.0,0,0,FA_le_1
linear_frozen,validation,D13,25,,,,0.0,0.0,0,0,FA_le_1
linear_frozen,validation,D14,40,,,,0.0,0.0,0,0,FA_le_1
linear_frozen,validation,D15,40,,,,0.0,0.0,0,0,FA_le_1
linear_frozen,validation,D16,40,,,,0.0,0.0,0,0,FA_le_1
linear_frozen,validation,D17,40,,,,0.0,0.0,0,0,FA_le_1
linear_frozen,validation,D18,25,,,,0.0,0.0,0,0,FA_le_1
linear_frozen,validation,D19,25,,,,36.0,0.12,0,0,FA_le_1
linear_frozen,validation,F01,25,0.96,0.8,0.2,,,1,4,FA_le_1
linear_frozen,validation,F02,25,1.0,1.0,0.0,,,0,0,FA_le_1
linear_frozen,validation,F03,25,1.0,0.92,0.08,,,0,2,FA_le_1
linear_frozen,validation,F04,25,0.96,0.84,0.16,,,1,3,FA_le_1
linear_frozen,validation,F05,25,1.0,0.92,0.08,,,0,2,FA_le_1
linear_frozen,validation,F06,25,0.96,0.88,0.12,,,1,2,FA_le_1
linear_frozen,validation,F07,25,1.0,0.76,0.24,,,0,6,FA_le_1
linear_frozen,validation,F08,25,0.96,0.84,0.16,,,1,3,FA_le_1
linear_frozen,validation,F09,25,1.0,0.96,0.04,,,0,1,FA_le_1
linear_frozen,validation,F10,25,1.0,1.0,0.0,,,0,0,FA_le_1
linear_frozen,validation,F11,25,0.96,0.92,0.08,,,1,1,FA_le_1
linear_frozen,validation,F12,25,1.0,1.0,0.0,,,0,0,FA_le_1
linear_frozen,validation,F13,25,1.0,0.72,0.28,,,0,7,FA_le_1
linear_frozen,validation,F14,25,1.0,0.96,0.04,,,0,1,FA_le_1
linear_frozen,validation,F15,25,1.0,0.88,0.12,,,0,3,FA_le_1
linear_frozen,validation,D01,8,,,,0.0,0.0,0,0,FA_le_5
linear_frozen,validation,D02,8,,,,0.0,0.0,0,0,FA_le_5
linear_frozen,validation,D03,8,,,,0.0,0.0,0,0,FA_le_5
linear_frozen,validation,D04,8,,,,0.0,0.0,0,0,FA_le_5
linear_frozen,validation,D05,40,,,,0.0,0.0,0,0,FA_le_5
linear_frozen,validation,D06,25,,,,5.760276493271677,0.04,0,0,FA_le_5
linear_frozen,validation,D07,40,,,,0.0,0.0,0,0,FA_le_5
linear_frozen,validation,D08,40,,,,0.0,0.0,0,0,FA_le_5
linear_frozen,validation,D09,40,,,,0.0,0.0,0,0,FA_le_5
linear_frozen,validation,D10,40,,,,0.0,0.0,0,0,FA_le_5
linear_frozen,validation,D11,40,,,,7.5005469148792105,0.025,0,0,FA_le_5
linear_frozen,validation,D12,40,,,,0.0,0.0,0,0,FA_le_5
linear_frozen,validation,D13,25,,,,12.000200003333388,0.04,0,0,FA_le_5
linear_frozen,validation,D14,40,,,,22.5,0.075,0,0,FA_le_5
linear_frozen,validation,D15,40,,,,0.0,0.0,0,0,FA_le_5
linear_frozen,validation,D16,40,,,,0.0,0.0,0,0,FA_le_5
linear_frozen,validation,D17,40,,,,0.0,0.0,0,0,FA_le_5
linear_frozen,validation,D18,25,,,,24.001200060002997,0.08,0,0,FA_le_5
linear_frozen,validation,D19,25,,,,84.0,0.2,0,0,FA_le_5
linear_frozen,validation,F01,25,0.96,0.88,0.12,,,1,2,FA_le_5
linear_frozen,validation,F02,25,1.0,1.0,0.0,,,0,0,FA_le_5
linear_frozen,validation,F03,25,1.0,0.92,0.08,,,0,2,FA_le_5
linear_frozen,validation,F04,25,0.96,0.92,0.08,,,1,1,FA_le_5
linear_frozen,validation,F05,25,1.0,0.92,0.08,,,0,2,FA_le_5
linear_frozen,validation,F06,25,0.96,0.92,0.08,,,1,1,FA_le_5
linear_frozen,validation,F07,25,1.0,0.92,0.08,,,0,2,FA_le_5
linear_frozen,validation,F08,25,0.96,0.92,0.08,,,1,1,FA_le_5
linear_frozen,validation,F09,25,1.0,0.96,0.04,,,0,1,FA_le_5
linear_frozen,validation,F10,25,1.0,1.0,0.0,,,0,0,FA_le_5
linear_frozen,validation,F11,25,0.96,0.92,0.08,,,1,1,FA_le_5
linear_frozen,validation,F12,25,1.0,1.0,0.0,,,0,0,FA_le_5
linear_frozen,validation,F13,25,1.0,0.8,0.2,,,0,5,FA_le_5
linear_frozen,validation,F14,25,1.0,1.0,0.0,,,0,0,FA_le_5
linear_frozen,validation,F15,25,1.0,0.92,0.08,,,0,2,FA_le_5
linear_frozen,validation,D01,8,,,,0.0,0.0,0,0,FA_le_10
linear_frozen,validation,D02,8,,,,0.0,0.0,0,0,FA_le_10
linear_frozen,validation,D03,8,,,,0.0,0.0,0,0,FA_le_10
linear_frozen,validation,D04,8,,,,0.0,0.0,0,0,FA_le_10
linear_frozen,validation,D05,40,,,,0.0,0.0,0,0,FA_le_10
linear_frozen,validation,D06,25,,,,5.760276493271677,0.04,0,0,FA_le_10
linear_frozen,validation,D07,40,,,,0.0,0.0,0,0,FA_le_10
linear_frozen,validation,D08,40,,,,0.0,0.0,0,0,FA_le_10
linear_frozen,validation,D09,40,,,,0.0,0.0,0,0,FA_le_10
linear_frozen,validation,D10,40,,,,0.0,0.0,0,0,FA_le_10
linear_frozen,validation,D11,40,,,,7.5005469148792105,0.025,0,0,FA_le_10
linear_frozen,validation,D12,40,,,,0.0,0.0,0,0,FA_le_10
linear_frozen,validation,D13,25,,,,24.000400006666776,0.08,0,0,FA_le_10
linear_frozen,validation,D14,40,,,,37.5,0.1,0,0,FA_le_10
linear_frozen,validation,D15,40,,,,0.0,0.0,0,0,FA_le_10
linear_frozen,validation,D16,40,,,,0.0,0.0,0,0,FA_le_10
linear_frozen,validation,D17,40,,,,0.0,0.0,0,0,FA_le_10
linear_frozen,validation,D18,25,,,,48.002400120005994,0.16,0,0,FA_le_10
linear_frozen,validation,D19,25,,,,96.0,0.2,0,0,FA_le_10
linear_frozen,validation,F01,25,0.96,0.88,0.12,,,1,2,FA_le_10
linear_frozen,validation,F02,25,1.0,1.0,0.0,,,0,0,FA_le_10
linear_frozen,validation,F03,25,1.0,0.92,0.08,,,0,2,FA_le_10
linear_frozen,validation,F04,25,0.96,0.96,0.04,,,1,0,FA_le_10
linear_frozen,validation,F05,25,1.0,0.92,0.08,,,0,2,FA_le_10
linear_frozen,validation,F06,25,0.96,0.92,0.08,,,1,1,FA_le_10
linear_frozen,validation,F07,25,1.0,0.92,0.08,,,0,2,FA_le_10
linear_frozen,validation,F08,25,0.96,0.92,0.08,,,1,1,FA_le_10
linear_frozen,validation,F09,25,1.0,0.96,0.04,,,0,1,FA_le_10
linear_frozen,validation,F10,25,1.0,1.0,0.0,,,0,0,FA_le_10
linear_frozen,validation,F11,25,0.96,0.92,0.08,,,1,1,FA_le_10
linear_frozen,validation,F12,25,1.0,1.0,0.0,,,0,0,FA_le_10
linear_frozen,validation,F13,25,1.0,0.84,0.16,,,0,4,FA_le_10
linear_frozen,validation,F14,25,1.0,1.0,0.0,,,0,0,FA_le_10
linear_frozen,validation,F15,25,1.0,0.92,0.08,,,0,2,FA_le_10
linear_frozen,validation,D01,8,,,,0.0,0.0,0,0,FA_le_20
linear_frozen,validation,D02,8,,,,0.0,0.0,0,0,FA_le_20
linear_frozen,validation,D03,8,,,,0.0,0.0,0,0,FA_le_20
linear_frozen,validation,D04,8,,,,0.0,0.0,0,0,FA_le_20
linear_frozen,validation,D05,40,,,,0.0,0.0,0,0,FA_le_20
linear_frozen,validation,D06,25,,,,23.041105973086708,0.16,0,0,FA_le_20
linear_frozen,validation,D07,40,,,,0.0,0.0,0,0,FA_le_20
linear_frozen,validation,D08,40,,,,7.5002343823244475,0.025,0,0,FA_le_20
linear_frozen,validation,D09,40,,,,0.0,0.0,0,0,FA_le_20
linear_frozen,validation,D10,40,,,,7.500078125813811,0.025,0,0,FA_le_20
linear_frozen,validation,D11,40,,,,22.50164074463763,0.075,0,0,FA_le_20
linear_frozen,validation,D12,40,,,,0.0,0.0,0,0,FA_le_20
linear_frozen,validation,D13,25,,,,144.00240004000068,0.4,0,0,FA_le_20
linear_frozen,validation,D14,40,,,,112.5,0.3,0,0,FA_le_20
linear_frozen,validation,D15,40,,,,0.0,0.0,0,0,FA_le_20
linear_frozen,validation,D16,40,,,,0.0,0.0,0,0,FA_le_20
linear_frozen,validation,D17,40,,,,0.0,0.0,0,0,FA_le_20
linear_frozen,validation,D18,25,,,,72.00360018000899,0.2,0,0,FA_le_20
linear_frozen,validation,D19,25,,,,132.0,0.28,0,0,FA_le_20
linear_frozen,validation,F01,25,0.96,0.88,0.12,,,1,2,FA_le_20
linear_frozen,validation,F02,25,1.0,1.0,0.0,,,0,0,FA_le_20
linear_frozen,validation,F03,25,1.0,0.96,0.04,,,0,1,FA_le_20
linear_frozen,validation,F04,25,0.96,0.96,0.04,,,1,0,FA_le_20
linear_frozen,validation,F05,25,1.0,0.96,0.04,,,0,1,FA_le_20
linear_frozen,validation,F06,25,0.96,0.96,0.04,,,1,0,FA_le_20
linear_frozen,validation,F07,25,1.0,1.0,0.0,,,0,0,FA_le_20
linear_frozen,validation,F08,25,0.96,0.96,0.04,,,1,0,FA_le_20
linear_frozen,validation,F09,25,1.0,0.96,0.04,,,0,1,FA_le_20
linear_frozen,validation,F10,25,1.0,1.0,0.0,,,0,0,FA_le_20
linear_frozen,validation,F11,25,0.96,0.92,0.08,,,1,1,FA_le_20
linear_frozen,validation,F12,25,1.0,1.0,0.0,,,0,0,FA_le_20
linear_frozen,validation,F13,25,1.0,1.0,0.0,,,0,0,FA_le_20
linear_frozen,validation,F14,25,1.0,1.0,0.0,,,0,0,FA_le_20
linear_frozen,validation,F15,25,1.0,0.96,0.04,,,0,1,FA_le_20
linear_frozen,validation,D01,8,,,,0.0,0.0,0,0,sens_ge95
linear_frozen,validation,D02,8,,,,0.0,0.0,0,0,sens_ge95
linear_frozen,validation,D03,8,,,,0.0,0.0,0,0,sens_ge95
linear_frozen,validation,D04,8,,,,0.0,0.0,0,0,sens_ge95
linear_frozen,validation,D05,40,,,,0.0,0.0,0,0,sens_ge95
linear_frozen,validation,D06,25,,,,23.041105973086708,0.16,0,0,sens_ge95
linear_frozen,validation,D07,40,,,,0.0,0.0,0,0,sens_ge95
linear_frozen,validation,D08,40,,,,7.5002343823244475,0.025,0,0,sens_ge95
linear_frozen,validation,D09,40,,,,0.0,0.0,0,0,sens_ge95
linear_frozen,validation,D10,40,,,,7.500078125813811,0.025,0,0,sens_ge95
linear_frozen,validation,D11,40,,,,15.001093829758421,0.05,0,0,sens_ge95
linear_frozen,validation,D12,40,,,,0.0,0.0,0,0,sens_ge95
linear_frozen,validation,D13,25,,,,96.0016000266671,0.32,0,0,sens_ge95
linear_frozen,validation,D14,40,,,,60.0,0.175,0,0,sens_ge95
linear_frozen,validation,D15,40,,,,0.0,0.0,0,0,sens_ge95
linear_frozen,validation,D16,40,,,,0.0,0.0,0,0,sens_ge95
linear_frozen,validation,D17,40,,,,0.0,0.0,0,0,sens_ge95
linear_frozen,validation,D18,25,,,,60.003000150007495,0.16,0,0,sens_ge95
linear_frozen,validation,D19,25,,,,120.0,0.24,0,0,sens_ge95
linear_frozen,validation,F01,25,0.96,0.88,0.12,,,1,2,sens_ge95
linear_frozen,validation,F02,25,1.0,1.0,0.0,,,0,0,sens_ge95
linear_frozen,validation,F03,25,1.0,0.92,0.08,,,0,2,sens_ge95
linear_frozen,validation,F04,25,0.96,0.96,0.04,,,1,0,sens_ge95
linear_frozen,validation,F05,25,1.0,0.92,0.08,,,0,2,sens_ge95
linear_frozen,validation,F06,25,0.96,0.92,0.08,,,1,1,sens_ge95
linear_frozen,validation,F07,25,1.0,0.96,0.04,,,0,1,sens_ge95
linear_frozen,validation,F08,25,0.96,0.92,0.08,,,1,1,sens_ge95
linear_frozen,validation,F09,25,1.0,0.96,0.04,,,0,1,sens_ge95
linear_frozen,validation,F10,25,1.0,1.0,0.0,,,0,0,sens_ge95
linear_frozen,validation,F11,25,0.96,0.92,0.08,,,1,1,sens_ge95
linear_frozen,validation,F12,25,1.0,1.0,0.0,,,0,0,sens_ge95
linear_frozen,validation,F13,25,1.0,0.96,0.04,,,0,1,sens_ge95
linear_frozen,validation,F14,25,1.0,1.0,0.0,,,0,0,sens_ge95
linear_frozen,validation,F15,25,1.0,0.96,0.04,,,0,1,sens_ge95
linear_frozen,validation,D01,8,,,,0.0,0.0,0,0,sens_ge97
linear_frozen,validation,D02,8,,,,0.0,0.0,0,0,sens_ge97
linear_frozen,validation,D03,8,,,,0.0,0.0,0,0,sens_ge97
linear_frozen,validation,D04,8,,,,0.0,0.0,0,0,sens_ge97
linear_frozen,validation,D05,40,,,,0.0,0.0,0,0,sens_ge97
linear_frozen,validation,D06,25,,,,28.801382466358387,0.2,0,0,sens_ge97
linear_frozen,validation,D07,40,,,,0.0,0.0,0,0,sens_ge97
linear_frozen,validation,D08,40,,,,15.000468764648895,0.05,0,0,sens_ge97
linear_frozen,validation,D09,40,,,,0.0,0.0,0,0,sens_ge97
linear_frozen,validation,D10,40,,,,7.500078125813811,0.025,0,0,sens_ge97
linear_frozen,validation,D11,40,,,,45.00328148927526,0.15,0,0,sens_ge97
linear_frozen,validation,D12,40,,,,0.0,0.0,0,0,sens_ge97
linear_frozen,validation,D13,25,,,,228.00380006333438,0.6,0,0,sens_ge97
linear_frozen,validation,D14,40,,,,165.0,0.35,0,0,sens_ge97
linear_frozen,validation,D15,40,,,,0.0,0.0,0,0,sens_ge97
linear_frozen,validation,D16,40,,,,0.0,0.0,0,0,sens_ge97
linear_frozen,validation,D17,40,,,,0.0,0.0,0,0,sens_ge97
linear_frozen,validation,D18,25,,,,96.00480024001199,0.28,0,0,sens_ge97
linear_frozen,validation,D19,25,,,,156.0,0.32,0,0,sens_ge97
linear_frozen,validation,F01,25,0.96,0.92,0.08,,,1,1,sens_ge97
linear_frozen,validation,F02,25,1.0,1.0,0.0,,,0,0,sens_ge97
linear_frozen,validation,F03,25,1.0,0.96,0.04,,,0,1,sens_ge97
linear_frozen,validation,F04,25,0.96,0.96,0.04,,,1,0,sens_ge97
linear_frozen,validation,F05,25,1.0,0.96,0.04,,,0,1,sens_ge97
linear_frozen,validation,F06,25,0.96,0.96,0.04,,,1,0,sens_ge97
linear_frozen,validation,F07,25,1.0,1.0,0.0,,,0,0,sens_ge97
linear_frozen,validation,F08,25,0.96,0.96,0.04,,,1,0,sens_ge97
linear_frozen,validation,F09,25,1.0,0.96,0.04,,,0,1,sens_ge97
linear_frozen,validation,F10,25,1.0,1.0,0.0,,,0,0,sens_ge97
linear_frozen,validation,F11,25,0.96,0.92,0.08,,,1,1,sens_ge97
linear_frozen,validation,F12,25,1.0,1.0,0.0,,,0,0,sens_ge97
linear_frozen,validation,F13,25,1.0,1.0,0.0,,,0,0,sens_ge97
linear_frozen,validation,F14,25,1.0,1.0,0.0,,,0,0,sens_ge97
linear_frozen,validation,F15,25,1.0,0.96,0.04,,,0,1,sens_ge97
linear_frozen,validation,D01,8,,,,175.52413456850317,0.25,0,0,sens_gt98
linear_frozen,validation,D02,8,,,,72.00135002531297,0.5,0,0,sens_gt98
linear_frozen,validation,D03,8,,,,0.0,0.0,0,0,sens_gt98
linear_frozen,validation,D04,8,,,,13.5,0.125,0,0,sens_gt98
linear_frozen,validation,D05,40,,,,14.400288005760114,0.1,0,0,sens_gt98
linear_frozen,validation,D06,25,,,,155.5274653183353,0.52,0,0,sens_gt98
linear_frozen,validation,D07,40,,,,37.501953226730556,0.125,0,0,sens_gt98
linear_frozen,validation,D08,40,,,,307.50960967530233,0.725,0,0,sens_gt98
linear_frozen,validation,D09,40,,,,195.00609394043565,0.45,0,0,sens_gt98
linear_frozen,validation,D10,40,,,,262.5027344034834,0.575,0,0,sens_gt98
linear_frozen,validation,D11,40,,,,232.51695436125553,0.775,0,0,sens_gt98
linear_frozen,validation,D12,40,,,,37.5,0.125,0,0,sens_gt98
linear_frozen,validation,D13,25,,,,576.0096001600027,1.0,0,0,sens_gt98
linear_frozen,validation,D14,40,,,,472.5,0.85,0,0,sens_gt98
linear_frozen,validation,D15,40,,,,7.5,0.025,0,0,sens_gt98
linear_frozen,validation,D16,40,,,,75.0093761720215,0.175,0,0,sens_gt98
linear_frozen,validation,D17,40,,,,97.20583234994099,0.5,0,0,sens_gt98
linear_frozen,validation,D18,25,,,,324.01620081004046,0.88,0,0,sens_gt98
linear_frozen,validation,D19,25,,,,372.0,0.72,0,0,sens_gt98
linear_frozen,validation,F01,25,0.96,0.96,0.04,,,1,0,sens_gt98
linear_frozen,validation,F02,25,1.0,1.0,0.0,,,0,0,sens_gt98
linear_frozen,validation,F03,25,1.0,0.96,0.04,,,0,1,sens_gt98
linear_frozen,validation,F04,25,0.96,0.96,0.04,,,1,0,sens_gt98
linear_frozen,validation,F05,25,1.0,0.96,0.04,,,0,1,sens_gt98
linear_frozen,validation,F06,25,0.96,0.96,0.04,,,1,0,sens_gt98
linear_frozen,validation,F07,25,1.0,1.0,0.0,,,0,0,sens_gt98
linear_frozen,validation,F08,25,0.96,0.96,0.04,,,1,0,sens_gt98
linear_frozen,validation,F09,25,1.0,1.0,0.0,,,0,0,sens_gt98
linear_frozen,validation,F10,25,1.0,1.0,0.0,,,0,0,sens_gt98
linear_frozen,validation,F11,25,0.96,0.96,0.04,,,1,0,sens_gt98
linear_frozen,validation,F12,25,1.0,1.0,0.0,,,0,0,sens_gt98
linear_frozen,validation,F13,25,1.0,1.0,0.0,,,0,0,sens_gt98
linear_frozen,validation,F14,25,1.0,1.0,0.0,,,0,0,sens_gt98
linear_frozen,validation,F15,25,1.0,1.0,0.0,,,0,0,sens_gt98
linear_frozen,validation,D01,8,,,,0.0,0.0,0,0,BA_reference
linear_frozen,validation,D02,8,,,,0.0,0.0,0,0,BA_reference
linear_frozen,validation,D03,8,,,,0.0,0.0,0,0,BA_reference
linear_frozen,validation,D04,8,,,,0.0,0.0,0,0,BA_reference
linear_frozen,validation,D05,40,,,,0.0,0.0,0,0,BA_reference
linear_frozen,validation,D06,25,,,,5.760276493271677,0.04,0,0,BA_reference
linear_frozen,validation,D07,40,,,,0.0,0.0,0,0,BA_reference
linear_frozen,validation,D08,40,,,,0.0,0.0,0,0,BA_reference
linear_frozen,validation,D09,40,,,,0.0,0.0,0,0,BA_reference
linear_frozen,validation,D10,40,,,,0.0,0.0,0,0,BA_reference
linear_frozen,validation,D11,40,,,,7.5005469148792105,0.025,0,0,BA_reference
linear_frozen,validation,D12,40,,,,0.0,0.0,0,0,BA_reference
linear_frozen,validation,D13,25,,,,12.000200003333388,0.04,0,0,BA_reference
linear_frozen,validation,D14,40,,,,22.5,0.075,0,0,BA_reference
linear_frozen,validation,D15,40,,,,0.0,0.0,0,0,BA_reference
linear_frozen,validation,D16,40,,,,0.0,0.0,0,0,BA_reference
linear_frozen,validation,D17,40,,,,0.0,0.0,0,0,BA_reference
linear_frozen,validation,D18,25,,,,24.001200060002997,0.08,0,0,BA_reference
linear_frozen,validation,D19,25,,,,84.0,0.2,0,0,BA_reference
linear_frozen,validation,F01,25,0.96,0.88,0.12,,,1,2,BA_reference
linear_frozen,validation,F02,25,1.0,1.0,0.0,,,0,0,BA_reference
linear_frozen,validation,F03,25,1.0,0.92,0.08,,,0,2,BA_reference
linear_frozen,validation,F04,25,0.96,0.92,0.08,,,1,1,BA_reference
linear_frozen,validation,F05,25,1.0,0.92,0.08,,,0,2,BA_reference
linear_frozen,validation,F06,25,0.96,0.92,0.08,,,1,1,BA_reference
linear_frozen,validation,F07,25,1.0,0.92,0.08,,,0,2,BA_reference
linear_frozen,validation,F08,25,0.96,0.92,0.08,,,1,1,BA_reference
linear_frozen,validation,F09,25,1.0,0.96,0.04,,,0,1,BA_reference
linear_frozen,validation,F10,25,1.0,1.0,0.0,,,0,0,BA_reference
linear_frozen,validation,F11,25,0.96,0.92,0.08,,,1,1,BA_reference
linear_frozen,validation,F12,25,1.0,1.0,0.0,,,0,0,BA_reference
linear_frozen,validation,F13,25,1.0,0.8,0.2,,,0,5,BA_reference
linear_frozen,validation,F14,25,1.0,1.0,0.0,,,0,0,BA_reference
linear_frozen,validation,F15,25,1.0,0.92,0.08,,,0,2,BA_reference
quadratic_C1,validation,D01,8,,,,0.0,0.0,0,0,FA_le_1
quadratic_C1,validation,D02,8,,,,0.0,0.0,0,0,FA_le_1
quadratic_C1,validation,D03,8,,,,0.0,0.0,0,0,FA_le_1
quadratic_C1,validation,D04,8,,,,0.0,0.0,0,0,FA_le_1
quadratic_C1,validation,D05,40,,,,0.0,0.0,0,0,FA_le_1
quadratic_C1,validation,D06,25,,,,0.0,0.0,0,0,FA_le_1
quadratic_C1,validation,D07,40,,,,0.0,0.0,0,0,FA_le_1
quadratic_C1,validation,D08,40,,,,0.0,0.0,0,0,FA_le_1
quadratic_C1,validation,D09,40,,,,0.0,0.0,0,0,FA_le_1
quadratic_C1,validation,D10,40,,,,0.0,0.0,0,0,FA_le_1
quadratic_C1,validation,D11,40,,,,0.0,0.0,0,0,FA_le_1
quadratic_C1,validation,D12,40,,,,0.0,0.0,0,0,FA_le_1
quadratic_C1,validation,D13,25,,,,0.0,0.0,0,0,FA_le_1
quadratic_C1,validation,D14,40,,,,0.0,0.0,0,0,FA_le_1
quadratic_C1,validation,D15,40,,,,0.0,0.0,0,0,FA_le_1
quadratic_C1,validation,D16,40,,,,0.0,0.0,0,0,FA_le_1
quadratic_C1,validation,D17,40,,,,0.0,0.0,0,0,FA_le_1
quadratic_C1,validation,D18,25,,,,0.0,0.0,0,0,FA_le_1
quadratic_C1,validation,D19,25,,,,36.0,0.12,0,0,FA_le_1
quadratic_C1,validation,F01,25,0.96,0.84,0.16,,,1,3,FA_le_1
quadratic_C1,validation,F02,25,1.0,1.0,0.0,,,0,0,FA_le_1
quadratic_C1,validation,F03,25,1.0,0.92,0.08,,,0,2,FA_le_1
quadratic_C1,validation,F04,25,0.96,0.88,0.12,,,1,2,FA_le_1
quadratic_C1,validation,F05,25,1.0,0.92,0.08,,,0,2,FA_le_1
quadratic_C1,validation,F06,25,0.96,0.88,0.12,,,1,2,FA_le_1
quadratic_C1,validation,F07,25,1.0,0.8,0.2,,,0,5,FA_le_1
quadratic_C1,validation,F08,25,0.96,0.84,0.16,,,1,3,FA_le_1
quadratic_C1,validation,F09,25,1.0,0.96,0.04,,,0,1,FA_le_1
quadratic_C1,validation,F10,25,1.0,1.0,0.0,,,0,0,FA_le_1
quadratic_C1,validation,F11,25,0.96,0.92,0.08,,,1,1,FA_le_1
quadratic_C1,validation,F12,25,1.0,1.0,0.0,,,0,0,FA_le_1
quadratic_C1,validation,F13,25,1.0,0.72,0.28,,,0,7,FA_le_1
quadratic_C1,validation,F14,25,1.0,0.96,0.04,,,0,1,FA_le_1
quadratic_C1,validation,F15,25,1.0,0.88,0.12,,,0,3,FA_le_1
quadratic_C1,validation,D01,8,,,,0.0,0.0,0,0,FA_le_5
quadratic_C1,validation,D02,8,,,,0.0,0.0,0,0,FA_le_5
quadratic_C1,validation,D03,8,,,,0.0,0.0,0,0,FA_le_5
quadratic_C1,validation,D04,8,,,,0.0,0.0,0,0,FA_le_5
quadratic_C1,validation,D05,40,,,,0.0,0.0,0,0,FA_le_5
quadratic_C1,validation,D06,25,,,,5.760276493271677,0.04,0,0,FA_le_5
quadratic_C1,validation,D07,40,,,,0.0,0.0,0,0,FA_le_5
quadratic_C1,validation,D08,40,,,,0.0,0.0,0,0,FA_le_5
quadratic_C1,validation,D09,40,,,,0.0,0.0,0,0,FA_le_5
quadratic_C1,validation,D10,40,,,,0.0,0.0,0,0,FA_le_5
quadratic_C1,validation,D11,40,,,,0.0,0.0,0,0,FA_le_5
quadratic_C1,validation,D12,40,,,,0.0,0.0,0,0,FA_le_5
quadratic_C1,validation,D13,25,,,,12.000200003333388,0.04,0,0,FA_le_5
quadratic_C1,validation,D14,40,,,,30.0,0.1,0,0,FA_le_5
quadratic_C1,validation,D15,40,,,,0.0,0.0,0,0,FA_le_5
quadratic_C1,validation,D16,40,,,,0.0,0.0,0,0,FA_le_5
quadratic_C1,validation,D17,40,,,,0.0,0.0,0,0,FA_le_5
quadratic_C1,validation,D18,25,,,,24.001200060002997,0.08,0,0,FA_le_5
quadratic_C1,validation,D19,25,,,,84.0,0.2,0,0,FA_le_5
quadratic_C1,validation,F01,25,0.96,0.88,0.12,,,1,2,FA_le_5
quadratic_C1,validation,F02,25,1.0,1.0,0.0,,,0,0,FA_le_5
quadratic_C1,validation,F03,25,1.0,0.92,0.08,,,0,2,FA_le_5
quadratic_C1,validation,F04,25,0.96,0.96,0.04,,,1,0,FA_le_5
quadratic_C1,validation,F05,25,1.0,0.92,0.08,,,0,2,FA_le_5
quadratic_C1,validation,F06,25,0.96,0.92,0.08,,,1,1,FA_le_5
quadratic_C1,validation,F07,25,1.0,0.92,0.08,,,0,2,FA_le_5
quadratic_C1,validation,F08,25,0.96,0.92,0.08,,,1,1,FA_le_5
quadratic_C1,validation,F09,25,1.0,0.96,0.04,,,0,1,FA_le_5
quadratic_C1,validation,F10,25,1.0,1.0,0.0,,,0,0,FA_le_5
quadratic_C1,validation,F11,25,0.96,0.92,0.08,,,1,1,FA_le_5
quadratic_C1,validation,F12,25,1.0,1.0,0.0,,,0,0,FA_le_5
quadratic_C1,validation,F13,25,1.0,0.8,0.2,,,0,5,FA_le_5
quadratic_C1,validation,F14,25,1.0,1.0,0.0,,,0,0,FA_le_5
quadratic_C1,validation,F15,25,1.0,0.92,0.08,,,0,2,FA_le_5
quadratic_C1,validation,D01,8,,,,0.0,0.0,0,0,FA_le_10
quadratic_C1,validation,D02,8,,,,0.0,0.0,0,0,FA_le_10
quadratic_C1,validation,D03,8,,,,0.0,0.0,0,0,FA_le_10
quadratic_C1,validation,D04,8,,,,0.0,0.0,0,0,FA_le_10
quadratic_C1,validation,D05,40,,,,0.0,0.0,0,0,FA_le_10
quadratic_C1,validation,D06,25,,,,5.760276493271677,0.04,0,0,FA_le_10
quadratic_C1,validation,D07,40,,,,0.0,0.0,0,0,FA_le_10
quadratic_C1,validation,D08,40,,,,7.5002343823244475,0.025,0,0,FA_le_10
quadratic_C1,validation,D09,40,,,,0.0,0.0,0,0,FA_le_10
quadratic_C1,validation,D10,40,,,,0.0,0.0,0,0,FA_le_10
quadratic_C1,validation,D11,40,,,,7.5005469148792105,0.025,0,0,FA_le_10
quadratic_C1,validation,D12,40,,,,0.0,0.0,0,0,FA_le_10
quadratic_C1,validation,D13,25,,,,60.00100001666694,0.2,0,0,FA_le_10
quadratic_C1,validation,D14,40,,,,45.0,0.125,0,0,FA_le_10
quadratic_C1,validation,D15,40,,,,0.0,0.0,0,0,FA_le_10
quadratic_C1,validation,D16,40,,,,0.0,0.0,0,0,FA_le_10
quadratic_C1,validation,D17,40,,,,0.0,0.0,0,0,FA_le_10
quadratic_C1,validation,D18,25,,,,60.003000150007495,0.16,0,0,FA_le_10
quadratic_C1,validation,D19,25,,,,108.0,0.2,0,0,FA_le_10
quadratic_C1,validation,F01,25,0.96,0.88,0.12,,,1,2,FA_le_10
quadratic_C1,validation,F02,25,1.0,1.0,0.0,,,0,0,FA_le_10
quadratic_C1,validation,F03,25,1.0,0.92,0.08,,,0,2,FA_le_10
quadratic_C1,validation,F04,25,0.96,0.96,0.04,,,1,0,FA_le_10
quadratic_C1,validation,F05,25,1.0,0.92,0.08,,,0,2,FA_le_10
quadratic_C1,validation,F06,25,0.96,0.92,0.08,,,1,1,FA_le_10
quadratic_C1,validation,F07,25,1.0,0.92,0.08,,,0,2,FA_le_10
quadratic_C1,validation,F08,25,0.96,0.92,0.08,,,1,1,FA_le_10
quadratic_C1,validation,F09,25,1.0,0.96,0.04,,,0,1,FA_le_10
quadratic_C1,validation,F10,25,1.0,1.0,0.0,,,0,0,FA_le_10
quadratic_C1,validation,F11,25,0.96,0.92,0.08,,,1,1,FA_le_10
quadratic_C1,validation,F12,25,1.0,1.0,0.0,,,0,0,FA_le_10
quadratic_C1,validation,F13,25,1.0,0.88,0.12,,,0,3,FA_le_10
quadratic_C1,validation,F14,25,1.0,1.0,0.0,,,0,0,FA_le_10
quadratic_C1,validation,F15,25,1.0,0.92,0.08,,,0,2,FA_le_10
quadratic_C1,validation,D01,8,,,,0.0,0.0,0,0,FA_le_20
quadratic_C1,validation,D02,8,,,,0.0,0.0,0,0,FA_le_20
quadratic_C1,validation,D03,8,,,,0.0,0.0,0,0,FA_le_20
quadratic_C1,validation,D04,8,,,,0.0,0.0,0,0,FA_le_20
quadratic_C1,validation,D05,40,,,,0.0,0.0,0,0,FA_le_20
quadratic_C1,validation,D06,25,,,,17.280829479815033,0.12,0,0,FA_le_20
quadratic_C1,validation,D07,40,,,,0.0,0.0,0,0,FA_le_20
quadratic_C1,validation,D08,40,,,,7.5002343823244475,0.025,0,0,FA_le_20
quadratic_C1,validation,D09,40,,,,0.0,0.0,0,0,FA_le_20
quadratic_C1,validation,D10,40,,,,7.500078125813811,0.025,0,0,FA_le_20
quadratic_C1,validation,D11,40,,,,22.50164074463763,0.075,0,0,FA_le_20
quadratic_C1,validation,D12,40,,,,0.0,0.0,0,0,FA_le_20
quadratic_C1,validation,D13,25,,,,180.00300005000082,0.48,0,0,FA_le_20
quadratic_C1,validation,D14,40,,,,120.0,0.325,0,0,FA_le_20
quadratic_C1,validation,D15,40,,,,0.0,0.0,0,0,FA_le_20
quadratic_C1,validation,D16,40,,,,0.0,0.0,0,0,FA_le_20
quadratic_C1,validation,D17,40,,,,0.0,0.0,0,0,FA_le_20
quadratic_C1,validation,D18,25,,,,72.00360018000899,0.2,0,0,FA_le_20
quadratic_C1,validation,D19,25,,,,132.0,0.28,0,0,FA_le_20
quadratic_C1,validation,F01,25,0.96,0.88,0.12,,,1,2,FA_le_20
quadratic_C1,validation,F02,25,1.0,1.0,0.0,,,0,0,FA_le_20
quadratic_C1,validation,F03,25,1.0,0.96,0.04,,,0,1,FA_le_20
quadratic_C1,validation,F04,25,0.96,0.96,0.04,,,1,0,FA_le_20
quadratic_C1,validation,F05,25,1.0,0.96,0.04,,,0,1,FA_le_20
quadratic_C1,validation,F06,25,0.96,0.96,0.04,,,1,0,FA_le_20
quadratic_C1,validation,F07,25,1.0,1.0,0.0,,,0,0,FA_le_20
quadratic_C1,validation,F08,25,0.96,0.96,0.04,,,1,0,FA_le_20
quadratic_C1,validation,F09,25,1.0,0.96,0.04,,,0,1,FA_le_20
quadratic_C1,validation,F10,25,1.0,1.0,0.0,,,0,0,FA_le_20
quadratic_C1,validation,F11,25,0.96,0.92,0.08,,,1,1,FA_le_20
quadratic_C1,validation,F12,25,1.0,1.0,0.0,,,0,0,FA_le_20
quadratic_C1,validation,F13,25,1.0,1.0,0.0,,,0,0,FA_le_20
quadratic_C1,validation,F14,25,1.0,1.0,0.0,,,0,0,FA_le_20
quadratic_C1,validation,F15,25,1.0,0.96,0.04,,,0,1,FA_le_20
quadratic_C1,validation,D01,8,,,,0.0,0.0,0,0,sens_ge95
quadratic_C1,validation,D02,8,,,,0.0,0.0,0,0,sens_ge95
quadratic_C1,validation,D03,8,,,,0.0,0.0,0,0,sens_ge95
quadratic_C1,validation,D04,8,,,,0.0,0.0,0,0,sens_ge95
quadratic_C1,validation,D05,40,,,,0.0,0.0,0,0,sens_ge95
quadratic_C1,validation,D06,25,,,,17.280829479815033,0.12,0,0,sens_ge95
quadratic_C1,validation,D07,40,,,,0.0,0.0,0,0,sens_ge95
quadratic_C1,validation,D08,40,,,,7.5002343823244475,0.025,0,0,sens_ge95
quadratic_C1,validation,D09,40,,,,0.0,0.0,0,0,sens_ge95
quadratic_C1,validation,D10,40,,,,7.500078125813811,0.025,0,0,sens_ge95
quadratic_C1,validation,D11,40,,,,15.001093829758421,0.05,0,0,sens_ge95
quadratic_C1,validation,D12,40,,,,0.0,0.0,0,0,sens_ge95
quadratic_C1,validation,D13,25,,,,96.0016000266671,0.32,0,0,sens_ge95
quadratic_C1,validation,D14,40,,,,67.5,0.175,0,0,sens_ge95
quadratic_C1,validation,D15,40,,,,0.0,0.0,0,0,sens_ge95
quadratic_C1,validation,D16,40,,,,0.0,0.0,0,0,sens_ge95
quadratic_C1,validation,D17,40,,,,0.0,0.0,0,0,sens_ge95
quadratic_C1,validation,D18,25,,,,60.003000150007495,0.16,0,0,sens_ge95
quadratic_C1,validation,D19,25,,,,108.0,0.2,0,0,sens_ge95
quadratic_C1,validation,F01,25,0.96,0.88,0.12,,,1,2,sens_ge95
quadratic_C1,validation,F02,25,1.0,1.0,0.0,,,0,0,sens_ge95
quadratic_C1,validation,F03,25,1.0,0.92,0.08,,,0,2,sens_ge95
quadratic_C1,validation,F04,25,0.96,0.96,0.04,,,1,0,sens_ge95
quadratic_C1,validation,F05,25,1.0,0.92,0.08,,,0,2,sens_ge95
quadratic_C1,validation,F06,25,0.96,0.92,0.08,,,1,1,sens_ge95
quadratic_C1,validation,F07,25,1.0,0.92,0.08,,,0,2,sens_ge95
quadratic_C1,validation,F08,25,0.96,0.92,0.08,,,1,1,sens_ge95
quadratic_C1,validation,F09,25,1.0,0.96,0.04,,,0,1,sens_ge95
quadratic_C1,validation,F10,25,1.0,1.0,0.0,,,0,0,sens_ge95
quadratic_C1,validation,F11,25,0.96,0.92,0.08,,,1,1,sens_ge95
quadratic_C1,validation,F12,25,1.0,1.0,0.0,,,0,0,sens_ge95
quadratic_C1,validation,F13,25,1.0,1.0,0.0,,,0,0,sens_ge95
quadratic_C1,validation,F14,25,1.0,1.0,0.0,,,0,0,sens_ge95
quadratic_C1,validation,F15,25,1.0,0.96,0.04,,,0,1,sens_ge95
quadratic_C1,validation,D01,8,,,,0.0,0.0,0,0,sens_ge97
quadratic_C1,validation,D02,8,,,,0.0,0.0,0,0,sens_ge97
quadratic_C1,validation,D03,8,,,,0.0,0.0,0,0,sens_ge97
quadratic_C1,validation,D04,8,,,,0.0,0.0,0,0,sens_ge97
quadratic_C1,validation,D05,40,,,,0.0,0.0,0,0,sens_ge97
quadratic_C1,validation,D06,25,,,,28.801382466358387,0.2,0,0,sens_ge97
quadratic_C1,validation,D07,40,,,,0.0,0.0,0,0,sens_ge97
quadratic_C1,validation,D08,40,,,,15.000468764648895,0.05,0,0,sens_ge97
quadratic_C1,validation,D09,40,,,,0.0,0.0,0,0,sens_ge97
quadratic_C1,validation,D10,40,,,,7.500078125813811,0.025,0,0,sens_ge97
quadratic_C1,validation,D11,40,,,,45.00328148927526,0.15,0,0,sens_ge97
quadratic_C1,validation,D12,40,,,,0.0,0.0,0,0,sens_ge97
quadratic_C1,validation,D13,25,,,,252.00420007000116,0.64,0,0,sens_ge97
quadratic_C1,validation,D14,40,,,,187.5,0.4,0,0,sens_ge97
quadratic_C1,validation,D15,40,,,,0.0,0.0,0,0,sens_ge97
quadratic_C1,validation,D16,40,,,,0.0,0.0,0,0,sens_ge97
quadratic_C1,validation,D17,40,,,,0.0,0.0,0,0,sens_ge97
quadratic_C1,validation,D18,25,,,,96.00480024001199,0.28,0,0,sens_ge97
quadratic_C1,validation,D19,25,,,,168.0,0.36,0,0,sens_ge97
quadratic_C1,validation,F01,25,0.96,0.92,0.08,,,1,1,sens_ge97
quadratic_C1,validation,F02,25,1.0,1.0,0.0,,,0,0,sens_ge97
quadratic_C1,validation,F03,25,1.0,0.96,0.04,,,0,1,sens_ge97
quadratic_C1,validation,F04,25,0.96,0.96,0.04,,,1,0,sens_ge97
quadratic_C1,validation,F05,25,1.0,0.96,0.04,,,0,1,sens_ge97
quadratic_C1,validation,F06,25,0.96,0.96,0.04,,,1,0,sens_ge97
quadratic_C1,validation,F07,25,1.0,1.0,0.0,,,0,0,sens_ge97
quadratic_C1,validation,F08,25,0.96,0.96,0.04,,,1,0,sens_ge97
quadratic_C1,validation,F09,25,1.0,0.96,0.04,,,0,1,sens_ge97
quadratic_C1,validation,F10,25,1.0,1.0,0.0,,,0,0,sens_ge97
quadratic_C1,validation,F11,25,0.96,0.92,0.08,,,1,1,sens_ge97
quadratic_C1,validation,F12,25,1.0,1.0,0.0,,,0,0,sens_ge97
quadratic_C1,validation,F13,25,1.0,1.0,0.0,,,0,0,sens_ge97
quadratic_C1,validation,F14,25,1.0,1.0,0.0,,,0,0,sens_ge97
quadratic_C1,validation,F15,25,1.0,0.96,0.04,,,0,1,sens_ge97
quadratic_C1,validation,D01,8,,,,207.02846641413194,0.25,0,0,sens_gt98
quadratic_C1,validation,D02,8,,,,270.00506259492363,0.5,0,0,sens_gt98
quadratic_C1,validation,D03,8,,,,9.0,0.25,0,0,sens_gt98
quadratic_C1,validation,D04,8,,,,31.5,0.25,0,0,sens_gt98
quadratic_C1,validation,D05,40,,,,21.60043200864017,0.15,0,0,sens_gt98
quadratic_C1,validation,D06,25,,,,155.5274653183353,0.56,0,0,sens_gt98
quadratic_C1,validation,D07,40,,,,37.501953226730556,0.125,0,0,sens_gt98
quadratic_C1,validation,D08,40,,,,315.0098440576268,0.725,0,0,sens_gt98
quadratic_C1,validation,D09,40,,,,195.00609394043565,0.45,0,0,sens_gt98
quadratic_C1,validation,D10,40,,,,307.50320315836626,0.675,0,0,sens_gt98
quadratic_C1,validation,D11,40,,,,240.01750127613474,0.8,0,0,sens_gt98
quadratic_C1,validation,D12,40,,,,67.5,0.2,0,0,sens_gt98
quadratic_C1,validation,D13,25,,,,600.0100001666694,1.0,0,0,sens_gt98
quadratic_C1,validation,D14,40,,,,480.0,0.85,0,0,sens_gt98
quadratic_C1,validation,D15,40,,,,7.5,0.025,0,0,sens_gt98
quadratic_C1,validation,D16,40,,,,82.51031378922366,0.175,0,0,sens_gt98
quadratic_C1,validation,D17,40,,,,111.6066964017841,0.525,0,0,sens_gt98
quadratic_C1,validation,D18,25,,,,348.01740087004345,0.88,0,0,sens_gt98
quadratic_C1,validation,D19,25,,,,396.0,0.76,0,0,sens_gt98
quadratic_C1,validation,F01,25,0.96,0.96,0.04,,,1,0,sens_gt98
quadratic_C1,validation,F02,25,1.0,1.0,0.0,,,0,0,sens_gt98
quadratic_C1,validation,F03,25,1.0,0.96,0.04,,,0,1,sens_gt98
quadratic_C1,validation,F04,25,0.96,0.96,0.04,,,1,0,sens_gt98
quadratic_C1,validation,F05,25,1.0,0.96,0.04,,,0,1,sens_gt98
quadratic_C1,validation,F06,25,0.96,0.96,0.04,,,1,0,sens_gt98
quadratic_C1,validation,F07,25,1.0,1.0,0.0,,,0,0,sens_gt98
quadratic_C1,validation,F08,25,0.96,0.96,0.04,,,1,0,sens_gt98
quadratic_C1,validation,F09,25,1.0,1.0,0.0,,,0,0,sens_gt98
quadratic_C1,validation,F10,25,1.0,1.0,0.0,,,0,0,sens_gt98
quadratic_C1,validation,F11,25,0.96,0.96,0.04,,,1,0,sens_gt98
quadratic_C1,validation,F12,25,1.0,1.0,0.0,,,0,0,sens_gt98
quadratic_C1,validation,F13,25,1.0,1.0,0.0,,,0,0,sens_gt98
quadratic_C1,validation,F14,25,1.0,1.0,0.0,,,0,0,sens_gt98
quadratic_C1,validation,F15,25,1.0,1.0,0.0,,,0,0,sens_gt98
quadratic_C1,validation,D01,8,,,,0.0,0.0,0,0,BA_reference
quadratic_C1,validation,D02,8,,,,0.0,0.0,0,0,BA_reference
quadratic_C1,validation,D03,8,,,,0.0,0.0,0,0,BA_reference
quadratic_C1,validation,D04,8,,,,0.0,0.0,0,0,BA_reference
quadratic_C1,validation,D05,40,,,,0.0,0.0,0,0,BA_reference
quadratic_C1,validation,D06,25,,,,5.760276493271677,0.04,0,0,BA_reference
quadratic_C1,validation,D07,40,,,,0.0,0.0,0,0,BA_reference
quadratic_C1,validation,D08,40,,,,0.0,0.0,0,0,BA_reference
quadratic_C1,validation,D09,40,,,,0.0,0.0,0,0,BA_reference
quadratic_C1,validation,D10,40,,,,0.0,0.0,0,0,BA_reference
quadratic_C1,validation,D11,40,,,,0.0,0.0,0,0,BA_reference
quadratic_C1,validation,D12,40,,,,0.0,0.0,0,0,BA_reference
quadratic_C1,validation,D13,25,,,,12.000200003333388,0.04,0,0,BA_reference
quadratic_C1,validation,D14,40,,,,7.5,0.025,0,0,BA_reference
quadratic_C1,validation,D15,40,,,,0.0,0.0,0,0,BA_reference
quadratic_C1,validation,D16,40,,,,0.0,0.0,0,0,BA_reference
quadratic_C1,validation,D17,40,,,,0.0,0.0,0,0,BA_reference
quadratic_C1,validation,D18,25,,,,12.000600030001499,0.04,0,0,BA_reference
quadratic_C1,validation,D19,25,,,,72.0,0.16,0,0,BA_reference
quadratic_C1,validation,F01,25,0.96,0.88,0.12,,,1,2,BA_reference
quadratic_C1,validation,F02,25,1.0,1.0,0.0,,,0,0,BA_reference
quadratic_C1,validation,F03,25,1.0,0.92,0.08,,,0,2,BA_reference
quadratic_C1,validation,F04,25,0.96,0.96,0.04,,,1,0,BA_reference
quadratic_C1,validation,F05,25,1.0,0.92,0.08,,,0,2,BA_reference
quadratic_C1,validation,F06,25,0.96,0.92,0.08,,,1,1,BA_reference
quadratic_C1,validation,F07,25,1.0,0.92,0.08,,,0,2,BA_reference
quadratic_C1,validation,F08,25,0.96,0.92,0.08,,,1,1,BA_reference
quadratic_C1,validation,F09,25,1.0,0.96,0.04,,,0,1,BA_reference
quadratic_C1,validation,F10,25,1.0,1.0,0.0,,,0,0,BA_reference
quadratic_C1,validation,F11,25,0.96,0.92,0.08,,,1,1,BA_reference
quadratic_C1,validation,F12,25,1.0,1.0,0.0,,,0,0,BA_reference
quadratic_C1,validation,F13,25,1.0,0.72,0.28,,,0,7,BA_reference
quadratic_C1,validation,F14,25,1.0,1.0,0.0,,,0,0,BA_reference
quadratic_C1,validation,F15,25,1.0,0.92,0.08,,,0,2,BA_reference
forest_t20_d3,validation,D01,8,,,,0.0,0.0,0,0,FA_le_1
forest_t20_d3,validation,D02,8,,,,0.0,0.0,0,0,FA_le_1
forest_t20_d3,validation,D03,8,,,,0.0,0.0,0,0,FA_le_1
forest_t20_d3,validation,D04,8,,,,0.0,0.0,0,0,FA_le_1
forest_t20_d3,validation,D05,40,,,,0.0,0.0,0,0,FA_le_1
forest_t20_d3,validation,D06,25,,,,0.0,0.0,0,0,FA_le_1
forest_t20_d3,validation,D07,40,,,,0.0,0.0,0,0,FA_le_1
forest_t20_d3,validation,D08,40,,,,0.0,0.0,0,0,FA_le_1
forest_t20_d3,validation,D09,40,,,,0.0,0.0,0,0,FA_le_1
forest_t20_d3,validation,D10,40,,,,0.0,0.0,0,0,FA_le_1
forest_t20_d3,validation,D11,40,,,,0.0,0.0,0,0,FA_le_1
forest_t20_d3,validation,D12,40,,,,0.0,0.0,0,0,FA_le_1
forest_t20_d3,validation,D13,25,,,,0.0,0.0,0,0,FA_le_1
forest_t20_d3,validation,D14,40,,,,0.0,0.0,0,0,FA_le_1
forest_t20_d3,validation,D15,40,,,,0.0,0.0,0,0,FA_le_1
forest_t20_d3,validation,D16,40,,,,0.0,0.0,0,0,FA_le_1
forest_t20_d3,validation,D17,40,,,,0.0,0.0,0,0,FA_le_1
forest_t20_d3,validation,D18,25,,,,0.0,0.0,0,0,FA_le_1
forest_t20_d3,validation,D19,25,,,,0.0,0.0,0,0,FA_le_1
forest_t20_d3,validation,F01,25,0.96,0.0,1.0,,,1,24,FA_le_1
forest_t20_d3,validation,F02,25,1.0,0.0,1.0,,,0,25,FA_le_1
forest_t20_d3,validation,F03,25,1.0,0.0,1.0,,,0,25,FA_le_1
forest_t20_d3,validation,F04,25,0.96,0.0,1.0,,,1,24,FA_le_1
forest_t20_d3,validation,F05,25,1.0,0.0,1.0,,,0,25,FA_le_1
forest_t20_d3,validation,F06,25,0.96,0.0,1.0,,,1,24,FA_le_1
forest_t20_d3,validation,F07,25,1.0,0.0,1.0,,,0,25,FA_le_1
forest_t20_d3,validation,F08,25,0.96,0.0,1.0,,,1,24,FA_le_1
forest_t20_d3,validation,F09,25,1.0,0.0,1.0,,,0,25,FA_le_1
forest_t20_d3,validation,F10,25,1.0,0.0,1.0,,,0,25,FA_le_1
forest_t20_d3,validation,F11,25,0.96,0.0,1.0,,,1,24,FA_le_1
forest_t20_d3,validation,F12,25,1.0,0.0,1.0,,,0,25,FA_le_1
forest_t20_d3,validation,F13,25,1.0,0.0,1.0,,,0,25,FA_le_1
forest_t20_d3,validation,F14,25,1.0,0.0,1.0,,,0,25,FA_le_1
forest_t20_d3,validation,F15,25,1.0,0.0,1.0,,,0,25,FA_le_1
forest_t20_d3,validation,D01,8,,,,0.0,0.0,0,0,FA_le_5
forest_t20_d3,validation,D02,8,,,,0.0,0.0,0,0,FA_le_5
forest_t20_d3,validation,D03,8,,,,0.0,0.0,0,0,FA_le_5
forest_t20_d3,validation,D04,8,,,,0.0,0.0,0,0,FA_le_5
forest_t20_d3,validation,D05,40,,,,0.0,0.0,0,0,FA_le_5
forest_t20_d3,validation,D06,25,,,,0.0,0.0,0,0,FA_le_5
forest_t20_d3,validation,D07,40,,,,0.0,0.0,0,0,FA_le_5
forest_t20_d3,validation,D08,40,,,,0.0,0.0,0,0,FA_le_5
forest_t20_d3,validation,D09,40,,,,0.0,0.0,0,0,FA_le_5
forest_t20_d3,validation,D10,40,,,,0.0,0.0,0,0,FA_le_5
forest_t20_d3,validation,D11,40,,,,0.0,0.0,0,0,FA_le_5
forest_t20_d3,validation,D12,40,,,,0.0,0.0,0,0,FA_le_5
forest_t20_d3,validation,D13,25,,,,0.0,0.0,0,0,FA_le_5
forest_t20_d3,validation,D14,40,,,,0.0,0.0,0,0,FA_le_5
forest_t20_d3,validation,D15,40,,,,0.0,0.0,0,0,FA_le_5
forest_t20_d3,validation,D16,40,,,,0.0,0.0,0,0,FA_le_5
forest_t20_d3,validation,D17,40,,,,0.0,0.0,0,0,FA_le_5
forest_t20_d3,validation,D18,25,,,,0.0,0.0,0,0,FA_le_5
forest_t20_d3,validation,D19,25,,,,0.0,0.0,0,0,FA_le_5
forest_t20_d3,validation,F01,25,0.96,0.0,1.0,,,1,24,FA_le_5
forest_t20_d3,validation,F02,25,1.0,0.0,1.0,,,0,25,FA_le_5
forest_t20_d3,validation,F03,25,1.0,0.0,1.0,,,0,25,FA_le_5
forest_t20_d3,validation,F04,25,0.96,0.0,1.0,,,1,24,FA_le_5
forest_t20_d3,validation,F05,25,1.0,0.0,1.0,,,0,25,FA_le_5
forest_t20_d3,validation,F06,25,0.96,0.0,1.0,,,1,24,FA_le_5
forest_t20_d3,validation,F07,25,1.0,0.0,1.0,,,0,25,FA_le_5
forest_t20_d3,validation,F08,25,0.96,0.0,1.0,,,1,24,FA_le_5
forest_t20_d3,validation,F09,25,1.0,0.0,1.0,,,0,25,FA_le_5
forest_t20_d3,validation,F10,25,1.0,0.0,1.0,,,0,25,FA_le_5
forest_t20_d3,validation,F11,25,0.96,0.0,1.0,,,1,24,FA_le_5
forest_t20_d3,validation,F12,25,1.0,0.0,1.0,,,0,25,FA_le_5
forest_t20_d3,validation,F13,25,1.0,0.0,1.0,,,0,25,FA_le_5
forest_t20_d3,validation,F14,25,1.0,0.0,1.0,,,0,25,FA_le_5
forest_t20_d3,validation,F15,25,1.0,0.0,1.0,,,0,25,FA_le_5
forest_t20_d3,validation,D01,8,,,,0.0,0.0,0,0,FA_le_10
forest_t20_d3,validation,D02,8,,,,0.0,0.0,0,0,FA_le_10
forest_t20_d3,validation,D03,8,,,,4.5,0.125,0,0,FA_le_10
forest_t20_d3,validation,D04,8,,,,9.0,0.125,0,0,FA_le_10
forest_t20_d3,validation,D05,40,,,,0.0,0.0,0,0,FA_le_10
forest_t20_d3,validation,D06,25,,,,11.520552986543354,0.08,0,0,FA_le_10
forest_t20_d3,validation,D07,40,,,,0.0,0.0,0,0,FA_le_10
forest_t20_d3,validation,D08,40,,,,0.0,0.0,0,0,FA_le_10
forest_t20_d3,validation,D09,40,,,,0.0,0.0,0,0,FA_le_10
forest_t20_d3,validation,D10,40,,,,0.0,0.0,0,0,FA_le_10
forest_t20_d3,validation,D11,40,,,,0.0,0.0,0,0,FA_le_10
forest_t20_d3,validation,D12,40,,,,0.0,0.0,0,0,FA_le_10
forest_t20_d3,validation,D13,25,,,,12.000200003333388,0.04,0,0,FA_le_10
forest_t20_d3,validation,D14,40,,,,22.5,0.075,0,0,FA_le_10
forest_t20_d3,validation,D15,40,,,,0.0,0.0,0,0,FA_le_10
forest_t20_d3,validation,D16,40,,,,0.0,0.0,0,0,FA_le_10
forest_t20_d3,validation,D17,40,,,,0.0,0.0,0,0,FA_le_10
forest_t20_d3,validation,D18,25,,,,84.0042002100105,0.24,0,0,FA_le_10
forest_t20_d3,validation,D19,25,,,,132.0,0.24,0,0,FA_le_10
forest_t20_d3,validation,F01,25,0.96,0.72,0.28,,,1,6,FA_le_10
forest_t20_d3,validation,F02,25,1.0,0.96,0.04,,,0,1,FA_le_10
forest_t20_d3,validation,F03,25,1.0,0.92,0.08,,,0,2,FA_le_10
forest_t20_d3,validation,F04,25,0.96,0.76,0.24,,,1,5,FA_le_10
forest_t20_d3,validation,F05,25,1.0,0.6,0.4,,,0,10,FA_le_10
forest_t20_d3,validation,F06,25,0.96,0.96,0.04,,,1,0,FA_le_10
forest_t20_d3,validation,F07,25,1.0,0.84,0.16,,,0,4,FA_le_10
forest_t20_d3,validation,F08,25,0.96,0.8,0.2,,,1,4,FA_le_10
forest_t20_d3,validation,F09,25,1.0,0.92,0.08,,,0,2,FA_le_10
forest_t20_d3,validation,F10,25,1.0,0.96,0.04,,,0,1,FA_le_10
forest_t20_d3,validation,F11,25,0.96,0.92,0.08,,,1,1,FA_le_10
forest_t20_d3,validation,F12,25,1.0,1.0,0.0,,,0,0,FA_le_10
forest_t20_d3,validation,F13,25,1.0,0.8,0.2,,,0,5,FA_le_10
forest_t20_d3,validation,F14,25,1.0,0.92,0.08,,,0,2,FA_le_10
forest_t20_d3,validation,F15,25,1.0,0.88,0.12,,,0,3,FA_le_10
forest_t20_d3,validation,D01,8,,,,0.0,0.0,0,0,FA_le_20
forest_t20_d3,validation,D02,8,,,,0.0,0.0,0,0,FA_le_20
forest_t20_d3,validation,D03,8,,,,31.5,0.125,0,0,FA_le_20
forest_t20_d3,validation,D04,8,,,,49.5,0.125,0,0,FA_le_20
forest_t20_d3,validation,D05,40,,,,0.0,0.0,0,0,FA_le_20
forest_t20_d3,validation,D06,25,,,,28.801382466358387,0.2,0,0,FA_le_20
forest_t20_d3,validation,D07,40,,,,0.0,0.0,0,0,FA_le_20
forest_t20_d3,validation,D08,40,,,,0.0,0.0,0,0,FA_le_20
forest_t20_d3,validation,D09,40,,,,0.0,0.0,0,0,FA_le_20
forest_t20_d3,validation,D10,40,,,,0.0,0.0,0,0,FA_le_20
forest_t20_d3,validation,D11,40,,,,0.0,0.0,0,0,FA_le_20
forest_t20_d3,validation,D12,40,,,,0.0,0.0,0,0,FA_le_20
forest_t20_d3,validation,D13,25,,,,72.00120002000034,0.2,0,0,FA_le_20
forest_t20_d3,validation,D14,40,,,,60.0,0.15,0,0,FA_le_20
forest_t20_d3,validation,D15,40,,,,0.0,0.0,0,0,FA_le_20
forest_t20_d3,validation,D16,40,,,,0.0,0.0,0,0,FA_le_20
forest_t20_d3,validation,D17,40,,,,0.0,0.0,0,0,FA_le_20
forest_t20_d3,validation,D18,25,,,,156.00780039001947,0.48,0,0,FA_le_20
forest_t20_d3,validation,D19,25,,,,132.0,0.24,0,0,FA_le_20
forest_t20_d3,validation,F01,25,0.96,0.88,0.12,,,1,2,FA_le_20
forest_t20_d3,validation,F02,25,1.0,1.0,0.0,,,0,0,FA_le_20
forest_t20_d3,validation,F03,25,1.0,0.92,0.08,,,0,2,FA_le_20
forest_t20_d3,validation,F04,25,0.96,0.76,0.24,,,1,5,FA_le_20
forest_t20_d3,validation,F05,25,1.0,0.64,0.36,,,0,9,FA_le_20
forest_t20_d3,validation,F06,25,0.96,0.96,0.04,,,1,0,FA_le_20
forest_t20_d3,validation,F07,25,1.0,0.92,0.08,,,0,2,FA_le_20
forest_t20_d3,validation,F08,25,0.96,0.92,0.08,,,1,1,FA_le_20
forest_t20_d3,validation,F09,25,1.0,0.96,0.04,,,0,1,FA_le_20
forest_t20_d3,validation,F10,25,1.0,1.0,0.0,,,0,0,FA_le_20
forest_t20_d3,validation,F11,25,0.96,0.92,0.08,,,1,1,FA_le_20
forest_t20_d3,validation,F12,25,1.0,1.0,0.0,,,0,0,FA_le_20
forest_t20_d3,validation,F13,25,1.0,0.96,0.04,,,0,1,FA_le_20
forest_t20_d3,validation,F14,25,1.0,0.96,0.04,,,0,1,FA_le_20
forest_t20_d3,validation,F15,25,1.0,0.88,0.12,,,0,3,FA_le_20
forest_t20_d3,validation,D01,8,,,,0.0,0.0,0,0,sens_ge95
forest_t20_d3,validation,D02,8,,,,18.000337506328243,0.125,0,0,sens_ge95
forest_t20_d3,validation,D03,8,,,,94.5,0.125,0,0,sens_ge95
forest_t20_d3,validation,D04,8,,,,153.0,0.25,0,0,sens_ge95
forest_t20_d3,validation,D05,40,,,,0.0,0.0,0,0,sens_ge95
forest_t20_d3,validation,D06,25,,,,69.12331791926013,0.44,0,0,sens_ge95
forest_t20_d3,validation,D07,40,,,,0.0,0.0,0,0,sens_ge95
forest_t20_d3,validation,D08,40,,,,15.000468764648895,0.05,0,0,sens_ge95
forest_t20_d3,validation,D09,40,,,,0.0,0.0,0,0,sens_ge95
forest_t20_d3,validation,D10,40,,,,30.000312503255245,0.1,0,0,sens_ge95
forest_t20_d3,validation,D11,40,,,,22.50164074463763,0.075,0,0,sens_ge95
forest_t20_d3,validation,D12,40,,,,0.0,0.0,0,0,sens_ge95
forest_t20_d3,validation,D13,25,,,,264.0044000733346,0.64,0,0,sens_ge95
forest_t20_d3,validation,D14,40,,,,210.0,0.425,0,0,sens_ge95
forest_t20_d3,validation,D15,40,,,,0.0,0.0,0,0,sens_ge95
forest_t20_d3,validation,D16,40,,,,0.0,0.0,0,0,sens_ge95
forest_t20_d3,validation,D17,40,,,,0.0,0.0,0,0,sens_ge95
forest_t20_d3,validation,D18,25,,,,192.00960048002398,0.6,0,0,sens_ge95
forest_t20_d3,validation,D19,25,,,,132.0,0.24,0,0,sens_ge95
forest_t20_d3,validation,F01,25,0.96,0.88,0.12,,,1,2,sens_ge95
forest_t20_d3,validation,F02,25,1.0,1.0,0.0,,,0,0,sens_ge95
forest_t20_d3,validation,F03,25,1.0,0.96,0.04,,,0,1,sens_ge95
forest_t20_d3,validation,F04,25,0.96,0.92,0.08,,,1,1,sens_ge95
forest_t20_d3,validation,F05,25,1.0,0.92,0.08,,,0,2,sens_ge95
forest_t20_d3,validation,F06,25,0.96,0.96,0.04,,,1,0,sens_ge95
forest_t20_d3,validation,F07,25,1.0,1.0,0.0,,,0,0,sens_ge95
forest_t20_d3,validation,F08,25,0.96,0.96,0.04,,,1,0,sens_ge95
forest_t20_d3,validation,F09,25,1.0,0.96,0.04,,,0,1,sens_ge95
forest_t20_d3,validation,F10,25,1.0,1.0,0.0,,,0,0,sens_ge95
forest_t20_d3,validation,F11,25,0.96,0.92,0.08,,,1,1,sens_ge95
forest_t20_d3,validation,F12,25,1.0,1.0,0.0,,,0,0,sens_ge95
forest_t20_d3,validation,F13,25,1.0,1.0,0.0,,,0,0,sens_ge95
forest_t20_d3,validation,F14,25,1.0,0.96,0.04,,,0,1,sens_ge95
forest_t20_d3,validation,F15,25,1.0,1.0,0.0,,,0,0,sens_ge95
forest_t20_d3,validation,D01,8,,,,0.0,0.0,0,0,sens_ge97
forest_t20_d3,validation,D02,8,,,,58.50109689556679,0.125,0,0,sens_ge97
forest_t20_d3,validation,D03,8,,,,108.0,0.25,0,0,sens_ge97
forest_t20_d3,validation,D04,8,,,,292.5,0.5,0,0,sens_ge97
forest_t20_d3,validation,D05,40,,,,0.0,0.0,0,0,sens_ge97
forest_t20_d3,validation,D06,25,,,,103.6849768788902,0.56,0,0,sens_ge97
forest_t20_d3,validation,D07,40,,,,0.0,0.0,0,0,sens_ge97
forest_t20_d3,validation,D08,40,,,,22.500703146973343,0.075,0,0,sens_ge97
forest_t20_d3,validation,D09,40,,,,0.0,0.0,0,0,sens_ge97
forest_t20_d3,validation,D10,40,,,,37.50039062906906,0.125,0,0,sens_ge97
forest_t20_d3,validation,D11,40,,,,37.50273457439605,0.125,0,0,sens_ge97
forest_t20_d3,validation,D12,40,,,,0.0,0.0,0,0,sens_ge97
forest_t20_d3,validation,D13,25,,,,264.0044000733346,0.64,0,0,sens_ge97
forest_t20_d3,validation,D14,40,,,,217.5,0.45,0,0,sens_ge97
forest_t20_d3,validation,D15,40,,,,0.0,0.0,0,0,sens_ge97
forest_t20_d3,validation,D16,40,,,,0.0,0.0,0,0,sens_ge97
forest_t20_d3,validation,D17,40,,,,0.0,0.0,0,0,sens_ge97
forest_t20_d3,validation,D18,25,,,,204.01020051002547,0.64,0,0,sens_ge97
forest_t20_d3,validation,D19,25,,,,192.0,0.44,0,0,sens_ge97
forest_t20_d3,validation,F01,25,0.96,0.92,0.08,,,1,1,sens_ge97
forest_t20_d3,validation,F02,25,1.0,1.0,0.0,,,0,0,sens_ge97
forest_t20_d3,validation,F03,25,1.0,0.96,0.04,,,0,1,sens_ge97
forest_t20_d3,validation,F04,25,0.96,0.92,0.08,,,1,1,sens_ge97
forest_t20_d3,validation,F05,25,1.0,0.96,0.04,,,0,1,sens_ge97
forest_t20_d3,validation,F06,25,0.96,0.96,0.04,,,1,0,sens_ge97
forest_t20_d3,validation,F07,25,1.0,1.0,0.0,,,0,0,sens_ge97
forest_t20_d3,validation,F08,25,0.96,0.96,0.04,,,1,0,sens_ge97
forest_t20_d3,validation,F09,25,1.0,0.96,0.04,,,0,1,sens_ge97
forest_t20_d3,validation,F10,25,1.0,1.0,0.0,,,0,0,sens_ge97
forest_t20_d3,validation,F11,25,0.96,0.92,0.08,,,1,1,sens_ge97
forest_t20_d3,validation,F12,25,1.0,1.0,0.0,,,0,0,sens_ge97
forest_t20_d3,validation,F13,25,1.0,1.0,0.0,,,0,0,sens_ge97
forest_t20_d3,validation,F14,25,1.0,1.0,0.0,,,0,0,sens_ge97
forest_t20_d3,validation,F15,25,1.0,1.0,0.0,,,0,0,sens_ge97
forest_t20_d3,validation,D01,8,,,,58.50804485616772,0.125,0,0,sens_gt98
forest_t20_d3,validation,D02,8,,,,396.0074251392213,0.625,0,0,sens_gt98
forest_t20_d3,validation,D03,8,,,,418.5,0.75,0,0,sens_gt98
forest_t20_d3,validation,D04,8,,,,868.5,1.0,0,0,sens_gt98
forest_t20_d3,validation,D05,40,,,,7.200144002880057,0.05,0,0,sens_gt98
forest_t20_d3,validation,D06,25,,,,213.13023025105207,0.84,0,0,sens_gt98
forest_t20_d3,validation,D07,40,,,,7.500390645346111,0.025,0,0,sens_gt98
forest_t20_d3,validation,D08,40,,,,112.50351573486671,0.325,0,0,sens_gt98
forest_t20_d3,validation,D09,40,,,,15.000468764648895,0.05,0,0,sens_gt98
forest_t20_d3,validation,D10,40,,,,172.50179689371765,0.425,0,0,sens_gt98
forest_t20_d3,validation,D11,40,,,,157.5114852124634,0.525,0,0,sens_gt98
forest_t20_d3,validation,D12,40,,,,0.0,0.0,0,0,sens_gt98
forest_t20_d3,validation,D13,25,,,,492.00820013666896,1.0,0,0,sens_gt98
forest_t20_d3,validation,D14,40,,,,315.0,0.65,0,0,sens_gt98
forest_t20_d3,validation,D15,40,,,,0.0,0.0,0,0,sens_gt98
forest_t20_d3,validation,D16,40,,,,0.0,0.0,0,0,sens_gt98
forest_t20_d3,validation,D17,40,,,,7.200432025921555,0.025,0,0,sens_gt98
forest_t20_d3,validation,D18,25,,,,300.0150007500375,0.88,0,0,sens_gt98
forest_t20_d3,validation,D19,25,,,,384.0,0.8,0,0,sens_gt98
forest_t20_d3,validation,F01,25,0.96,0.96,0.04,,,1,0,sens_gt98
forest_t20_d3,validation,F02,25,1.0,1.0,0.0,,,0,0,sens_gt98
forest_t20_d3,validation,F03,25,1.0,0.96,0.04,,,0,1,sens_gt98
forest_t20_d3,validation,F04,25,0.96,0.96,0.04,,,1,0,sens_gt98
forest_t20_d3,validation,F05,25,1.0,1.0,0.0,,,0,0,sens_gt98
forest_t20_d3,validation,F06,25,0.96,0.96,0.04,,,1,0,sens_gt98
forest_t20_d3,validation,F07,25,1.0,1.0,0.0,,,0,0,sens_gt98
forest_t20_d3,validation,F08,25,0.96,0.96,0.04,,,1,0,sens_gt98
forest_t20_d3,validation,F09,25,1.0,1.0,0.0,,,0,0,sens_gt98
forest_t20_d3,validation,F10,25,1.0,1.0,0.0,,,0,0,sens_gt98
forest_t20_d3,validation,F11,25,0.96,0.92,0.08,,,1,1,sens_gt98
forest_t20_d3,validation,F12,25,1.0,1.0,0.0,,,0,0,sens_gt98
forest_t20_d3,validation,F13,25,1.0,1.0,0.0,,,0,0,sens_gt98
forest_t20_d3,validation,F14,25,1.0,1.0,0.0,,,0,0,sens_gt98
forest_t20_d3,validation,F15,25,1.0,1.0,0.0,,,0,0,sens_gt98
forest_t20_d3,validation,D01,8,,,,0.0,0.0,0,0,BA_reference
forest_t20_d3,validation,D02,8,,,,0.0,0.0,0,0,BA_reference
forest_t20_d3,validation,D03,8,,,,94.5,0.125,0,0,BA_reference
forest_t20_d3,validation,D04,8,,,,153.0,0.25,0,0,BA_reference
forest_t20_d3,validation,D05,40,,,,0.0,0.0,0,0,BA_reference
forest_t20_d3,validation,D06,25,,,,57.602764932716774,0.36,0,0,BA_reference
forest_t20_d3,validation,D07,40,,,,0.0,0.0,0,0,BA_reference
forest_t20_d3,validation,D08,40,,,,7.5002343823244475,0.025,0,0,BA_reference
forest_t20_d3,validation,D09,40,,,,0.0,0.0,0,0,BA_reference
forest_t20_d3,validation,D10,40,,,,0.0,0.0,0,0,BA_reference
forest_t20_d3,validation,D11,40,,,,0.0,0.0,0,0,BA_reference
forest_t20_d3,validation,D12,40,,,,0.0,0.0,0,0,BA_reference
forest_t20_d3,validation,D13,25,,,,84.00140002333372,0.24,0,0,BA_reference
forest_t20_d3,validation,D14,40,,,,60.0,0.15,0,0,BA_reference
forest_t20_d3,validation,D15,40,,,,0.0,0.0,0,0,BA_reference
forest_t20_d3,validation,D16,40,,,,0.0,0.0,0,0,BA_reference
forest_t20_d3,validation,D17,40,,,,0.0,0.0,0,0,BA_reference
forest_t20_d3,validation,D18,25,,,,168.008400420021,0.52,0,0,BA_reference
forest_t20_d3,validation,D19,25,,,,132.0,0.24,0,0,BA_reference
forest_t20_d3,validation,F01,25,0.96,0.88,0.12,,,1,2,BA_reference
forest_t20_d3,validation,F02,25,1.0,1.0,0.0,,,0,0,BA_reference
forest_t20_d3,validation,F03,25,1.0,0.92,0.08,,,0,2,BA_reference
forest_t20_d3,validation,F04,25,0.96,0.92,0.08,,,1,1,BA_reference
forest_t20_d3,validation,F05,25,1.0,0.88,0.12,,,0,3,BA_reference
forest_t20_d3,validation,F06,25,0.96,0.96,0.04,,,1,0,BA_reference
forest_t20_d3,validation,F07,25,1.0,0.92,0.08,,,0,2,BA_reference
forest_t20_d3,validation,F08,25,0.96,0.92,0.08,,,1,1,BA_reference
forest_t20_d3,validation,F09,25,1.0,0.96,0.04,,,0,1,BA_reference
forest_t20_d3,validation,F10,25,1.0,1.0,0.0,,,0,0,BA_reference
forest_t20_d3,validation,F11,25,0.96,0.92,0.08,,,1,1,BA_reference
forest_t20_d3,validation,F12,25,1.0,1.0,0.0,,,0,0,BA_reference
forest_t20_d3,validation,F13,25,1.0,0.96,0.04,,,0,1,BA_reference
forest_t20_d3,validation,F14,25,1.0,0.96,0.04,,,0,1,BA_reference
forest_t20_d3,validation,F15,25,1.0,0.92,0.08,,,0,2,BA_reference
mlp_h8_a0.001,validation,D01,8,,,,0.0,0.0,0,0,FA_le_1
mlp_h8_a0.001,validation,D02,8,,,,0.0,0.0,0,0,FA_le_1
mlp_h8_a0.001,validation,D03,8,,,,0.0,0.0,0,0,FA_le_1
mlp_h8_a0.001,validation,D04,8,,,,0.0,0.0,0,0,FA_le_1
mlp_h8_a0.001,validation,D05,40,,,,0.0,0.0,0,0,FA_le_1
mlp_h8_a0.001,validation,D06,25,,,,0.0,0.0,0,0,FA_le_1
mlp_h8_a0.001,validation,D07,40,,,,0.0,0.0,0,0,FA_le_1
mlp_h8_a0.001,validation,D08,40,,,,0.0,0.0,0,0,FA_le_1
mlp_h8_a0.001,validation,D09,40,,,,0.0,0.0,0,0,FA_le_1
mlp_h8_a0.001,validation,D10,40,,,,0.0,0.0,0,0,FA_le_1
mlp_h8_a0.001,validation,D11,40,,,,0.0,0.0,0,0,FA_le_1
mlp_h8_a0.001,validation,D12,40,,,,0.0,0.0,0,0,FA_le_1
mlp_h8_a0.001,validation,D13,25,,,,0.0,0.0,0,0,FA_le_1
mlp_h8_a0.001,validation,D14,40,,,,7.5,0.025,0,0,FA_le_1
mlp_h8_a0.001,validation,D15,40,,,,0.0,0.0,0,0,FA_le_1
mlp_h8_a0.001,validation,D16,40,,,,0.0,0.0,0,0,FA_le_1
mlp_h8_a0.001,validation,D17,40,,,,0.0,0.0,0,0,FA_le_1
mlp_h8_a0.001,validation,D18,25,,,,0.0,0.0,0,0,FA_le_1
mlp_h8_a0.001,validation,D19,25,,,,24.0,0.08,0,0,FA_le_1
mlp_h8_a0.001,validation,F01,25,0.96,0.84,0.16,,,1,3,FA_le_1
mlp_h8_a0.001,validation,F02,25,1.0,1.0,0.0,,,0,0,FA_le_1
mlp_h8_a0.001,validation,F03,25,1.0,0.92,0.08,,,0,2,FA_le_1
mlp_h8_a0.001,validation,F04,25,0.96,0.84,0.16,,,1,3,FA_le_1
mlp_h8_a0.001,validation,F05,25,1.0,0.8,0.2,,,0,5,FA_le_1
mlp_h8_a0.001,validation,F06,25,0.96,0.88,0.12,,,1,2,FA_le_1
mlp_h8_a0.001,validation,F07,25,1.0,0.84,0.16,,,0,4,FA_le_1
mlp_h8_a0.001,validation,F08,25,0.96,0.84,0.16,,,1,3,FA_le_1
mlp_h8_a0.001,validation,F09,25,1.0,0.96,0.04,,,0,1,FA_le_1
mlp_h8_a0.001,validation,F10,25,1.0,1.0,0.0,,,0,0,FA_le_1
mlp_h8_a0.001,validation,F11,25,0.96,0.92,0.08,,,1,1,FA_le_1
mlp_h8_a0.001,validation,F12,25,1.0,0.96,0.04,,,0,1,FA_le_1
mlp_h8_a0.001,validation,F13,25,1.0,0.72,0.28,,,0,7,FA_le_1
mlp_h8_a0.001,validation,F14,25,1.0,1.0,0.0,,,0,0,FA_le_1
mlp_h8_a0.001,validation,F15,25,1.0,0.88,0.12,,,0,3,FA_le_1
mlp_h8_a0.001,validation,D01,8,,,,0.0,0.0,0,0,FA_le_5
mlp_h8_a0.001,validation,D02,8,,,,0.0,0.0,0,0,FA_le_5
mlp_h8_a0.001,validation,D03,8,,,,0.0,0.0,0,0,FA_le_5
mlp_h8_a0.001,validation,D04,8,,,,0.0,0.0,0,0,FA_le_5
mlp_h8_a0.001,validation,D05,40,,,,0.0,0.0,0,0,FA_le_5
mlp_h8_a0.001,validation,D06,25,,,,5.760276493271677,0.04,0,0,FA_le_5
mlp_h8_a0.001,validation,D07,40,,,,0.0,0.0,0,0,FA_le_5
mlp_h8_a0.001,validation,D08,40,,,,0.0,0.0,0,0,FA_le_5
mlp_h8_a0.001,validation,D09,40,,,,0.0,0.0,0,0,FA_le_5
mlp_h8_a0.001,validation,D10,40,,,,0.0,0.0,0,0,FA_le_5
mlp_h8_a0.001,validation,D11,40,,,,0.0,0.0,0,0,FA_le_5
mlp_h8_a0.001,validation,D12,40,,,,0.0,0.0,0,0,FA_le_5
mlp_h8_a0.001,validation,D13,25,,,,12.000200003333388,0.04,0,0,FA_le_5
mlp_h8_a0.001,validation,D14,40,,,,22.5,0.075,0,0,FA_le_5
mlp_h8_a0.001,validation,D15,40,,,,0.0,0.0,0,0,FA_le_5
mlp_h8_a0.001,validation,D16,40,,,,0.0,0.0,0,0,FA_le_5
mlp_h8_a0.001,validation,D17,40,,,,0.0,0.0,0,0,FA_le_5
mlp_h8_a0.001,validation,D18,25,,,,24.001200060002997,0.08,0,0,FA_le_5
mlp_h8_a0.001,validation,D19,25,,,,72.0,0.16,0,0,FA_le_5
mlp_h8_a0.001,validation,F01,25,0.96,0.88,0.12,,,1,2,FA_le_5
mlp_h8_a0.001,validation,F02,25,1.0,1.0,0.0,,,0,0,FA_le_5
mlp_h8_a0.001,validation,F03,25,1.0,0.92,0.08,,,0,2,FA_le_5
mlp_h8_a0.001,validation,F04,25,0.96,0.92,0.08,,,1,1,FA_le_5
mlp_h8_a0.001,validation,F05,25,1.0,0.92,0.08,,,0,2,FA_le_5
mlp_h8_a0.001,validation,F06,25,0.96,0.92,0.08,,,1,1,FA_le_5
mlp_h8_a0.001,validation,F07,25,1.0,0.92,0.08,,,0,2,FA_le_5
mlp_h8_a0.001,validation,F08,25,0.96,0.88,0.12,,,1,2,FA_le_5
mlp_h8_a0.001,validation,F09,25,1.0,0.96,0.04,,,0,1,FA_le_5
mlp_h8_a0.001,validation,F10,25,1.0,1.0,0.0,,,0,0,FA_le_5
mlp_h8_a0.001,validation,F11,25,0.96,0.92,0.08,,,1,1,FA_le_5
mlp_h8_a0.001,validation,F12,25,1.0,1.0,0.0,,,0,0,FA_le_5
mlp_h8_a0.001,validation,F13,25,1.0,0.76,0.24,,,0,6,FA_le_5
mlp_h8_a0.001,validation,F14,25,1.0,1.0,0.0,,,0,0,FA_le_5
mlp_h8_a0.001,validation,F15,25,1.0,0.92,0.08,,,0,2,FA_le_5
mlp_h8_a0.001,validation,D01,8,,,,0.0,0.0,0,0,FA_le_10
mlp_h8_a0.001,validation,D02,8,,,,0.0,0.0,0,0,FA_le_10
mlp_h8_a0.001,validation,D03,8,,,,0.0,0.0,0,0,FA_le_10
mlp_h8_a0.001,validation,D04,8,,,,0.0,0.0,0,0,FA_le_10
mlp_h8_a0.001,validation,D05,40,,,,0.0,0.0,0,0,FA_le_10
mlp_h8_a0.001,validation,D06,25,,,,5.760276493271677,0.04,0,0,FA_le_10
mlp_h8_a0.001,validation,D07,40,,,,0.0,0.0,0,0,FA_le_10
mlp_h8_a0.001,validation,D08,40,,,,7.5002343823244475,0.025,0,0,FA_le_10
mlp_h8_a0.001,validation,D09,40,,,,0.0,0.0,0,0,FA_le_10
mlp_h8_a0.001,validation,D10,40,,,,7.500078125813811,0.025,0,0,FA_le_10
mlp_h8_a0.001,validation,D11,40,,,,0.0,0.0,0,0,FA_le_10
mlp_h8_a0.001,validation,D12,40,,,,0.0,0.0,0,0,FA_le_10
mlp_h8_a0.001,validation,D13,25,,,,36.00060001000017,0.12,0,0,FA_le_10
mlp_h8_a0.001,validation,D14,40,,,,60.0,0.15,0,0,FA_le_10
mlp_h8_a0.001,validation,D15,40,,,,0.0,0.0,0,0,FA_le_10
mlp_h8_a0.001,validation,D16,40,,,,0.0,0.0,0,0,FA_le_10
mlp_h8_a0.001,validation,D17,40,,,,0.0,0.0,0,0,FA_le_10
mlp_h8_a0.001,validation,D18,25,,,,60.003000150007495,0.16,0,0,FA_le_10
mlp_h8_a0.001,validation,D19,25,,,,84.0,0.2,0,0,FA_le_10
mlp_h8_a0.001,validation,F01,25,0.96,0.88,0.12,,,1,2,FA_le_10
mlp_h8_a0.001,validation,F02,25,1.0,1.0,0.0,,,0,0,FA_le_10
mlp_h8_a0.001,validation,F03,25,1.0,0.92,0.08,,,0,2,FA_le_10
mlp_h8_a0.001,validation,F04,25,0.96,0.96,0.04,,,1,0,FA_le_10
mlp_h8_a0.001,validation,F05,25,1.0,0.92,0.08,,,0,2,FA_le_10
mlp_h8_a0.001,validation,F06,25,0.96,0.92,0.08,,,1,1,FA_le_10
mlp_h8_a0.001,validation,F07,25,1.0,0.92,0.08,,,0,2,FA_le_10
mlp_h8_a0.001,validation,F08,25,0.96,0.92,0.08,,,1,1,FA_le_10
mlp_h8_a0.001,validation,F09,25,1.0,0.96,0.04,,,0,1,FA_le_10
mlp_h8_a0.001,validation,F10,25,1.0,1.0,0.0,,,0,0,FA_le_10
mlp_h8_a0.001,validation,F11,25,0.96,0.92,0.08,,,1,1,FA_le_10
mlp_h8_a0.001,validation,F12,25,1.0,1.0,0.0,,,0,0,FA_le_10
mlp_h8_a0.001,validation,F13,25,1.0,0.8,0.2,,,0,5,FA_le_10
mlp_h8_a0.001,validation,F14,25,1.0,1.0,0.0,,,0,0,FA_le_10
mlp_h8_a0.001,validation,F15,25,1.0,0.92,0.08,,,0,2,FA_le_10
mlp_h8_a0.001,validation,D01,8,,,,0.0,0.0,0,0,FA_le_20
mlp_h8_a0.001,validation,D02,8,,,,0.0,0.0,0,0,FA_le_20
mlp_h8_a0.001,validation,D03,8,,,,0.0,0.0,0,0,FA_le_20
mlp_h8_a0.001,validation,D04,8,,,,0.0,0.0,0,0,FA_le_20
mlp_h8_a0.001,validation,D05,40,,,,0.0,0.0,0,0,FA_le_20
mlp_h8_a0.001,validation,D06,25,,,,17.280829479815033,0.12,0,0,FA_le_20
mlp_h8_a0.001,validation,D07,40,,,,0.0,0.0,0,0,FA_le_20
mlp_h8_a0.001,validation,D08,40,,,,7.5002343823244475,0.025,0,0,FA_le_20
mlp_h8_a0.001,validation,D09,40,,,,0.0,0.0,0,0,FA_le_20
mlp_h8_a0.001,validation,D10,40,,,,7.500078125813811,0.025,0,0,FA_le_20
mlp_h8_a0.001,validation,D11,40,,,,15.001093829758421,0.05,0,0,FA_le_20
mlp_h8_a0.001,validation,D12,40,,,,0.0,0.0,0,0,FA_le_20
mlp_h8_a0.001,validation,D13,25,,,,168.00280004666743,0.48,0,0,FA_le_20
mlp_h8_a0.001,validation,D14,40,,,,150.0,0.35,0,0,FA_le_20
mlp_h8_a0.001,validation,D15,40,,,,0.0,0.0,0,0,FA_le_20
mlp_h8_a0.001,validation,D16,40,,,,0.0,0.0,0,0,FA_le_20
mlp_h8_a0.001,validation,D17,40,,,,0.0,0.0,0,0,FA_le_20
mlp_h8_a0.001,validation,D18,25,,,,84.0042002100105,0.24,0,0,FA_le_20
mlp_h8_a0.001,validation,D19,25,,,,132.0,0.28,0,0,FA_le_20
mlp_h8_a0.001,validation,F01,25,0.96,0.88,0.12,,,1,2,FA_le_20
mlp_h8_a0.001,validation,F02,25,1.0,1.0,0.0,,,0,0,FA_le_20
mlp_h8_a0.001,validation,F03,25,1.0,0.96,0.04,,,0,1,FA_le_20
mlp_h8_a0.001,validation,F04,25,0.96,0.96,0.04,,,1,0,FA_le_20
mlp_h8_a0.001,validation,F05,25,1.0,0.96,0.04,,,0,1,FA_le_20
mlp_h8_a0.001,validation,F06,25,0.96,0.96,0.04,,,1,0,FA_le_20
mlp_h8_a0.001,validation,F07,25,1.0,1.0,0.0,,,0,0,FA_le_20
mlp_h8_a0.001,validation,F08,25,0.96,0.92,0.08,,,1,1,FA_le_20
mlp_h8_a0.001,validation,F09,25,1.0,0.96,0.04,,,0,1,FA_le_20
mlp_h8_a0.001,validation,F10,25,1.0,1.0,0.0,,,0,0,FA_le_20
mlp_h8_a0.001,validation,F11,25,0.96,0.92,0.08,,,1,1,FA_le_20
mlp_h8_a0.001,validation,F12,25,1.0,1.0,0.0,,,0,0,FA_le_20
mlp_h8_a0.001,validation,F13,25,1.0,1.0,0.0,,,0,0,FA_le_20
mlp_h8_a0.001,validation,F14,25,1.0,1.0,0.0,,,0,0,FA_le_20
mlp_h8_a0.001,validation,F15,25,1.0,0.96,0.04,,,0,1,FA_le_20
mlp_h8_a0.001,validation,D01,8,,,,0.0,0.0,0,0,sens_ge95
mlp_h8_a0.001,validation,D02,8,,,,0.0,0.0,0,0,sens_ge95
mlp_h8_a0.001,validation,D03,8,,,,0.0,0.0,0,0,sens_ge95
mlp_h8_a0.001,validation,D04,8,,,,0.0,0.0,0,0,sens_ge95
mlp_h8_a0.001,validation,D05,40,,,,0.0,0.0,0,0,sens_ge95
mlp_h8_a0.001,validation,D06,25,,,,11.520552986543354,0.08,0,0,sens_ge95
mlp_h8_a0.001,validation,D07,40,,,,0.0,0.0,0,0,sens_ge95
mlp_h8_a0.001,validation,D08,40,,,,7.5002343823244475,0.025,0,0,sens_ge95
mlp_h8_a0.001,validation,D09,40,,,,0.0,0.0,0,0,sens_ge95
mlp_h8_a0.001,validation,D10,40,,,,7.500078125813811,0.025,0,0,sens_ge95
mlp_h8_a0.001,validation,D11,40,,,,7.5005469148792105,0.025,0,0,sens_ge95
mlp_h8_a0.001,validation,D12,40,,,,0.0,0.0,0,0,sens_ge95
mlp_h8_a0.001,validation,D13,25,,,,96.0016000266671,0.28,0,0,sens_ge95
mlp_h8_a0.001,validation,D14,40,,,,120.0,0.3,0,0,sens_ge95
mlp_h8_a0.001,validation,D15,40,,,,0.0,0.0,0,0,sens_ge95
mlp_h8_a0.001,validation,D16,40,,,,0.0,0.0,0,0,sens_ge95
mlp_h8_a0.001,validation,D17,40,,,,0.0,0.0,0,0,sens_ge95
mlp_h8_a0.001,validation,D18,25,,,,72.00360018000899,0.2,0,0,sens_ge95
mlp_h8_a0.001,validation,D19,25,,,,132.0,0.28,0,0,sens_ge95
mlp_h8_a0.001,validation,F01,25,0.96,0.88,0.12,,,1,2,sens_ge95
mlp_h8_a0.001,validation,F02,25,1.0,1.0,0.0,,,0,0,sens_ge95
mlp_h8_a0.001,validation,F03,25,1.0,0.92,0.08,,,0,2,sens_ge95
mlp_h8_a0.001,validation,F04,25,0.96,0.96,0.04,,,1,0,sens_ge95
mlp_h8_a0.001,validation,F05,25,1.0,0.96,0.04,,,0,1,sens_ge95
mlp_h8_a0.001,validation,F06,25,0.96,0.96,0.04,,,1,0,sens_ge95
mlp_h8_a0.001,validation,F07,25,1.0,0.92,0.08,,,0,2,sens_ge95
mlp_h8_a0.001,validation,F08,25,0.96,0.92,0.08,,,1,1,sens_ge95
mlp_h8_a0.001,validation,F09,25,1.0,0.96,0.04,,,0,1,sens_ge95
mlp_h8_a0.001,validation,F10,25,1.0,1.0,0.0,,,0,0,sens_ge95
mlp_h8_a0.001,validation,F11,25,0.96,0.92,0.08,,,1,1,sens_ge95
mlp_h8_a0.001,validation,F12,25,1.0,1.0,0.0,,,0,0,sens_ge95
mlp_h8_a0.001,validation,F13,25,1.0,0.92,0.08,,,0,2,sens_ge95
mlp_h8_a0.001,validation,F14,25,1.0,1.0,0.0,,,0,0,sens_ge95
mlp_h8_a0.001,validation,F15,25,1.0,0.96,0.04,,,0,1,sens_ge95
mlp_h8_a0.001,validation,D01,8,,,,0.0,0.0,0,0,sens_ge97
mlp_h8_a0.001,validation,D02,8,,,,0.0,0.0,0,0,sens_ge97
mlp_h8_a0.001,validation,D03,8,,,,0.0,0.0,0,0,sens_ge97
mlp_h8_a0.001,validation,D04,8,,,,0.0,0.0,0,0,sens_ge97
mlp_h8_a0.001,validation,D05,40,,,,0.0,0.0,0,0,sens_ge97
mlp_h8_a0.001,validation,D06,25,,,,34.561658959630066,0.24,0,0,sens_ge97
mlp_h8_a0.001,validation,D07,40,,,,0.0,0.0,0,0,sens_ge97
mlp_h8_a0.001,validation,D08,40,,,,30.00093752929779,0.1,0,0,sens_ge97
mlp_h8_a0.001,validation,D09,40,,,,0.0,0.0,0,0,sens_ge97
mlp_h8_a0.001,validation,D10,40,,,,30.000312503255245,0.1,0,0,sens_ge97
mlp_h8_a0.001,validation,D11,40,,,,22.50164074463763,0.075,0,0,sens_ge97
mlp_h8_a0.001,validation,D12,40,,,,0.0,0.0,0,0,sens_ge97
mlp_h8_a0.001,validation,D13,25,,,,240.00400006666777,0.64,0,0,sens_ge97
mlp_h8_a0.001,validation,D14,40,,,,210.0,0.45,0,0,sens_ge97
mlp_h8_a0.001,validation,D15,40,,,,0.0,0.0,0,0,sens_ge97
mlp_h8_a0.001,validation,D16,40,,,,0.0,0.0,0,0,sens_ge97
mlp_h8_a0.001,validation,D17,40,,,,0.0,0.0,0,0,sens_ge97
mlp_h8_a0.001,validation,D18,25,,,,108.00540027001348,0.32,0,0,sens_ge97
mlp_h8_a0.001,validation,D19,25,,,,180.0,0.4,0,0,sens_ge97
mlp_h8_a0.001,validation,F01,25,0.96,0.88,0.12,,,1,2,sens_ge97
mlp_h8_a0.001,validation,F02,25,1.0,1.0,0.0,,,0,0,sens_ge97
mlp_h8_a0.001,validation,F03,25,1.0,0.96,0.04,,,0,1,sens_ge97
mlp_h8_a0.001,validation,F04,25,0.96,0.96,0.04,,,1,0,sens_ge97
mlp_h8_a0.001,validation,F05,25,1.0,0.96,0.04,,,0,1,sens_ge97
mlp_h8_a0.001,validation,F06,25,0.96,0.96,0.04,,,1,0,sens_ge97
mlp_h8_a0.001,validation,F07,25,1.0,1.0,0.0,,,0,0,sens_ge97
mlp_h8_a0.001,validation,F08,25,0.96,0.96,0.04,,,1,0,sens_ge97
mlp_h8_a0.001,validation,F09,25,1.0,1.0,0.0,,,0,0,sens_ge97
mlp_h8_a0.001,validation,F10,25,1.0,1.0,0.0,,,0,0,sens_ge97
mlp_h8_a0.001,validation,F11,25,0.96,0.92,0.08,,,1,1,sens_ge97
mlp_h8_a0.001,validation,F12,25,1.0,1.0,0.0,,,0,0,sens_ge97
mlp_h8_a0.001,validation,F13,25,1.0,1.0,0.0,,,0,0,sens_ge97
mlp_h8_a0.001,validation,F14,25,1.0,1.0,0.0,,,0,0,sens_ge97
mlp_h8_a0.001,validation,F15,25,1.0,0.96,0.04,,,0,1,sens_ge97
mlp_h8_a0.001,validation,D01,8,,,,373.55136331245546,0.625,0,0,sens_gt98
mlp_h8_a0.001,validation,D02,8,,,,256.50480946517746,0.75,0,0,sens_gt98
mlp_h8_a0.001,validation,D03,8,,,,9.0,0.25,0,0,sens_gt98
mlp_h8_a0.001,validation,D04,8,,,,31.5,0.125,0,0,sens_gt98
mlp_h8_a0.001,validation,D05,40,,,,115.20230404608091,0.45,0,0,sens_gt98
mlp_h8_a0.001,validation,D06,25,,,,155.5274653183353,0.56,0,0,sens_gt98
mlp_h8_a0.001,validation,D07,40,,,,15.000781290692222,0.05,0,0,sens_gt98
mlp_h8_a0.001,validation,D08,40,,,,382.51195349854686,0.875,0,0,sens_gt98
mlp_h8_a0.001,validation,D09,40,,,,172.5053907934623,0.425,0,0,sens_gt98
mlp_h8_a0.001,validation,D10,40,,,,367.5038281648767,0.8,0,0,sens_gt98
mlp_h8_a0.001,validation,D11,40,,,,217.5158605314971,0.725,0,0,sens_gt98
mlp_h8_a0.001,validation,D12,40,,,,60.0,0.15,0,0,sens_gt98
mlp_h8_a0.001,validation,D13,25,,,,588.0098001633361,1.0,0,0,sens_gt98
mlp_h8_a0.001,validation,D14,40,,,,502.5,0.875,0,0,sens_gt98
mlp_h8_a0.001,validation,D15,40,,,,22.5,0.075,0,0,sens_gt98
mlp_h8_a0.001,validation,D16,40,,,,22.50281285160645,0.075,0,0,sens_gt98
mlp_h8_a0.001,validation,D17,40,,,,172.81036862211732,0.7,0,0,sens_gt98
mlp_h8_a0.001,validation,D18,25,,,,372.01860093004643,0.84,0,0,sens_gt98
mlp_h8_a0.001,validation,D19,25,,,,384.0,0.76,0,0,sens_gt98
mlp_h8_a0.001,validation,F01,25,0.96,0.96,0.04,,,1,0,sens_gt98
mlp_h8_a0.001,validation,F02,25,1.0,1.0,0.0,,,0,0,sens_gt98
mlp_h8_a0.001,validation,F03,25,1.0,0.96,0.04,,,0,1,sens_gt98
mlp_h8_a0.001,validation,F04,25,0.96,0.96,0.04,,,1,0,sens_gt98
mlp_h8_a0.001,validation,F05,25,1.0,1.0,0.0,,,0,0,sens_gt98
mlp_h8_a0.001,validation,F06,25,0.96,0.96,0.04,,,1,0,sens_gt98
mlp_h8_a0.001,validation,F07,25,1.0,1.0,0.0,,,0,0,sens_gt98
mlp_h8_a0.001,validation,F08,25,0.96,0.96,0.04,,,1,0,sens_gt98
mlp_h8_a0.001,validation,F09,25,1.0,1.0,0.0,,,0,0,sens_gt98
mlp_h8_a0.001,validation,F10,25,1.0,1.0,0.0,,,0,0,sens_gt98
mlp_h8_a0.001,validation,F11,25,0.96,0.92,0.08,,,1,1,sens_gt98
mlp_h8_a0.001,validation,F12,25,1.0,1.0,0.0,,,0,0,sens_gt98
mlp_h8_a0.001,validation,F13,25,1.0,1.0,0.0,,,0,0,sens_gt98
mlp_h8_a0.001,validation,F14,25,1.0,1.0,0.0,,,0,0,sens_gt98
mlp_h8_a0.001,validation,F15,25,1.0,1.0,0.0,,,0,0,sens_gt98
mlp_h8_a0.001,validation,D01,8,,,,0.0,0.0,0,0,BA_reference
mlp_h8_a0.001,validation,D02,8,,,,0.0,0.0,0,0,BA_reference
mlp_h8_a0.001,validation,D03,8,,,,0.0,0.0,0,0,BA_reference
mlp_h8_a0.001,validation,D04,8,,,,0.0,0.0,0,0,BA_reference
mlp_h8_a0.001,validation,D05,40,,,,0.0,0.0,0,0,BA_reference
mlp_h8_a0.001,validation,D06,25,,,,5.760276493271677,0.04,0,0,BA_reference
mlp_h8_a0.001,validation,D07,40,,,,0.0,0.0,0,0,BA_reference
mlp_h8_a0.001,validation,D08,40,,,,0.0,0.0,0,0,BA_reference
mlp_h8_a0.001,validation,D09,40,,,,0.0,0.0,0,0,BA_reference
mlp_h8_a0.001,validation,D10,40,,,,0.0,0.0,0,0,BA_reference
mlp_h8_a0.001,validation,D11,40,,,,0.0,0.0,0,0,BA_reference
mlp_h8_a0.001,validation,D12,40,,,,0.0,0.0,0,0,BA_reference
mlp_h8_a0.001,validation,D13,25,,,,12.000200003333388,0.04,0,0,BA_reference
mlp_h8_a0.001,validation,D14,40,,,,22.5,0.075,0,0,BA_reference
mlp_h8_a0.001,validation,D15,40,,,,0.0,0.0,0,0,BA_reference
mlp_h8_a0.001,validation,D16,40,,,,0.0,0.0,0,0,BA_reference
mlp_h8_a0.001,validation,D17,40,,,,0.0,0.0,0,0,BA_reference
mlp_h8_a0.001,validation,D18,25,,,,24.001200060002997,0.08,0,0,BA_reference
mlp_h8_a0.001,validation,D19,25,,,,72.0,0.16,0,0,BA_reference
mlp_h8_a0.001,validation,F01,25,0.96,0.88,0.12,,,1,2,BA_reference
mlp_h8_a0.001,validation,F02,25,1.0,1.0,0.0,,,0,0,BA_reference
mlp_h8_a0.001,validation,F03,25,1.0,0.92,0.08,,,0,2,BA_reference
mlp_h8_a0.001,validation,F04,25,0.96,0.92,0.08,,,1,1,BA_reference
mlp_h8_a0.001,validation,F05,25,1.0,0.92,0.08,,,0,2,BA_reference
mlp_h8_a0.001,validation,F06,25,0.96,0.92,0.08,,,1,1,BA_reference
mlp_h8_a0.001,validation,F07,25,1.0,0.92,0.08,,,0,2,BA_reference
mlp_h8_a0.001,validation,F08,25,0.96,0.88,0.12,,,1,2,BA_reference
mlp_h8_a0.001,validation,F09,25,1.0,0.96,0.04,,,0,1,BA_reference
mlp_h8_a0.001,validation,F10,25,1.0,1.0,0.0,,,0,0,BA_reference
mlp_h8_a0.001,validation,F11,25,0.96,0.92,0.08,,,1,1,BA_reference
mlp_h8_a0.001,validation,F12,25,1.0,1.0,0.0,,,0,0,BA_reference
mlp_h8_a0.001,validation,F13,25,1.0,0.76,0.24,,,0,6,BA_reference
mlp_h8_a0.001,validation,F14,25,1.0,1.0,0.0,,,0,0,BA_reference
mlp_h8_a0.001,validation,F15,25,1.0,0.92,0.08,,,0,2,BA_reference
