candidate,selected,eligible,material,both_low_budgets_regress_ge1pp,gain_pp_FA1,gain_pp_FA5,gain_pp_FA10,gain_pp_FA20,FA_reduction_pct_sens_ge95,FA_reduction_pct_sens_ge97,FA_reduction_pct_sens_gt98
linear_frozen,True,True,False,False,0.0,0.0,0.0,0.0,0.0,0.0,0.0
quadratic_C0.01,False,True,False,True,-5.333333333333334,-1.3333333333333308,0.8000000000000007,-0.8000000000000007,0.0,-19.736842105263143,49.65831435079726
quadratic_C0.1,False,True,False,False,-0.8000000000000007,0.2666666666666706,0.0,0.0,12.82051282051282,-7.8947368421052655,-27.334851936218698
quadratic_C1,True,True,False,False,0.8000000000000007,0.2666666666666706,0.2666666666666706,0.0,2.564102564102555,-7.8947368421052655,-18.906605922551268
quadratic_C10,False,True,False,False,-0.2666666666666595,-0.2666666666666706,0.2666666666666706,0.0,-7.692307692307687,-7.8947368421052655,-19.817767653758555
forest_t5_d2,False,True,False,True,-89.33333333333333,-93.33333333333333,-93.86666666666666,-96.8,-794.8717948717949,-359.2105263157895,-627.3348519362187
forest_t5_d3,False,True,False,True,-89.33333333333333,-93.33333333333333,-7.466666666666666,-10.399999999999999,-402.56410256410254,-234.21052631578948,-627.3348519362187
forest_t10_d2,False,True,False,True,-89.33333333333333,-93.33333333333333,-93.86666666666666,-96.8,-792.3076923076924,-357.8947368421052,-627.3348519362187
forest_t10_d3,False,True,False,True,-89.33333333333333,-93.33333333333333,-7.466666666666666,-10.399999999999999,-302.56410256410254,-182.89473684210526,-63.781321184510276
forest_t20_d2,False,True,False,True,-89.33333333333333,-93.33333333333333,-93.86666666666666,-96.8,-792.3076923076924,-357.8947368421052,-627.3348519362187
forest_t20_d3,True,True,False,True,-89.33333333333333,-93.33333333333333,-7.466666666666666,-5.599999999999994,-302.56410256410254,-185.52631578947367,-43.507972665148074
mlp_h4_a0.001,False,True,False,False,-1.0666666666666602,-0.5333333333333301,0.0,0.0,-17.948717948717952,-6.57894736842104,-68.3371298405467
mlp_h4_a0.1,False,True,False,False,-1.0666666666666602,-0.2666666666666706,0.0,0.0,-17.948717948717952,-6.57894736842104,-63.781321184510276
mlp_h8_a0.001,True,True,False,False,0.0,-0.5333333333333301,-0.2666666666666595,-0.2666666666666595,-17.948717948717952,-17.105263157894733,-37.357630979498865
mlp_h8_a0.1,False,True,False,True,-4.799999999999994,-1.3333333333333308,-0.5333333333333301,-0.8000000000000007,-25.64102564102564,-3.9473684210526327,-37.357630979498865
