candidate,family,eligible,selected,operating_point,threshold,candidate_recall,sensitivity,false_alarms_per_adl_hour,event_precision,trial_specificity,trial_balanced_accuracy,candidate_balanced_accuracy,detected_falls,missed_falls,adl_alarm_trials,adl_false_alarms,total_alarms,unmatched_duplicate_alarms
linear_frozen,linear,True,True,FA_le_1,0.9435122242216496,0.9866666666666667,0.8933333333333333,0.9778543160044872,0.9654178674351584,0.9947552447552448,0.944044289044289,0.9409600320127223,335,40,3,3,347,12
linear_frozen,linear,True,True,FA_le_5,0.8850929456953477,0.9866666666666667,0.9333333333333333,4.889271580022436,0.9308510638297872,0.9772727272727273,0.9553030303030303,0.9614811323075967,350,25,13,15,376,26
linear_frozen,linear,True,True,FA_le_10,0.8621999918050488,0.9866666666666667,0.9386666666666666,6.844980212031411,0.9166666666666666,0.9702797202797203,0.9544731934731935,0.963321993335863,352,23,17,21,384,32
linear_frozen,linear,True,True,FA_le_20,0.7352880730771258,0.9866666666666667,0.968,17.275426249412607,0.8402777777777778,0.9248251748251748,0.9464125874125874,0.9743671595054604,363,12,43,53,432,69
linear_frozen,linear,True,True,sens_ge95,0.7742031648776018,0.9866666666666667,0.952,12.712106108058334,0.8707317073170732,0.9423076923076923,0.9471538461538461,0.9685946389050406,357,18,33,39,410,53
linear_frozen,linear,True,True,sens_ge97,0.6101532700558683,0.9866666666666667,0.9706666666666667,24.772309338780346,0.7913043478260869,0.8986013986013986,0.9346340326340327,0.9737086453775157,364,11,58,76,460,96
linear_frozen,linear,True,True,sens_gt98,0.07561141384223115,0.9866666666666667,0.9813333333333333,143.0926815753233,0.4043956043956044,0.541958041958042,0.7616456876456876,0.9288351487257719,368,7,262,439,910,542
linear_frozen,linear,True,True,BA_reference,0.8850929456953477,0.9866666666666667,0.9333333333333333,4.889271580022436,0.9308510638297872,0.9772727272727273,0.9553030303030303,0.9614811323075967,350,25,13,15,376,26
quadratic_C0.01,quadratic,True,False,FA_le_1,0.9461623749106359,0.9866666666666667,0.84,0.9778543160044872,0.9722222222222222,0.9947552447552448,0.9173776223776224,0.9111672858987325,315,60,3,3,324,9
quadratic_C0.01,quadratic,True,False,FA_le_5,0.8352899342079042,0.9866666666666667,0.92,4.563320141354274,0.9349593495934959,0.9825174825174825,0.9512587412587412,0.9538340803400187,345,30,10,14,369,24
quadratic_C0.01,quadratic,True,False,FA_le_10,0.7042030180782471,0.9866666666666667,0.9466666666666667,8.800688844040385,0.9033078880407125,0.9632867132867133,0.95497668997669,0.9650378856063186,355,20,21,27,393,38
quadratic_C0.01,quadratic,True,False,FA_le_20,0.5826809216144735,0.9866666666666667,0.96,19.883037758757908,0.8237986270022883,0.9143356643356644,0.9371678321678322,0.9694813990802817,360,15,49,61,437,77
quadratic_C0.01,quadratic,True,False,sens_ge95,0.6509111979366191,0.9866666666666667,0.952,12.712106108058334,0.866504854368932,0.9440559440559441,0.9480279720279721,0.9683447013894195,357,18,32,39,412,55
quadratic_C0.01,quadratic,True,False,sens_ge97,0.4950946402321764,0.9866666666666667,0.9706666666666667,29.66158091880278,0.7647058823529411,0.8741258741258742,0.9223962703962705,0.9702888397071716,364,11,72,91,476,112
quadratic_C0.01,quadratic,True,False,sens_gt98,0.26142131836258503,0.9866666666666667,0.9813333333333333,72.0352679456639,0.5869218500797448,0.7342657342657343,0.8577995337995338,0.9599403905500309,368,7,152,221,627,259
quadratic_C0.01,quadratic,True,False,BA_reference,0.789859576152511,0.9866666666666667,0.936,6.1930773346950865,0.9236842105263158,0.9755244755244755,0.9557622377622378,0.9609812572763545,351,24,14,19,380,29
quadratic_C0.1,quadratic,True,False,FA_le_1,0.9553640755244457,0.9866666666666667,0.8853333333333333,0.9778543160044872,0.9707602339181286,0.9947552447552448,0.940044289044289,0.9344833480748984,332,43,3,3,342,10
quadratic_C0.1,quadratic,True,False,FA_le_5,0.8682677417084855,0.9866666666666667,0.936,4.889271580022436,0.9335106382978723,0.9790209790209791,0.9575104895104896,0.9614811323075967,351,24,12,15,376,25
quadratic_C0.1,quadratic,True,False,FA_le_10,0.8560154324101259,0.9866666666666667,0.9386666666666666,6.1930773346950865,0.9238845144356955,0.9755244755244755,0.9570955710955711,0.9622765940639193,352,23,14,19,381,29
quadratic_C0.1,quadratic,True,False,FA_le_20,0.641808906016152,0.9866666666666667,0.968,18.905183442753422,0.8287671232876712,0.9178321678321678,0.942916083916084,0.9736173469585971,363,12,47,58,438,75
quadratic_C0.1,quadratic,True,False,sens_ge95,0.7575422215011781,0.9866666666666667,0.952,11.082348914717523,0.8814814814814815,0.951048951048951,0.9515244755244755,0.9692194826940934,357,18,28,34,405,48
quadratic_C0.1,quadratic,True,False,sens_ge97,0.5452078968762462,0.9866666666666667,0.9706666666666667,26.72801797078932,0.7811158798283262,0.8881118881118881,0.9293892773892773,0.9715385272852771,364,11,64,82,466,102
quadratic_C0.1,quadratic,True,False,sens_gt98,0.07305125921801722,0.9866666666666667,0.9813333333333333,182.2068542155028,0.3410565338276182,0.49475524475524474,0.738044289044289,0.9077154286557894,368,7,289,559,1079,711
quadratic_C0.1,quadratic,True,False,BA_reference,0.8682677417084855,0.9866666666666667,0.936,4.889271580022436,0.9335106382978723,0.9790209790209791,0.9575104895104896,0.9614811323075967,351,24,12,15,376,25
quadratic_C1,quadratic,True,True,FA_le_1,0.942227668704019,0.9866666666666667,0.9013333333333333,0.9778543160044872,0.9657142857142857,0.9947552447552448,0.9480442890442891,0.9448460423754165,338,37,3,3,350,12
quadratic_C1,quadratic,True,True,FA_le_5,0.8931197342438911,0.9866666666666667,0.936,4.889271580022436,0.9335106382978723,0.9772727272727273,0.9566363636363637,0.9614811323075967,351,24,13,15,376,25
quadratic_C1,quadratic,True,True,FA_le_10,0.8291018688663669,0.9866666666666667,0.9413333333333334,9.126640282708548,0.8959390862944162,0.9615384615384616,0.9514358974358974,0.9649129168485081,353,22,22,28,394,41
quadratic_C1,quadratic,True,True,FA_le_20,0.7078613862807915,0.9866666666666667,0.968,18.253280565417096,0.836405529953917,0.9213286713286714,0.9446643356643356,0.9741172219898393,363,12,45,56,434,71
quadratic_C1,quadratic,True,True,sens_ge95,0.7798151889592042,0.9866666666666667,0.952,12.386154669390173,0.8728606356968215,0.9458041958041958,0.9489020979020979,0.9687196076628511,357,18,31,38,409,52
quadratic_C1,quadratic,True,True,sens_ge97,0.5642589618370364,0.9866666666666667,0.9706666666666667,26.72801797078932,0.7761194029850746,0.8916083916083916,0.9311375291375291,0.9740042321025961,364,11,62,82,469,105
quadratic_C1,quadratic,True,True,sens_gt98,0.06454014556028831,0.9866666666666667,0.9813333333333333,170.1466509847808,0.3590243902439024,0.513986013986014,0.7476596736596737,0.9144637415775589,368,7,278,522,1025,657
quadratic_C1,quadratic,True,True,BA_reference,0.910203531968766,0.9866666666666667,0.9306666666666666,3.2595143866816243,0.94579945799458,0.986013986013986,0.9583403263403263,0.9595153025215198,349,26,8,10,369,20
quadratic_C10,quadratic,True,False,FA_le_1,0.9457727061425787,0.9866666666666667,0.8906666666666667,0.6519028773363249,0.9681159420289855,0.9965034965034965,0.9435850815850816,0.9397896639829679,334,41,2,2,345,11
quadratic_C10,quadratic,True,False,FA_le_5,0.9070142952762511,0.9866666666666667,0.9306666666666666,3.2595143866816243,0.94579945799458,0.986013986013986,0.9583403263403263,0.9595153025215198,349,26,8,10,369,20
quadratic_C10,quadratic,True,False,FA_le_10,0.8462390017850405,0.9866666666666667,0.9413333333333334,7.822834528035898,0.9074550128534704,0.9632867132867133,0.9523100233100233,0.9655377606375608,353,22,21,24,389,36
quadratic_C10,quadratic,True,False,FA_le_20,0.7059105555653784,0.9866666666666667,0.968,18.905183442753422,0.8306636155606407,0.9213286713286714,0.9446643356643356,0.9737423157164077,363,12,45,58,437,74
quadratic_C10,quadratic,True,False,sens_ge95,0.7780688517935817,0.9866666666666667,0.952,13.689960424062821,0.8623188405797102,0.9423076923076923,0.9471538461538461,0.9680947638737984,357,18,33,42,414,57
quadratic_C10,quadratic,True,False,sens_ge97,0.5723256500861564,0.9866666666666667,0.9706666666666667,26.72801797078932,0.774468085106383,0.8933566433566433,0.9320116550116551,0.9738792633447856,364,11,61,82,470,106
quadratic_C10,quadratic,True,False,sens_gt98,0.06312411325151025,0.9866666666666667,0.9813333333333333,171.45045673945344,0.35797665369649806,0.5192307692307693,0.7502820512820513,0.9140888353041273,368,7,275,526,1028,660
quadratic_C10,quadratic,True,False,BA_reference,0.9070142952762511,0.9866666666666667,0.9306666666666666,3.2595143866816243,0.94579945799458,0.986013986013986,0.9583403263403263,0.9595153025215198,349,26,8,10,369,20
forest_t5_d2,forest,True,False,FA_le_1,0.9753571563422884,0.9866666666666667,0.0,0.0,,1.0,0.5,0.5,0,375,0,0,0,0
forest_t5_d2,forest,True,False,FA_le_5,0.9753571563422884,0.9866666666666667,0.0,0.0,,1.0,0.5,0.5,0,375,0,0,0,0
forest_t5_d2,forest,True,False,FA_le_10,0.9753571563422884,0.9866666666666667,0.0,0.0,,1.0,0.5,0.5,0,375,0,0,0,0
forest_t5_d2,forest,True,False,FA_le_20,0.9753571563422884,0.9866666666666667,0.0,0.0,,1.0,0.5,0.5,0,375,0,0,0,0
forest_t5_d2,forest,True,False,sens_ge95,0.2973128785848711,0.9866666666666667,0.9706666666666667,113.75705209518868,0.4885906040268456,0.8111888111888111,0.8909277389277389,0.9366722438561343,364,11,108,349,745,381
forest_t5_d2,forest,True,False,sens_ge97,0.2973128785848711,0.9866666666666667,0.9706666666666667,113.75705209518868,0.4885906040268456,0.8111888111888111,0.8909277389277389,0.9366722438561343,364,11,108,349,745,381
forest_t5_d2,forest,True,False,sens_gt98,0.04900518760031855,0.9866666666666667,0.984,1040.7629436674426,0.086074177746676,0.08741258741258741,0.5357062937062937,0.5110765702356794,369,6,522,3193,4287,3918
forest_t5_d2,forest,True,False,BA_reference,0.9753571563422883,0.9866666666666667,0.936,36.18060969216603,0.7282157676348547,0.9265734265734266,0.9312867132867133,0.949654749525054,351,24,42,111,482,131
forest_t5_d3,forest,True,False,FA_le_1,0.9870589882387664,0.9866666666666667,0.0,0.0,,1.0,0.5,0.5,0,375,0,0,0,0
forest_t5_d3,forest,True,False,FA_le_5,0.9870589882387664,0.9866666666666667,0.0,0.0,,1.0,0.5,0.5,0,375,0,0,0,0
forest_t5_d3,forest,True,False,FA_le_10,0.9870589882387663,0.9866666666666667,0.864,9.126640282708548,0.9025069637883009,0.9632867132867133,0.9136433566433566,0.9209964348291166,324,51,21,28,359,35
forest_t5_d3,forest,True,False,FA_le_20,0.9870589882387663,0.9866666666666667,0.864,9.126640282708548,0.9025069637883009,0.9632867132867133,0.9136433566433566,0.9209964348291166,324,51,21,28,359,35
forest_t5_d3,forest,True,False,sens_ge95,0.6193693767436661,0.9866666666666667,0.9653333333333334,63.886481978959836,0.616695059625213,0.8513986013986014,0.9083659673659674,0.9535766964994503,362,13,85,196,587,225
forest_t5_d3,forest,True,False,sens_ge97,0.22526039373374354,0.9866666666666667,0.9706666666666667,82.79166542171326,0.5557251908396946,0.8076923076923077,0.8891794871794871,0.9507600431498343,364,11,110,254,655,291
forest_t5_d3,forest,True,False,sens_gt98,0.030731375397214173,0.9866666666666667,0.984,1040.7629436674426,0.086074177746676,0.08741258741258741,0.5357062937062937,0.5110765702356794,369,6,522,3193,4287,3918
forest_t5_d3,forest,True,False,BA_reference,0.7367354610968447,0.9866666666666667,0.936,35.528706814829704,0.73125,0.9265734265734266,0.9312867132867133,0.9499046870406751,351,24,42,109,480,129
forest_t10_d2,forest,True,False,FA_le_1,0.9751397643047983,0.9866666666666667,0.0,0.0,,1.0,0.5,0.5,0,375,0,0,0,0
forest_t10_d2,forest,True,False,FA_le_5,0.9751397643047983,0.9866666666666667,0.0,0.0,,1.0,0.5,0.5,0,375,0,0,0,0
forest_t10_d2,forest,True,False,FA_le_10,0.9751397643047983,0.9866666666666667,0.0,0.0,,1.0,0.5,0.5,0,375,0,0,0,0
forest_t10_d2,forest,True,False,FA_le_20,0.9751397643047983,0.9866666666666667,0.0,0.0,,1.0,0.5,0.5,0,375,0,0,0,0
forest_t10_d2,forest,True,False,sens_ge95,0.313913326878824,0.9866666666666667,0.9706666666666667,113.43110065652053,0.489247311827957,0.8111888111888111,0.8909277389277389,0.936797212613945,364,11,108,348,744,380
forest_t10_d2,forest,True,False,sens_ge97,0.313913326878824,0.9866666666666667,0.9706666666666667,113.43110065652053,0.489247311827957,0.8111888111888111,0.8909277389277389,0.936797212613945,364,11,108,348,744,380
forest_t10_d2,forest,True,False,sens_gt98,0.04484133287011072,0.9866666666666667,0.984,1040.7629436674426,0.086074177746676,0.08741258741258741,0.5357062937062937,0.5110765702356794,369,6,522,3193,4287,3918
forest_t10_d2,forest,True,False,BA_reference,0.8926642537618795,0.9866666666666667,0.936,36.18060969216603,0.7282157676348547,0.9265734265734266,0.9312867132867133,0.949654749525054,351,24,42,111,482,131
forest_t10_d3,forest,True,False,FA_le_1,0.9874508947393349,0.9866666666666667,0.0,0.0,,1.0,0.5,0.5,0,375,0,0,0,0
forest_t10_d3,forest,True,False,FA_le_5,0.9874508947393349,0.9866666666666667,0.0,0.0,,1.0,0.5,0.5,0,375,0,0,0,0
forest_t10_d3,forest,True,False,FA_le_10,0.9874508947393348,0.9866666666666667,0.864,9.126640282708548,0.9025069637883009,0.9632867132867133,0.9136433566433566,0.9209964348291166,324,51,21,28,359,35
forest_t10_d3,forest,True,False,FA_le_20,0.9874508947393348,0.9866666666666667,0.864,9.126640282708548,0.9025069637883009,0.9632867132867133,0.9136433566433566,0.9209964348291166,324,51,21,28,359,35
forest_t10_d3,forest,True,False,sens_ge95,0.6675550334945518,0.9866666666666667,0.9626666666666667,51.1743758709015,0.6611721611721612,0.8636363636363636,0.9131515151515152,0.9572801100243074,361,14,78,157,546,185
forest_t10_d3,forest,True,False,sens_ge97,0.387322553954585,0.9866666666666667,0.9706666666666667,70.07955931365493,0.5938009787928222,0.8374125874125874,0.904039627039627,0.9560087309778773,364,11,93,215,613,249
forest_t10_d3,forest,True,False,sens_gt98,0.07681159420289854,0.9866666666666667,0.9813333333333333,234.3590844024088,0.31399317406143346,0.6608391608391608,0.821086247086247,0.8918324175432826,368,7,194,719,1172,804
forest_t10_d3,forest,True,False,BA_reference,0.6870747653910182,0.9866666666666667,0.9386666666666666,34.550852498825215,0.7333333333333333,0.9230769230769231,0.9308717948717948,0.9527452981314257,352,23,44,106,480,128
forest_t20_d2,forest,True,False,FA_le_1,0.9746052443882742,0.9866666666666667,0.0,0.0,,1.0,0.5,0.5,0,375,0,0,0,0
forest_t20_d2,forest,True,False,FA_le_5,0.9746052443882742,0.9866666666666667,0.0,0.0,,1.0,0.5,0.5,0,375,0,0,0,0
forest_t20_d2,forest,True,False,FA_le_10,0.9746052443882742,0.9866666666666667,0.0,0.0,,1.0,0.5,0.5,0,375,0,0,0,0
forest_t20_d2,forest,True,False,FA_le_20,0.9746052443882742,0.9866666666666667,0.0,0.0,,1.0,0.5,0.5,0,375,0,0,0,0
forest_t20_d2,forest,True,False,sens_ge95,0.31233157266817896,0.9866666666666667,0.9706666666666667,113.43110065652053,0.489247311827957,0.8111888111888111,0.8909277389277389,0.936797212613945,364,11,108,348,744,380
forest_t20_d2,forest,True,False,sens_ge97,0.31233157266817896,0.9866666666666667,0.9706666666666667,113.43110065652053,0.489247311827957,0.8111888111888111,0.8909277389277389,0.936797212613945,364,11,108,348,744,380
forest_t20_d2,forest,True,False,sens_gt98,0.04580559348032131,0.9866666666666667,0.984,1040.7629436674426,0.086074177746676,0.08741258741258741,0.5357062937062937,0.5110765702356794,369,6,522,3193,4287,3918
forest_t20_d2,forest,True,False,BA_reference,0.8937492240035215,0.9866666666666667,0.936,36.18060969216603,0.7282157676348547,0.9265734265734266,0.9312867132867133,0.949654749525054,351,24,42,111,482,131
forest_t20_d3,forest,True,True,FA_le_1,0.9877342104193859,0.9866666666666667,0.0,0.0,,1.0,0.5,0.5,0,375,0,0,0,0
forest_t20_d3,forest,True,True,FA_le_5,0.9877342104193859,0.9866666666666667,0.0,0.0,,1.0,0.5,0.5,0,375,0,0,0,0
forest_t20_d3,forest,True,True,FA_le_10,0.961607068493912,0.9866666666666667,0.864,8.800688844040385,0.9050279329608939,0.965034965034965,0.9145174825174824,0.9211214035869271,324,51,20,27,358,34
forest_t20_d3,forest,True,True,FA_le_20,0.9212188845310607,0.9866666666666667,0.912,19.883037758757908,0.8142857142857143,0.9370629370629371,0.9245314685314685,0.94462006260093,342,33,36,61,420,78
forest_t20_d3,forest,True,True,sens_ge95,0.6840927489967656,0.9866666666666667,0.9626666666666667,51.1743758709015,0.6611721611721612,0.8636363636363636,0.9131515151515152,0.9572801100243074,361,14,78,157,546,185
forest_t20_d3,forest,True,True,sens_ge97,0.3178003859634806,0.9866666666666667,0.9706666666666667,70.73146219099125,0.591869918699187,0.833916083916084,0.9022913752913753,0.9557587934622562,364,11,95,217,615,251
forest_t20_d3,forest,True,True,sens_gt98,0.09655233114817087,0.9866666666666667,0.9813333333333333,205.34940636094234,0.3410565338276182,0.666083916083916,0.8237086247086247,0.9034545120196635,368,7,191,630,1079,711
forest_t20_d3,forest,True,True,BA_reference,0.7086260337361976,0.9866666666666667,0.9413333333333334,34.550852498825215,0.7338877338877339,0.9230769230769231,0.9322051282051282,0.9540406349189905,353,22,44,106,481,128
mlp_h4_a0.001,mlp,True,False,FA_le_1,0.9617861428058914,0.9866666666666667,0.8826666666666667,0.9778543160044872,0.976401179941003,0.9947552447552448,0.9387109557109558,0.9320176432575793,331,44,3,3,339,8
mlp_h4_a0.001,mlp,True,False,FA_le_5,0.9073343679223596,0.9866666666666667,0.928,4.563320141354274,0.9354838709677419,0.9790209790209791,0.9535104895104896,0.957720090702713,348,27,12,14,372,24
mlp_h4_a0.001,mlp,True,False,FA_le_10,0.8289381465057272,0.9866666666666667,0.9386666666666666,9.778543160044872,0.8911392405063291,0.958041958041958,0.9483543123543123,0.9633676425453221,352,23,24,30,395,43
mlp_h4_a0.001,mlp,True,False,FA_le_20,0.7232153842771825,0.9866666666666667,0.968,19.557086320089745,0.8287671232876712,0.9178321678321678,0.942916083916084,0.9736173469585971,363,12,47,60,438,75
mlp_h4_a0.001,mlp,True,False,sens_ge95,0.7782032538731699,0.9866666666666667,0.9546666666666667,14.993766178735472,0.8564593301435407,0.9335664335664335,0.94411655011655,0.9690151943879315,358,17,38,46,418,60
mlp_h4_a0.001,mlp,True,False,sens_ge97,0.5956184015608023,0.9866666666666667,0.9706666666666667,26.402066532121157,0.7777777777777778,0.8933566433566433,0.9320116550116551,0.9741292008604067,364,11,61,81,468,104
mlp_h4_a0.001,mlp,True,False,sens_gt98,0.040879756930955816,0.9866666666666667,0.9813333333333333,240.87811317577203,0.25806451612903225,0.44755244755244755,0.7144428904428904,0.8643512696955294,368,7,316,739,1426,1058
mlp_h4_a0.001,mlp,True,False,BA_reference,0.9319323731301093,0.9866666666666667,0.9253333333333333,3.2595143866816243,0.9506849315068493,0.986013986013986,0.9556736596736597,0.9543339553712609,347,28,8,10,365,18
mlp_h4_a0.1,mlp,True,False,FA_le_1,0.9612503016919984,0.9866666666666667,0.8826666666666667,0.9778543160044872,0.976401179941003,0.9947552447552448,0.9387109557109558,0.9320176432575793,331,44,3,3,339,8
mlp_h4_a0.1,mlp,True,False,FA_le_5,0.9038423386273083,0.9866666666666667,0.9306666666666666,4.563320141354274,0.935656836461126,0.9790209790209791,0.9548438228438229,0.9590154274902777,349,26,12,14,373,24
mlp_h4_a0.1,mlp,True,False,FA_le_10,0.8358570272597671,0.9866666666666667,0.9386666666666666,9.778543160044872,0.8911392405063291,0.958041958041958,0.9483543123543123,0.9633676425453221,352,23,24,30,395,43
mlp_h4_a0.1,mlp,True,False,FA_le_20,0.7327096722741068,0.9866666666666667,0.968,18.57923200408526,0.8344827586206897,0.9230769230769231,0.9455384615384615,0.9739922532320288,363,12,44,57,435,72
mlp_h4_a0.1,mlp,True,False,sens_ge95,0.7807745972128055,0.9866666666666667,0.952,14.993766178735472,0.8561151079136691,0.9353146853146853,0.9436573426573427,0.9677198576003667,357,18,37,46,417,60
mlp_h4_a0.1,mlp,True,False,sens_ge97,0.6040598013824315,0.9866666666666667,0.9706666666666667,26.402066532121157,0.7777777777777778,0.8933566433566433,0.9320116550116551,0.9741292008604067,364,11,61,81,468,104
mlp_h4_a0.1,mlp,True,False,sens_gt98,0.041594738713873904,0.9866666666666667,0.9813333333333333,234.3590844024088,0.26266952177016417,0.4458041958041958,0.7135687645687645,0.8674754886407932,368,7,317,719,1401,1033
mlp_h4_a0.1,mlp,True,False,BA_reference,0.9372643738367012,0.9866666666666667,0.9226666666666666,2.6076115093452996,0.9584487534626038,0.9895104895104895,0.9560885780885781,0.9519932193117524,346,29,6,8,361,15
mlp_h8_a0.001,mlp,True,True,FA_le_1,0.9601633847571528,0.9866666666666667,0.8933333333333333,0.9778543160044872,0.9626436781609196,0.9947552447552448,0.944044289044289,0.942255368800287,335,40,3,3,348,13
mlp_h8_a0.001,mlp,True,True,FA_le_5,0.9386419952163462,0.9866666666666667,0.928,4.237368702686112,0.9380053908355795,0.9807692307692307,0.9543846153846154,0.9578450594605235,348,27,11,13,371,23
mlp_h8_a0.001,mlp,True,True,FA_le_10,0.8917023652585022,0.9866666666666667,0.936,8.474737405372224,0.9023136246786633,0.9632867132867133,0.9496433566433566,0.9626971495468102,351,24,21,26,389,38
mlp_h8_a0.001,mlp,True,True,FA_le_20,0.7734927075040134,0.9866666666666667,0.9653333333333334,19.231134881421582,0.8283752860411899,0.9195804195804196,0.9424568764568765,0.9723220101710324,362,13,46,59,437,75
mlp_h8_a0.001,mlp,True,True,sens_ge95,0.8311644646278719,0.9866666666666667,0.952,14.993766178735472,0.8520286396181385,0.9370629370629371,0.9445314685314685,0.9674699200847456,357,18,36,46,419,62
mlp_h8_a0.001,mlp,True,True,sens_ge97,0.5692142435380383,0.9866666666666667,0.9706666666666667,29.009678041466458,0.7647058823529411,0.8793706293706294,0.925018648018648,0.9702888397071716,364,11,69,89,476,112
mlp_h8_a0.001,mlp,True,True,sens_gt98,0.0503088053707827,0.9866666666666667,0.9813333333333333,196.54871751690195,0.3105485232067511,0.4737762237762238,0.7275547785547786,0.8944687403278714,368,7,301,603,1185,817
mlp_h8_a0.001,mlp,True,True,BA_reference,0.9386419952163462,0.9866666666666667,0.928,4.237368702686112,0.9380053908355795,0.9807692307692307,0.9543846153846154,0.9578450594605235,348,27,11,13,371,23
mlp_h8_a0.1,mlp,True,False,FA_le_1,0.9763809344406924,0.9866666666666667,0.8453333333333334,0.9778543160044872,0.9635258358662614,0.9947552447552448,0.920044289044289,0.9176439698365564,317,58,3,3,329,12
mlp_h8_a0.1,mlp,True,False,FA_le_5,0.9450013083682308,0.9866666666666667,0.92,3.911417264017949,0.9375,0.9825174825174825,0.9512587412587412,0.9553793546432046,345,30,10,12,368,23
mlp_h8_a0.1,mlp,True,False,FA_le_10,0.899630202766629,0.9866666666666667,0.9333333333333333,9.452591721376711,0.8905852417302799,0.9562937062937062,0.9448135198135198,0.9607769689701926,350,25,25,29,393,43
mlp_h8_a0.1,mlp,True,False,FA_le_20,0.7416333825149239,0.9866666666666667,0.96,19.883037758757908,0.8200455580865603,0.9195804195804196,0.9397902097902098,0.9692314615646607,360,15,46,61,439,79
mlp_h8_a0.1,mlp,True,False,sens_ge95,0.8200372109056581,0.9866666666666667,0.952,15.971620494739959,0.8439716312056738,0.9335664335664335,0.9427832167832167,0.9669700450535035,357,18,38,49,423,66
mlp_h8_a0.1,mlp,True,False,sens_ge97,0.615678080422466,0.9866666666666667,0.9706666666666667,25.75016365478483,0.7794432548179872,0.8933566433566433,0.9320116550116551,0.9714135585274666,364,11,61,79,467,103
mlp_h8_a0.1,mlp,True,False,sens_gt98,0.052886559301708616,0.9866666666666667,0.9813333333333333,196.54871751690195,0.3230904302019315,0.4493006993006993,0.7153170163170163,0.9002173031871565,368,7,315,603,1139,771
mlp_h8_a0.1,mlp,True,False,BA_reference,0.9450013083682308,0.9866666666666667,0.92,3.911417264017949,0.9375,0.9825174825174825,0.9512587412587412,0.9553793546432046,345,30,10,12,368,23
