family,candidate,operating_point,threshold,candidate_recall,sensitivity,false_alarms_per_adl_hour,event_precision,trial_specificity,trial_balanced_accuracy,candidate_balanced_accuracy,detected_falls,missed_falls,adl_alarm_trials,adl_false_alarms,total_alarms,unmatched_duplicate_alarms
linear,linear_frozen,FA_le_1,0.9435122242216496,0.9866666666666667,0.8933333333333333,0.9778543160044872,0.9654178674351584,0.9947552447552448,0.944044289044289,0.9409600320127223,335,40,3,3,347,12
linear,linear_frozen,FA_le_5,0.8850929456953477,0.9866666666666667,0.9333333333333333,4.889271580022436,0.9308510638297872,0.9772727272727273,0.9553030303030303,0.9614811323075967,350,25,13,15,376,26
linear,linear_frozen,FA_le_10,0.8621999918050488,0.9866666666666667,0.9386666666666666,6.844980212031411,0.9166666666666666,0.9702797202797203,0.9544731934731935,0.963321993335863,352,23,17,21,384,32
linear,linear_frozen,FA_le_20,0.7352880730771258,0.9866666666666667,0.968,17.275426249412607,0.8402777777777778,0.9248251748251748,0.9464125874125874,0.9743671595054604,363,12,43,53,432,69
linear,linear_frozen,sens_ge95,0.7742031648776018,0.9866666666666667,0.952,12.712106108058334,0.8707317073170732,0.9423076923076923,0.9471538461538461,0.9685946389050406,357,18,33,39,410,53
linear,linear_frozen,sens_ge97,0.6101532700558683,0.9866666666666667,0.9706666666666667,24.772309338780346,0.7913043478260869,0.8986013986013986,0.9346340326340327,0.9737086453775157,364,11,58,76,460,96
linear,linear_frozen,sens_gt98,0.07561141384223115,0.9866666666666667,0.9813333333333333,143.0926815753233,0.4043956043956044,0.541958041958042,0.7616456876456876,0.9288351487257719,368,7,262,439,910,542
linear,linear_frozen,BA_reference,0.8850929456953477,0.9866666666666667,0.9333333333333333,4.889271580022436,0.9308510638297872,0.9772727272727273,0.9553030303030303,0.9614811323075967,350,25,13,15,376,26
quadratic,quadratic_C1,FA_le_1,0.942227668704019,0.9866666666666667,0.9013333333333333,0.9778543160044872,0.9657142857142857,0.9947552447552448,0.9480442890442891,0.9448460423754165,338,37,3,3,350,12
quadratic,quadratic_C1,FA_le_5,0.8931197342438911,0.9866666666666667,0.936,4.889271580022436,0.9335106382978723,0.9772727272727273,0.9566363636363637,0.9614811323075967,351,24,13,15,376,25
quadratic,quadratic_C1,FA_le_10,0.8291018688663669,0.9866666666666667,0.9413333333333334,9.126640282708548,0.8959390862944162,0.9615384615384616,0.9514358974358974,0.9649129168485081,353,22,22,28,394,41
quadratic,quadratic_C1,FA_le_20,0.7078613862807915,0.9866666666666667,0.968,18.253280565417096,0.836405529953917,0.9213286713286714,0.9446643356643356,0.9741172219898393,363,12,45,56,434,71
quadratic,quadratic_C1,sens_ge95,0.7798151889592042,0.9866666666666667,0.952,12.386154669390173,0.8728606356968215,0.9458041958041958,0.9489020979020979,0.9687196076628511,357,18,31,38,409,52
quadratic,quadratic_C1,sens_ge97,0.5642589618370364,0.9866666666666667,0.9706666666666667,26.72801797078932,0.7761194029850746,0.8916083916083916,0.9311375291375291,0.9740042321025961,364,11,62,82,469,105
quadratic,quadratic_C1,sens_gt98,0.06454014556028831,0.9866666666666667,0.9813333333333333,170.1466509847808,0.3590243902439024,0.513986013986014,0.7476596736596737,0.9144637415775589,368,7,278,522,1025,657
quadratic,quadratic_C1,BA_reference,0.910203531968766,0.9866666666666667,0.9306666666666666,3.2595143866816243,0.94579945799458,0.986013986013986,0.9583403263403263,0.9595153025215198,349,26,8,10,369,20
forest,forest_t20_d3,FA_le_1,0.9877342104193859,0.9866666666666667,0.0,0.0,,1.0,0.5,0.5,0,375,0,0,0,0
forest,forest_t20_d3,FA_le_5,0.9877342104193859,0.9866666666666667,0.0,0.0,,1.0,0.5,0.5,0,375,0,0,0,0
forest,forest_t20_d3,FA_le_10,0.961607068493912,0.9866666666666667,0.864,8.800688844040385,0.9050279329608939,0.965034965034965,0.9145174825174824,0.9211214035869271,324,51,20,27,358,34
forest,forest_t20_d3,FA_le_20,0.9212188845310607,0.9866666666666667,0.912,19.883037758757908,0.8142857142857143,0.9370629370629371,0.9245314685314685,0.94462006260093,342,33,36,61,420,78
forest,forest_t20_d3,sens_ge95,0.6840927489967656,0.9866666666666667,0.9626666666666667,51.1743758709015,0.6611721611721612,0.8636363636363636,0.9131515151515152,0.9572801100243074,361,14,78,157,546,185
forest,forest_t20_d3,sens_ge97,0.3178003859634806,0.9866666666666667,0.9706666666666667,70.73146219099125,0.591869918699187,0.833916083916084,0.9022913752913753,0.9557587934622562,364,11,95,217,615,251
forest,forest_t20_d3,sens_gt98,0.09655233114817087,0.9866666666666667,0.9813333333333333,205.34940636094234,0.3410565338276182,0.666083916083916,0.8237086247086247,0.9034545120196635,368,7,191,630,1079,711
forest,forest_t20_d3,BA_reference,0.7086260337361976,0.9866666666666667,0.9413333333333334,34.550852498825215,0.7338877338877339,0.9230769230769231,0.9322051282051282,0.9540406349189905,353,22,44,106,481,128
mlp,mlp_h8_a0.001,FA_le_1,0.9601633847571528,0.9866666666666667,0.8933333333333333,0.9778543160044872,0.9626436781609196,0.9947552447552448,0.944044289044289,0.942255368800287,335,40,3,3,348,13
mlp,mlp_h8_a0.001,FA_le_5,0.9386419952163462,0.9866666666666667,0.928,4.237368702686112,0.9380053908355795,0.9807692307692307,0.9543846153846154,0.9578450594605235,348,27,11,13,371,23
mlp,mlp_h8_a0.001,FA_le_10,0.8917023652585022,0.9866666666666667,0.936,8.474737405372224,0.9023136246786633,0.9632867132867133,0.9496433566433566,0.9626971495468102,351,24,21,26,389,38
mlp,mlp_h8_a0.001,FA_le_20,0.7734927075040134,0.9866666666666667,0.9653333333333334,19.231134881421582,0.8283752860411899,0.9195804195804196,0.9424568764568765,0.9723220101710324,362,13,46,59,437,75
mlp,mlp_h8_a0.001,sens_ge95,0.8311644646278719,0.9866666666666667,0.952,14.993766178735472,0.8520286396181385,0.9370629370629371,0.9445314685314685,0.9674699200847456,357,18,36,46,419,62
mlp,mlp_h8_a0.001,sens_ge97,0.5692142435380383,0.9866666666666667,0.9706666666666667,29.009678041466458,0.7647058823529411,0.8793706293706294,0.925018648018648,0.9702888397071716,364,11,69,89,476,112
mlp,mlp_h8_a0.001,sens_gt98,0.0503088053707827,0.9866666666666667,0.9813333333333333,196.54871751690195,0.3105485232067511,0.4737762237762238,0.7275547785547786,0.8944687403278714,368,7,301,603,1185,817
mlp,mlp_h8_a0.001,BA_reference,0.9386419952163462,0.9866666666666667,0.928,4.237368702686112,0.9380053908355795,0.9807692307692307,0.9543846153846154,0.9578450594605235,348,27,11,13,371,23
