family,candidate,threshold,candidate_recall,sensitivity,false_alarms_per_adl_hour,event_precision,trial_specificity,trial_balanced_accuracy,candidate_balanced_accuracy,detected_falls,missed_falls,adl_alarm_trials,adl_false_alarms,total_alarms,unmatched_duplicate_alarms
linear,linear_frozen,0.988485203958036,0.9866666666666667,0.7946666666666666,0.0,0.9834983498349835,1.0,0.8973333333333333,0.8882261299959984,298,77,0,0,303,5
linear,linear_frozen,0.9789048259324806,0.9866666666666667,0.8346666666666667,0.32595143866816245,0.978125,0.9982517482517482,0.9164592074592075,0.9088265498392241,313,62,1,1,320,7
linear,linear_frozen,0.9501827363110795,0.9866666666666667,0.8906666666666667,0.6519028773363249,0.9709302325581395,0.9965034965034965,0.9435850815850816,0.9384943271954032,334,41,2,2,344,10
linear,linear_frozen,0.9435122242216496,0.9866666666666667,0.8933333333333333,0.9778543160044872,0.9654178674351584,0.9947552447552448,0.944044289044289,0.9409600320127223,335,40,3,3,347,12
linear,linear_frozen,0.9425142132674733,0.9866666666666667,0.8986666666666666,1.3038057546726498,0.9628571428571429,0.9947552447552448,0.9467109557109556,0.9434257368300412,337,38,3,4,350,13
linear,linear_frozen,0.9381620808888594,0.9866666666666667,0.9066666666666666,1.6297571933408121,0.96045197740113,0.9947552447552448,0.9507109557109557,0.9471867784349249,340,35,3,5,354,14
linear,linear_frozen,0.9344886488543164,0.9866666666666667,0.9093333333333333,2.281660070677137,0.9551820728291317,0.9912587412587412,0.9502960372960373,0.9482321777068686,341,34,5,7,357,16
linear,linear_frozen,0.9280614151354925,0.9866666666666667,0.9173333333333333,2.6076115093452996,0.9529085872576177,0.9895104895104895,0.9534219114219114,0.9519932193117524,344,31,6,8,361,17
linear,linear_frozen,0.9179730474763664,0.9866666666666667,0.9226666666666666,3.2595143866816243,0.9453551912568307,0.986013986013986,0.9543403263403263,0.9556292921588256,346,29,8,10,366,20
linear,linear_frozen,0.9042158978108372,0.9866666666666667,0.928,4.237368702686112,0.9380053908355795,0.9807692307692307,0.9543846153846154,0.9578450594605235,348,27,11,13,371,23
linear,linear_frozen,0.8850929456953477,0.9866666666666667,0.9333333333333333,4.889271580022436,0.9308510638297872,0.9772727272727273,0.9553030303030303,0.9614811323075967,350,25,13,15,376,26
linear,linear_frozen,0.8711101296234538,0.9866666666666667,0.936,6.519028773363249,0.918848167539267,0.972027972027972,0.954013986013986,0.9621516253061086,351,24,16,20,382,31
linear,linear_frozen,0.8621999918050488,0.9866666666666667,0.9386666666666666,6.844980212031411,0.9166666666666666,0.9702797202797203,0.9544731934731935,0.963321993335863,352,23,17,21,384,32
linear,linear_frozen,0.8264826709553659,0.9866666666666667,0.9413333333333334,10.430446037381198,0.8869346733668342,0.9545454545454546,0.947939393939394,0.9644130418172658,353,22,26,32,398,45
linear,linear_frozen,0.7957416645632669,0.9866666666666667,0.944,11.734251792053847,0.8784119106699751,0.9475524475524476,0.9457762237762237,0.9652085035735884,354,21,30,36,403,49
linear,linear_frozen,0.7925637336326922,0.9866666666666667,0.9466666666666667,12.06020323072201,0.8765432098765432,0.9458041958041958,0.9462354312354313,0.9663788716033427,355,20,31,37,405,50
linear,linear_frozen,0.7742031648776018,0.9866666666666667,0.952,12.712106108058334,0.8707317073170732,0.9423076923076923,0.9471538461538461,0.9685946389050406,357,18,33,39,410,53
linear,linear_frozen,0.7618153208304226,0.9866666666666667,0.9573333333333334,14.993766178735472,0.8568019093078759,0.9335664335664335,0.9454498834498835,0.9703105311754963,359,16,38,46,419,60
linear,linear_frozen,0.7525655995377734,0.9866666666666667,0.9626666666666667,16.297571933408122,0.8474178403755869,0.9283216783216783,0.9454941724941726,0.972276360961573,361,14,41,50,426,65
linear,linear_frozen,0.7404479679547277,0.9866666666666667,0.9653333333333334,16.623523372076285,0.8438228438228438,0.9265734265734266,0.9459533799533799,0.9733217602335167,362,13,42,51,429,67
linear,linear_frozen,0.7352880730771258,0.9866666666666667,0.968,17.275426249412607,0.8402777777777778,0.9248251748251748,0.9464125874125874,0.9743671595054604,363,12,43,53,432,69
linear,linear_frozen,0.6101532700558683,0.9866666666666667,0.9706666666666667,24.772309338780346,0.7913043478260869,0.8986013986013986,0.9346340326340327,0.9737086453775157,364,11,58,76,460,96
linear,linear_frozen,0.5697395167113786,0.9866666666666667,0.9733333333333334,28.03182372546197,0.770042194092827,0.8846153846153846,0.928974358974359,0.9747996938589187,365,10,66,86,474,109
linear,linear_frozen,0.5389860810517904,0.9866666666666667,0.976,29.335629480134617,0.7625,0.8793706293706294,0.9276853146853147,0.9754701868574307,366,9,69,90,480,114
linear,linear_frozen,0.24325317842044467,0.9866666666666667,0.9786666666666667,62.582676224287184,0.6137123745819398,0.75,0.8643333333333334,0.9621441789811614,367,8,143,192,598,231
linear,linear_frozen,0.07561141384223115,0.9866666666666667,0.9813333333333333,143.0926815753233,0.4043956043956044,0.541958041958042,0.7616456876456876,0.9288351487257719,368,7,262,439,910,542
linear,linear_frozen,0.03849307013488626,0.9866666666666667,0.984,246.09333619446264,0.26875455207574656,0.3618881118881119,0.6729440559440559,0.8738152249502391,369,6,365,755,1373,1004
linear,linear_frozen,0.025037875550837807,0.9866666666666667,0.9866666666666667,340.6192534082297,0.20798201236649802,0.2744755244755245,0.6305710955710956,0.8244982148245322,370,5,415,1045,1779,1409
quadratic,quadratic_C1,0.9891751247823475,0.9866666666666667,0.7893333333333333,0.0,0.9801324503311258,1.0,0.8946666666666667,0.8869307932084336,296,79,0,0,302,6
quadratic,quadratic_C1,0.9765603739548602,0.9866666666666667,0.8453333333333334,0.32595143866816245,0.9753846153846154,0.9982517482517482,0.9217925407925408,0.9153032337770479,317,58,1,1,325,8
quadratic,quadratic_C1,0.950385102494053,0.9866666666666667,0.8933333333333333,0.6519028773363249,0.9682080924855492,0.9965034965034965,0.9449184149184149,0.9410850007705327,335,40,2,2,346,11
quadratic,quadratic_C1,0.942227668704019,0.9866666666666667,0.9013333333333333,0.9778543160044872,0.9657142857142857,0.9947552447552448,0.9480442890442891,0.9448460423754165,338,37,3,3,350,12
quadratic,quadratic_C1,0.9361194211722417,0.9866666666666667,0.9066666666666666,2.281660070677137,0.9550561797752809,0.9912587412587412,0.948962703962704,0.9469368409193039,340,35,5,7,356,16
quadratic,quadratic_C1,0.9316968591357871,0.9866666666666667,0.9093333333333333,2.6076115093452996,0.9498607242339833,0.9895104895104895,0.9494219114219113,0.9494025457366229,341,34,6,8,359,18
quadratic,quadratic_C1,0.9180821221804637,0.9866666666666667,0.9253333333333333,2.9335629480134617,0.9480874316939891,0.9877622377622378,0.9565477855477855,0.9570495977042008,347,28,7,9,366,19
quadratic,quadratic_C1,0.910203531968766,0.9866666666666667,0.9306666666666666,3.2595143866816243,0.94579945799458,0.986013986013986,0.9583403263403263,0.9595153025215198,349,26,8,10,369,20
quadratic,quadratic_C1,0.8958136384455189,0.9866666666666667,0.9333333333333333,4.563320141354274,0.9358288770053476,0.9790209790209791,0.9561771561771562,0.9603107642778425,350,25,12,14,374,24
quadratic,quadratic_C1,0.8931197342438911,0.9866666666666667,0.936,4.889271580022436,0.9335106382978723,0.9772727272727273,0.9566363636363637,0.9614811323075967,351,24,13,15,376,25
quadratic,quadratic_C1,0.8894872557916124,0.9866666666666667,0.9386666666666666,5.215223018690599,0.9312169312169312,0.9772727272727273,0.9579696969696969,0.9626515003373508,352,23,13,16,378,26
quadratic,quadratic_C1,0.8291018688663669,0.9866666666666667,0.9413333333333334,9.126640282708548,0.8959390862944162,0.9615384615384616,0.9514358974358974,0.9649129168485081,353,22,22,28,394,41
quadratic,quadratic_C1,0.7884299851730324,0.9866666666666667,0.944,11.734251792053847,0.8762376237623762,0.9493006993006993,0.9466503496503496,0.9650835348157779,354,21,29,36,404,50
quadratic,quadratic_C1,0.7798151889592042,0.9866666666666667,0.952,12.386154669390173,0.8728606356968215,0.9458041958041958,0.9489020979020979,0.9687196076628511,357,18,31,38,409,52
quadratic,quadratic_C1,0.7451103833662908,0.9866666666666667,0.9573333333333334,15.319717617403635,0.8527315914489311,0.9353146853146853,0.9463240093240093,0.9700605936598752,359,16,37,47,421,62
quadratic,quadratic_C1,0.7338396985957035,0.9866666666666667,0.9626666666666667,15.971620494739959,0.8494117647058823,0.9318181818181818,0.9472424242424242,0.9724013297193836,361,14,39,49,425,64
quadratic,quadratic_C1,0.7290004727267597,0.9866666666666667,0.9653333333333334,16.623523372076285,0.8457943925233645,0.9283216783216783,0.9468275058275059,0.9734467289913273,362,13,41,51,428,66
quadratic,quadratic_C1,0.7078613862807915,0.9866666666666667,0.968,18.253280565417096,0.836405529953917,0.9213286713286714,0.9446643356643356,0.9741172219898393,363,12,45,56,434,71
quadratic,quadratic_C1,0.5642589618370364,0.9866666666666667,0.9706666666666667,26.72801797078932,0.7761194029850746,0.8916083916083916,0.9311375291375291,0.9740042321025961,364,11,62,82,469,105
quadratic,quadratic_C1,0.5397662350440211,0.9866666666666667,0.9733333333333334,28.357775164130132,0.7668067226890757,0.8846153846153846,0.928974358974359,0.9745497563432977,365,10,66,87,476,111
quadratic,quadratic_C1,0.49960119970834693,0.9866666666666667,0.976,30.965386673475432,0.7515400410677618,0.8723776223776224,0.9241888111888112,0.9745954055527569,366,9,73,95,487,121
quadratic,quadratic_C1,0.22544456678925726,0.9866666666666667,0.9786666666666667,63.56053054029167,0.6096345514950167,0.75,0.8643333333333334,0.9616443039499193,367,8,143,195,602,235
quadratic,quadratic_C1,0.06454014556028831,0.9866666666666667,0.9813333333333333,170.1466509847808,0.3590243902439024,0.513986013986014,0.7476596736596737,0.9144637415775589,368,7,278,522,1025,657
quadratic,quadratic_C1,0.028511656707147955,0.9866666666666667,0.984,330.84071024818485,0.2112192329708071,0.30594405594405594,0.6449720279720279,0.8270769095290944,369,6,397,1015,1747,1378
quadratic,quadratic_C1,0.027669773835387195,0.9866666666666667,0.9866666666666667,338.0116418988844,0.20774845592363841,0.30244755244755245,0.6445571095571095,0.824248277308911,370,5,399,1037,1781,1411
forest,forest_t20_d3,0.9877342104193859,0.9866666666666667,0.0,0.0,,1.0,0.5,0.5,0,375,0,0,0,0
forest,forest_t20_d3,0.9877342104193858,0.9866666666666667,0.8586666666666667,8.474737405372224,0.9070422535211268,0.9667832167832168,0.9127249417249417,0.9186556987696082,322,53,19,26,355,33
forest,forest_t20_d3,0.961607068493912,0.9866666666666667,0.864,8.800688844040385,0.9050279329608939,0.965034965034965,0.9145174825174824,0.9211214035869271,324,51,20,27,358,34
forest,forest_t20_d3,0.9212188845310607,0.9866666666666667,0.912,19.883037758757908,0.8142857142857143,0.9370629370629371,0.9245314685314685,0.94462006260093,342,33,36,61,420,78
forest,forest_t20_d3,0.8917456778171401,0.9866666666666667,0.9146666666666666,22.49064926810321,0.7995337995337995,0.9353146853146853,0.924990675990676,0.9449156493260105,343,32,37,69,429,86
forest,forest_t20_d3,0.862403866677196,0.9866666666666667,0.9173333333333333,23.468503584107694,0.7944572748267898,0.9353146853146853,0.9263240093240093,0.9458360798401436,344,31,37,72,433,89
forest,forest_t20_d3,0.84570063785259,0.9866666666666667,0.9226666666666666,26.402066532121157,0.7775280898876404,0.9300699300699301,0.9263682983682984,0.9471770658371677,346,29,40,81,445,99
forest,forest_t20_d3,0.7854015444840409,0.9866666666666667,0.9333333333333333,29.987532357470943,0.755939524838013,0.9248251748251748,0.9290792540792541,0.950608850378079,350,25,43,92,463,113
forest,forest_t20_d3,0.7431771868022969,0.9866666666666667,0.936,33.898949621488896,0.7373949579831933,0.9230769230769231,0.9295384615384616,0.9504045620719173,351,24,44,104,476,125
forest,forest_t20_d3,0.7086260337361976,0.9866666666666667,0.9413333333333334,34.550852498825215,0.7338877338877339,0.9230769230769231,0.9322051282051282,0.9540406349189905,353,22,44,106,481,128
forest,forest_t20_d3,0.6840927489967656,0.9866666666666667,0.9626666666666667,51.1743758709015,0.6611721611721612,0.8636363636363636,0.9131515151515152,0.9572801100243074,361,14,78,157,546,185
forest,forest_t20_d3,0.6061599830245796,0.9866666666666667,0.9653333333333334,59.97506471494189,0.6306620209059234,0.8583916083916084,0.911862470862471,0.9552012903509874,362,13,81,184,574,212
forest,forest_t20_d3,0.3508748732925587,0.9866666666666667,0.968,64.86433629496432,0.6142131979695431,0.8479020979020979,0.907951048951049,0.9544971270135834,363,12,87,199,591,228
forest,forest_t20_d3,0.3178003859634806,0.9866666666666667,0.9706666666666667,70.73146219099125,0.591869918699187,0.833916083916084,0.9022913752913753,0.9557587934622562,364,11,95,217,615,251
forest,forest_t20_d3,0.23131615539131817,0.9866666666666667,0.9733333333333334,88.65879131774018,0.5415430267062314,0.7902097902097902,0.8817715617715618,0.9498059422968093,365,10,120,272,674,309
forest,forest_t20_d3,0.11531399307214525,0.9866666666666667,0.976,92.8961600204263,0.5319767441860465,0.7832167832167832,0.8796083916083917,0.9494766852328369,366,9,124,285,688,322
forest,forest_t20_d3,0.11385933332431593,0.9866666666666667,0.9786666666666667,93.54806289776262,0.5311143270622286,0.7814685314685315,0.880067599067599,0.9505220845047806,367,8,125,287,691,324
forest,forest_t20_d3,0.09655233114817087,0.9866666666666667,0.9813333333333333,205.34940636094234,0.3410565338276182,0.666083916083916,0.8237086247086247,0.9034545120196635,368,7,191,630,1079,711
forest,forest_t20_d3,0.032702584444496356,0.9866666666666667,0.9866666666666667,1041.7407979834472,0.08622698671638312,0.08741258741258741,0.537039627039627,0.5119970007498126,370,5,522,3196,4291,3921
mlp,mlp_h8_a0.001,0.9891557764766503,0.9866666666666667,0.7893333333333333,0.0,0.9866666666666667,1.0,0.8946666666666667,0.8857604251786795,296,79,0,0,300,4
mlp,mlp_h8_a0.001,0.9758182176613691,0.9866666666666667,0.8586666666666667,0.32595143866816245,0.9757575757575757,0.9982517482517482,0.9284592074592075,0.9217799177148718,322,53,1,1,330,8
mlp,mlp_h8_a0.001,0.9627610651516986,0.9866666666666667,0.8906666666666667,0.6519028773363249,0.9709302325581395,0.9965034965034965,0.9435850815850816,0.9384943271954032,334,41,2,2,344,10
mlp,mlp_h8_a0.001,0.9601633847571528,0.9866666666666667,0.8933333333333333,0.9778543160044872,0.9626436781609196,0.9947552447552448,0.944044289044289,0.942255368800287,335,40,3,3,348,13
mlp,mlp_h8_a0.001,0.9568997824695611,0.9866666666666667,0.9013333333333333,1.3038057546726498,0.9602272727272727,0.993006993006993,0.9471701631701632,0.9460164104051707,338,37,4,4,352,14
mlp,mlp_h8_a0.001,0.9523803454173784,0.9866666666666667,0.904,2.281660070677137,0.952247191011236,0.9877622377622378,0.9458811188811189,0.9469368409193039,339,36,7,7,356,17
mlp,mlp_h8_a0.001,0.9509354701514438,0.9866666666666667,0.912,2.6076115093452996,0.95,0.9877622377622378,0.9498811188811189,0.9506978825241876,342,33,7,8,360,18
mlp,mlp_h8_a0.001,0.9492173120028227,0.9866666666666667,0.9146666666666666,2.9335629480134617,0.9475138121546961,0.986013986013986,0.9503403263403263,0.9518682505539418,343,32,8,9,362,19
mlp,mlp_h8_a0.001,0.9486659950840283,0.9866666666666667,0.9173333333333333,3.2595143866816243,0.945054945054945,0.986013986013986,0.9516736596736597,0.9530386185836961,344,31,8,10,364,20
mlp,mlp_h8_a0.001,0.9460218190965786,0.9866666666666667,0.9226666666666666,3.585465825349787,0.9427792915531336,0.9842657342657343,0.9534662004662005,0.955504323401015,346,29,9,11,367,21
mlp,mlp_h8_a0.001,0.942099135556058,0.9866666666666667,0.9253333333333333,3.911417264017949,0.940379403794038,0.9825174825174825,0.9539254079254079,0.9566746914307693,347,28,10,12,369,22
mlp,mlp_h8_a0.001,0.9386419952163462,0.9866666666666667,0.928,4.237368702686112,0.9380053908355795,0.9807692307692307,0.9543846153846154,0.9578450594605235,348,27,11,13,371,23
mlp,mlp_h8_a0.001,0.91314731121448,0.9866666666666667,0.9306666666666666,6.844980212031411,0.916010498687664,0.9685314685314685,0.9495990675990675,0.9594359829731687,349,26,18,21,381,32
mlp,mlp_h8_a0.001,0.9065344242566324,0.9866666666666667,0.9333333333333333,7.170931650699574,0.9138381201044387,0.9685314685314685,0.950932400932401,0.9606063510029228,350,25,18,22,383,33
mlp,mlp_h8_a0.001,0.8917023652585022,0.9866666666666667,0.936,8.474737405372224,0.9023136246786633,0.9632867132867133,0.9496433566433566,0.9626971495468102,351,24,21,26,389,38
mlp,mlp_h8_a0.001,0.8683735979341134,0.9866666666666667,0.9386666666666666,11.734251792053847,0.8756218905472637,0.9493006993006993,0.943983682983683,0.9624928612406484,352,23,29,36,402,50
mlp,mlp_h8_a0.001,0.8475214525383687,0.9866666666666667,0.9413333333333334,13.36400898539466,0.863080684596577,0.9440559440559441,0.9426946386946387,0.9630383854813498,353,22,32,41,409,56
mlp,mlp_h8_a0.001,0.8432659257212974,0.9866666666666667,0.944,13.689960424062821,0.8613138686131386,0.9423076923076923,0.9431538461538461,0.9642087535111041,354,21,33,42,411,57
mlp,mlp_h8_a0.001,0.8381050520322718,0.9866666666666667,0.9493333333333334,14.341863301399147,0.8557692307692307,0.9405594405594405,0.944946386946387,0.966424520812802,356,19,34,44,416,60
mlp,mlp_h8_a0.001,0.8311644646278719,0.9866666666666667,0.952,14.993766178735472,0.8520286396181385,0.9370629370629371,0.9445314685314685,0.9674699200847456,357,18,36,46,419,62
mlp,mlp_h8_a0.001,0.8122985725719748,0.9866666666666667,0.9546666666666667,16.297571933408122,0.8443396226415094,0.9318181818181818,0.9432424242424242,0.9682653818410683,358,17,39,50,424,66
mlp,mlp_h8_a0.001,0.800335349235933,0.9866666666666667,0.96,16.949474810744448,0.8411214953271028,0.9283216783216783,0.9441608391608391,0.9706061179005767,360,15,41,52,428,68
mlp,mlp_h8_a0.001,0.7801381829483096,0.9866666666666667,0.9626666666666667,18.57923200408526,0.8317972350230415,0.9213286713286714,0.941997668997669,0.9712766108990887,361,14,45,57,434,73
mlp,mlp_h8_a0.001,0.7734927075040134,0.9866666666666667,0.9653333333333334,19.231134881421582,0.8283752860411899,0.9195804195804196,0.9424568764568765,0.9723220101710324,362,13,46,59,437,75
mlp,mlp_h8_a0.001,0.7168983910582828,0.9866666666666667,0.968,22.49064926810321,0.8048780487804879,0.9108391608391608,0.9394195804195804,0.97199275310706,363,12,51,69,451,88
mlp,mlp_h8_a0.001,0.5692142435380383,0.9866666666666667,0.9706666666666667,29.009678041466458,0.7647058823529411,0.8793706293706294,0.925018648018648,0.9702888397071716,364,11,69,89,476,112
mlp,mlp_h8_a0.001,0.5468587510399145,0.9866666666666667,0.9733333333333334,30.313483796139106,0.7572614107883817,0.8741258741258742,0.9237296037296038,0.9709593327056837,365,10,72,93,482,117
mlp,mlp_h8_a0.001,0.435517101135034,0.9866666666666667,0.976,41.721784149524794,0.6984732824427481,0.8374125874125874,0.9067062937062937,0.9699715615137666,366,9,93,128,524,158
mlp,mlp_h8_a0.001,0.22225561182218498,0.9866666666666667,0.9786666666666667,73.01312226166839,0.5637480798771122,0.7377622377622378,0.8582144522144523,0.9569411403625778,367,8,150,224,651,284
mlp,mlp_h8_a0.001,0.0503088053707827,0.9866666666666667,0.9813333333333333,196.54871751690195,0.3105485232067511,0.4737762237762238,0.7275547785547786,0.8944687403278714,368,7,301,603,1185,817
mlp,mlp_h8_a0.001,0.041198668280212195,0.9866666666666667,0.984,235.33693871841328,0.27475800446760984,0.4195804195804196,0.7017902097902098,0.8761439821391802,369,6,332,722,1343,974
mlp,mlp_h8_a0.001,0.02019613230561063,0.9866666666666667,0.9866666666666667,369.95488288836435,0.19504480759093304,0.3041958041958042,0.6454312354312355,0.8083315958575124,370,5,398,1135,1897,1527
