model,split,activity,trials,candidate_recall,sensitivity,false_negative_rate,false_alarms_per_hour,false_positive_trial_rate,no_matched_candidate,matched_candidates_rejected
tree,train,D01,22,,,,0.0,0.0,0,0
tree,train,D02,22,,,,8.181836776901767,0.045454545454545456,0,0
tree,train,D03,22,,,,36.00139096283265,0.2727272727272727,0,0
tree,train,D04,20,,,,250.7531300607728,0.8,0,0
tree,train,D05,110,,,,1.309140894470516,0.00909090909090909,0,0
tree,train,D06,69,,,,56.3492960685931,0.2463768115942029,0,0
tree,train,D07,110,,,,0.0,0.0,0,0
tree,train,D08,110,,,,0.0,0.0,0,0
tree,train,D09,105,,,,0.0,0.0,0,0
tree,train,D10,105,,,,2.8572222244268692,0.009523809523809525,0,0
tree,train,D11,110,,,,19.091849219847948,0.06363636363636363,0,0
tree,train,D12,110,,,,0.0,0.0,0,0
tree,train,D13,70,,,,42.85816328960213,0.14285714285714285,0,0
tree,train,D14,110,,,,8.181849173671113,0.01818181818181818,0,0
tree,train,D15,110,,,,0.0,0.0,0,0
tree,train,D16,110,,,,0.0,0.0,0,0
tree,train,D17,104,,,,0.0,0.0,0,0
tree,train,D18,70,,,,94.29076557672732,0.3,0,0
tree,train,D19,70,,,,180.0,0.42857142857142855,0,0
tree,train,F01,69,0.9565217391304348,0.9130434782608695,0.08695652173913043,,,3,3
tree,train,F02,70,0.9714285714285714,0.9571428571428572,0.04285714285714286,,,2,1
tree,train,F03,70,0.9857142857142858,0.9428571428571428,0.05714285714285714,,,1,3
tree,train,F04,70,0.9571428571428572,0.9285714285714286,0.07142857142857142,,,3,2
tree,train,F05,70,0.9857142857142858,0.9142857142857143,0.08571428571428572,,,1,5
tree,train,F06,70,0.9857142857142858,0.9714285714285714,0.02857142857142857,,,1,1
tree,train,F07,70,0.9857142857142858,0.9,0.1,,,1,6
tree,train,F08,70,0.9857142857142858,0.9428571428571428,0.05714285714285714,,,1,3
tree,train,F09,70,0.9857142857142858,0.9571428571428572,0.04285714285714286,,,1,2
tree,train,F10,69,0.9710144927536232,0.8695652173913043,0.13043478260869565,,,2,7
tree,train,F11,70,0.9714285714285714,0.9,0.1,,,2,5
tree,train,F12,70,1.0,0.9428571428571428,0.05714285714285714,,,0,4
tree,train,F13,70,0.9857142857142858,0.9,0.1,,,1,6
tree,train,F14,70,1.0,0.9428571428571428,0.05714285714285714,,,0,4
tree,train,F15,70,1.0,0.9714285714285714,0.02857142857142857,,,0,2
tree,validation,D01,8,,,,0.0,0.0,0,0
tree,validation,D02,8,,,,0.0,0.0,0,0
tree,validation,D03,8,,,,108.0,0.25,0,0
tree,validation,D04,8,,,,297.0,0.625,0,0
tree,validation,D05,40,,,,0.0,0.0,0,0
tree,validation,D06,25,,,,86.40414739907516,0.52,0,0
tree,validation,D07,40,,,,0.0,0.0,0,0
tree,validation,D08,40,,,,7.5002343823244475,0.025,0,0
tree,validation,D09,40,,,,0.0,0.0,0,0
tree,validation,D10,40,,,,0.0,0.0,0,0
tree,validation,D11,40,,,,0.0,0.0,0,0
tree,validation,D12,40,,,,0.0,0.0,0,0
tree,validation,D13,25,,,,84.00140002333372,0.24,0,0
tree,validation,D14,40,,,,60.0,0.15,0,0
tree,validation,D15,40,,,,0.0,0.0,0,0
tree,validation,D16,40,,,,0.0,0.0,0,0
tree,validation,D17,40,,,,0.0,0.0,0,0
tree,validation,D18,25,,,,168.008400420021,0.52,0,0
tree,validation,D19,25,,,,144.0,0.28,0,0
tree,validation,F01,25,0.96,0.88,0.12,,,1,2
tree,validation,F02,25,1.0,1.0,0.0,,,0,0
tree,validation,F03,25,1.0,0.92,0.08,,,0,2
tree,validation,F04,25,0.96,0.92,0.08,,,1,1
tree,validation,F05,25,1.0,0.92,0.08,,,0,2
tree,validation,F06,25,0.96,0.96,0.04,,,1,0
tree,validation,F07,25,1.0,0.92,0.08,,,0,2
tree,validation,F08,25,0.96,0.92,0.08,,,1,1
tree,validation,F09,25,1.0,0.96,0.04,,,0,1
tree,validation,F10,25,1.0,1.0,0.0,,,0,0
tree,validation,F11,25,0.96,0.92,0.08,,,1,1
tree,validation,F12,25,1.0,1.0,0.0,,,0,0
tree,validation,F13,25,1.0,0.96,0.04,,,0,1
tree,validation,F14,25,1.0,0.96,0.04,,,0,1
tree,validation,F15,25,1.0,0.88,0.12,,,0,3
logistic,train,D01,22,,,,0.0,0.0,0,0
logistic,train,D02,22,,,,0.0,0.0,0,0
logistic,train,D03,22,,,,0.0,0.0,0,0
logistic,train,D04,20,,,,0.0,0.0,0,0
logistic,train,D05,110,,,,0.0,0.0,0,0
logistic,train,D06,69,,,,8.348043862013792,0.057971014492753624,0,0
logistic,train,D07,110,,,,0.0,0.0,0,0
logistic,train,D08,110,,,,0.0,0.0,0,0
logistic,train,D09,105,,,,0.0,0.0,0,0
logistic,train,D10,105,,,,0.0,0.0,0,0
logistic,train,D11,110,,,,16.3644421884411,0.05454545454545454,0,0
logistic,train,D12,110,,,,0.0,0.0,0,0
logistic,train,D13,70,,,,30.000714302721494,0.1,0,0
logistic,train,D14,110,,,,2.727283057890371,0.00909090909090909,0,0
logistic,train,D15,110,,,,0.0,0.0,0,0
logistic,train,D16,110,,,,0.0,0.0,0,0
logistic,train,D17,104,,,,0.0,0.0,0,0
logistic,train,D18,70,,,,47.14538278836366,0.15714285714285714,0,0
logistic,train,D19,70,,,,64.28571428571428,0.14285714285714285,0,0
logistic,train,F01,69,0.9565217391304348,0.9130434782608695,0.08695652173913043,,,3,3
logistic,train,F02,70,0.9714285714285714,0.9571428571428572,0.04285714285714286,,,2,1
logistic,train,F03,70,0.9857142857142858,0.9428571428571428,0.05714285714285714,,,1,3
logistic,train,F04,70,0.9571428571428572,0.9142857142857143,0.08571428571428572,,,3,3
logistic,train,F05,70,0.9857142857142858,0.8857142857142857,0.11428571428571428,,,1,7
logistic,train,F06,70,0.9857142857142858,0.9857142857142858,0.014285714285714285,,,1,0
logistic,train,F07,70,0.9857142857142858,0.9,0.1,,,1,6
logistic,train,F08,70,0.9857142857142858,0.9142857142857143,0.08571428571428572,,,1,5
logistic,train,F09,70,0.9857142857142858,0.9571428571428572,0.04285714285714286,,,1,2
logistic,train,F10,69,0.9710144927536232,0.8840579710144928,0.11594202898550725,,,2,6
logistic,train,F11,70,0.9714285714285714,0.9285714285714286,0.07142857142857142,,,2,3
logistic,train,F12,70,1.0,0.9428571428571428,0.05714285714285714,,,0,4
logistic,train,F13,70,0.9857142857142858,0.8428571428571429,0.15714285714285714,,,1,10
logistic,train,F14,70,1.0,1.0,0.0,,,0,0
logistic,train,F15,70,1.0,0.9857142857142858,0.014285714285714285,,,0,1
logistic,validation,D01,8,,,,0.0,0.0,0,0
logistic,validation,D02,8,,,,0.0,0.0,0,0
logistic,validation,D03,8,,,,0.0,0.0,0,0
logistic,validation,D04,8,,,,0.0,0.0,0,0
logistic,validation,D05,40,,,,0.0,0.0,0,0
logistic,validation,D06,25,,,,5.760276493271677,0.04,0,0
logistic,validation,D07,40,,,,0.0,0.0,0,0
logistic,validation,D08,40,,,,0.0,0.0,0,0
logistic,validation,D09,40,,,,0.0,0.0,0,0
logistic,validation,D10,40,,,,0.0,0.0,0,0
logistic,validation,D11,40,,,,7.5005469148792105,0.025,0,0
logistic,validation,D12,40,,,,0.0,0.0,0,0
logistic,validation,D13,25,,,,12.000200003333388,0.04,0,0
logistic,validation,D14,40,,,,22.5,0.075,0,0
logistic,validation,D15,40,,,,0.0,0.0,0,0
logistic,validation,D16,40,,,,0.0,0.0,0,0
logistic,validation,D17,40,,,,0.0,0.0,0,0
logistic,validation,D18,25,,,,24.001200060002997,0.08,0,0
logistic,validation,D19,25,,,,84.0,0.2,0,0
logistic,validation,F01,25,0.96,0.88,0.12,,,1,2
logistic,validation,F02,25,1.0,1.0,0.0,,,0,0
logistic,validation,F03,25,1.0,0.92,0.08,,,0,2
logistic,validation,F04,25,0.96,0.92,0.08,,,1,1
logistic,validation,F05,25,1.0,0.92,0.08,,,0,2
logistic,validation,F06,25,0.96,0.92,0.08,,,1,1
logistic,validation,F07,25,1.0,0.92,0.08,,,0,2
logistic,validation,F08,25,0.96,0.92,0.08,,,1,1
logistic,validation,F09,25,1.0,0.96,0.04,,,0,1
logistic,validation,F10,25,1.0,1.0,0.0,,,0,0
logistic,validation,F11,25,0.96,0.92,0.08,,,1,1
logistic,validation,F12,25,1.0,1.0,0.0,,,0,0
logistic,validation,F13,25,1.0,0.8,0.2,,,0,5
logistic,validation,F14,25,1.0,1.0,0.0,,,0,0
logistic,validation,F15,25,1.0,0.92,0.08,,,0,2
offline_frozen,train,D01,22,,,,0.0,0.0,0,0
offline_frozen,train,D02,22,,,,0.0,0.0,0,0
offline_frozen,train,D03,22,,,,54.00208644424898,0.09090909090909091,0,0
offline_frozen,train,D04,20,,,,240.00656734388252,0.3,0,0
offline_frozen,train,D05,110,,,,0.0,0.0,0,0
offline_frozen,train,D06,69,,,,54.262285103089646,0.15942028985507245,0,0
offline_frozen,train,D07,110,,,,0.0,0.0,0,0
offline_frozen,train,D08,110,,,,0.0,0.0,0,0
offline_frozen,train,D09,105,,,,0.0,0.0,0,0
offline_frozen,train,D10,105,,,,0.0,0.0,0,0
offline_frozen,train,D11,110,,,,5.4548140628137,0.01818181818181818,0,0
offline_frozen,train,D12,110,,,,0.0,0.0,0,0
offline_frozen,train,D13,70,,,,4.285816328960213,0.014285714285714285,0,0
offline_frozen,train,D14,110,,,,2.727283057890371,0.00909090909090909,0,0
offline_frozen,train,D15,110,,,,0.0,0.0,0,0
offline_frozen,train,D16,110,,,,0.0,0.0,0,0
offline_frozen,train,D17,104,,,,0.0,0.0,0,0
offline_frozen,train,D18,70,,,,34.28755111880994,0.11428571428571428,0,0
offline_frozen,train,D19,70,,,,72.85714285714286,0.15714285714285714,0,0
offline_frozen,train,F01,69,0.9565217391304348,0.8260869565217391,0.17391304347826086,,,3,9
offline_frozen,train,F02,70,0.9714285714285714,0.8714285714285714,0.12857142857142856,,,2,7
offline_frozen,train,F03,70,0.9857142857142858,0.8285714285714286,0.17142857142857143,,,1,11
offline_frozen,train,F04,70,0.9571428571428572,0.8,0.2,,,3,11
offline_frozen,train,F05,70,0.9857142857142858,0.9142857142857143,0.08571428571428572,,,1,5
offline_frozen,train,F06,70,0.9857142857142858,0.9428571428571428,0.05714285714285714,,,1,3
offline_frozen,train,F07,70,0.9857142857142858,0.8142857142857143,0.18571428571428572,,,1,12
offline_frozen,train,F08,70,0.9857142857142858,0.8142857142857143,0.18571428571428572,,,1,12
offline_frozen,train,F09,70,0.9857142857142858,0.8857142857142857,0.11428571428571428,,,1,7
offline_frozen,train,F10,69,0.9710144927536232,0.8405797101449275,0.15942028985507245,,,2,9
offline_frozen,train,F11,70,0.9714285714285714,0.7857142857142857,0.21428571428571427,,,2,13
offline_frozen,train,F12,70,1.0,0.8142857142857143,0.18571428571428572,,,0,13
offline_frozen,train,F13,70,0.9857142857142858,0.7714285714285715,0.22857142857142856,,,1,15
offline_frozen,train,F14,70,1.0,0.7714285714285715,0.22857142857142856,,,0,16
offline_frozen,train,F15,70,1.0,0.8285714285714286,0.17142857142857143,,,0,12
offline_frozen,validation,D01,8,,,,0.0,0.0,0,0
offline_frozen,validation,D02,8,,,,0.0,0.0,0,0
offline_frozen,validation,D03,8,,,,0.0,0.0,0,0
offline_frozen,validation,D04,8,,,,63.0,0.25,0,0
offline_frozen,validation,D05,40,,,,0.0,0.0,0,0
offline_frozen,validation,D06,25,,,,57.602764932716774,0.36,0,0
offline_frozen,validation,D07,40,,,,0.0,0.0,0,0
offline_frozen,validation,D08,40,,,,0.0,0.0,0,0
offline_frozen,validation,D09,40,,,,0.0,0.0,0,0
offline_frozen,validation,D10,40,,,,0.0,0.0,0,0
offline_frozen,validation,D11,40,,,,0.0,0.0,0,0
offline_frozen,validation,D12,40,,,,0.0,0.0,0,0
offline_frozen,validation,D13,25,,,,0.0,0.0,0,0
offline_frozen,validation,D14,40,,,,7.5,0.025,0,0
offline_frozen,validation,D15,40,,,,0.0,0.0,0,0
offline_frozen,validation,D16,40,,,,0.0,0.0,0,0
offline_frozen,validation,D17,40,,,,0.0,0.0,0,0
offline_frozen,validation,D18,25,,,,48.002400120005994,0.16,0,0
offline_frozen,validation,D19,25,,,,108.0,0.2,0,0
offline_frozen,validation,F01,25,0.96,0.64,0.36,,,1,8
offline_frozen,validation,F02,25,1.0,0.88,0.12,,,0,3
offline_frozen,validation,F03,25,1.0,0.88,0.12,,,0,3
offline_frozen,validation,F04,25,0.96,0.92,0.08,,,1,1
offline_frozen,validation,F05,25,1.0,0.92,0.08,,,0,2
offline_frozen,validation,F06,25,0.96,0.8,0.2,,,1,4
offline_frozen,validation,F07,25,1.0,0.8,0.2,,,0,5
offline_frozen,validation,F08,25,0.96,0.76,0.24,,,1,5
offline_frozen,validation,F09,25,1.0,0.92,0.08,,,0,2
offline_frozen,validation,F10,25,1.0,0.92,0.08,,,0,2
offline_frozen,validation,F11,25,0.96,0.92,0.08,,,1,1
offline_frozen,validation,F12,25,1.0,1.0,0.0,,,0,0
offline_frozen,validation,F13,25,1.0,0.64,0.36,,,0,9
offline_frozen,validation,F14,25,1.0,0.88,0.12,,,0,3
offline_frozen,validation,F15,25,1.0,0.84,0.16,,,0,4
