feature,training_mean,training_scale,standardized_weight,raw_feature_weight
mag_mean,1.0431127667699263,0.09321341144826216,-0.781241730690607,-8.381215948997136
mag_std,0.18911071401244883,0.2568999622035449,0.8962900676178719,3.4888680400339283
mag_rms,1.083324324407155,0.15631072545044225,-0.26983028095801653,-1.726242906111809
mag_peak,1.4006494933404763,0.5698450569212022,0.7355570292464204,1.2908018071097047
mag_ptp,0.6433872181470011,0.8450530136496589,0.5809647883407992,0.6874891621671145
jerk_abs_mean,2.6850807881509406,4.142247310804053,-0.772111830018343,-0.18639925916650982
jerk_std,3.2992318875712012,4.9841097742192515,-0.7138297940906536,-0.14322112201119674
jerk_rms,3.3036068664186993,4.983620173624743,-0.8192163110862104,-0.16438177119151692
jerk_abs_peak,6.855783607589394,9.971986817653121,-0.504894362729689,-0.05063127057447459
pre_variance,0.09878759576186875,0.20331591367891244,-0.4609341934964318,-2.2670836982508127
post_variance,0.09811232689308542,0.20172012207966247,-0.661465660444704,-3.279125818610603
gyro_mean,29.030897691681712,28.928191369848694,0.42724588256327056,0.014769187506432942
gyro_std,12.998901361846071,14.533734700945619,0.4717401397276905,0.03245828752447211
gyro_rms,32.15223063000978,32.002612687056015,-0.18760431658266297,-0.005862156268839345
gyro_peak,56.480484799941856,57.73622582254703,-0.35771263907699263,-0.006195635997691062
ga_C2,0.2933008414217008,0.34028457676036133,2.0662098841688414,6.072005683713161
ga_C8,0.13717111147993796,0.14931092659832543,0.7022374916155534,4.703188893232876
ga_C13,26.86336615405499,27.287788947041165,0.6672989983261695,0.024454124869597586
ga_parallel_peak,1.3781695710042887,0.5403915110090011,1.4210619508630582,2.6296896267110093
ga_parallel_std,0.20376257695361938,0.2917536858757959,-0.8516132496823297,-2.9189459839245173
ga_parallel_ptp,0.6889365202805241,0.9447491767980254,0.2611979974535104,0.27647337925053417
