scenario,split,model,threshold,tn,fp,fn,tp,n,sensitivity,specificity,balanced_accuracy,precision,f1,roc_auc,pr_auc_trapezoidal,average_precision,delta_sensitivity,delta_specificity,delta_balanced_accuracy,delta_precision,delta_f1,delta_pr_auc_trapezoidal,delta_average_precision
original,train,logistic_regression,0.815113492694416,57997,65,11,1037,59110,0.9895038167938931,0.9988805070441942,0.9941921619190437,0.941016333938294,0.9646511627906976,0.9996195991860242,0.9953571155267638,0.9953582957531206,0.0,0.0,0.0,0.0,0.0,0.0,0.0
original,train,decision_tree,0.7705231308225133,57689,373,13,1035,59110,0.9875954198473282,0.9935758327305294,0.9905856262889288,0.7350852272727273,0.8428338762214984,0.997362034490112,0.9370647388012417,0.88005940678763,0.0,0.0,0.0,0.0,0.0,0.0,0.0
original,train,baseline,2.209465980529785,52486,5576,71,977,59110,0.9322519083969466,0.9039647273604079,0.9181083178786773,0.14909201892263085,0.2570714379686883,0.9710625697300149,0.48707117476836503,0.48725722668364935,0.0,0.0,0.0,0.0,0.0,0.0,0.0
original,train,C2,1.2305261218248633,56859,1203,14,1034,59110,0.9866412213740458,0.9792807688333162,0.982960995103681,0.46222619579794366,0.6295281582952816,0.9980033189054818,0.968453157425379,0.9684635708521109,0.0,0.0,0.0,0.0,0.0,0.0,0.0
original,train,C8,0.44745829567402573,57298,764,23,1025,59110,0.9780534351145038,0.9868416520271434,0.9824475435708235,0.572945779765232,0.7225942897426859,0.9979415758779574,0.9604388932732492,0.9604540453286826,0.0,0.0,0.0,0.0,0.0,0.0,0.0
original,validation,logistic_regression,0.815113492694416,21419,37,2,373,21831,0.9946666666666667,0.9982755406413124,0.9964711036539895,0.9097560975609756,0.9503184713375796,0.9992999005717126,0.9955881053820459,0.9955900661709568,0.0,0.0,0.0,0.0,0.0,0.0,0.0
original,validation,decision_tree,0.7705231308225133,21355,101,1,374,21831,0.9973333333333333,0.9952926920208799,0.9963130126771066,0.7873684210526316,0.88,0.9983175490927169,0.9778817767490194,0.9577981256856292,0.0,0.0,0.0,0.0,0.0,0.0,0.0
original,validation,baseline,2.209465980529785,19421,2035,26,349,21831,0.9306666666666666,0.9051547352721849,0.9179107009694258,0.14639261744966442,0.2529902138455962,0.9716728809346259,0.5828975099649293,0.5832088672761573,0.0,0.0,0.0,0.0,0.0,0.0,0.0
original,validation,C2,1.2305261218248633,21098,358,5,370,21831,0.9866666666666667,0.9833146905294556,0.9849906785980611,0.5082417582417582,0.670897552130553,0.9974432015908525,0.970525807925924,0.9705514657504914,0.0,0.0,0.0,0.0,0.0,0.0,0.0
original,validation,C8,0.44745829567402573,21117,339,5,370,21831,0.9866666666666667,0.9842002237136466,0.9854334451901566,0.5218617771509168,0.6826568265682657,0.9966302510564256,0.9271630182335475,0.9272363124820829,0.0,0.0,0.0,0.0,0.0,0.0,0.0
original,test,logistic_regression,0.815113492694416,21911,12,11,364,22298,0.9706666666666667,0.9994526296583497,0.9850596481625082,0.9680851063829787,0.9693741677762983,0.9900876096641275,0.9844482800446867,0.9844513100868497,0.0,0.0,0.0,0.0,0.0,0.0,0.0
original,test,decision_tree,0.7705231308225133,21897,26,13,362,22298,0.9653333333333334,0.9988140309264243,0.9820736821298788,0.9329896907216495,0.9488859764089121,0.9810676762608523,0.962949763561449,0.9426879121445115,0.0,0.0,0.0,0.0,0.0,0.0,0.0
original,test,baseline,2.209465980529785,19627,2296,36,339,22298,0.904,0.8952698079642385,0.8996349039821192,0.1286527514231499,0.22524916943521595,0.9684332740348798,0.6195674762640219,0.6198226397128328,0.0,0.0,0.0,0.0,0.0,0.0,0.0
original,test,C2,1.2305261218248633,20883,1040,18,357,22298,0.952,0.9525612370569722,0.952280618528486,0.25554760200429494,0.40293453724604966,0.9898082075141783,0.9199586896982574,0.9199925885952916,0.0,0.0,0.0,0.0,0.0,0.0,0.0
original,test,C8,0.44745829567402573,21541,382,16,359,22298,0.9573333333333334,0.9825753774574648,0.9699543553953991,0.4844804318488529,0.6433691756272402,0.996330915780991,0.9552726071187024,0.9552960223146951,0.0,0.0,0.0,0.0,0.0,0.0,0.0
random_00,validation,logistic_regression,0.815113492694416,21419,37,2,373,21831,0.9946666666666667,0.9982755406413124,0.9964711036539895,0.9097560975609756,0.9503184713375796,0.9992999005717126,0.9955881053820459,0.9955900661709568,0.0,0.0,0.0,0.0,0.0,0.0,0.0
random_00,validation,decision_tree,0.7705231308225133,21355,101,1,374,21831,0.9973333333333333,0.9952926920208799,0.9963130126771066,0.7873684210526316,0.88,0.9983175490927169,0.9778817767490194,0.9577981256856292,0.0,0.0,0.0,0.0,0.0,0.0,0.0
random_00,validation,baseline,2.209465980529785,19421,2035,26,349,21831,0.9306666666666666,0.9051547352721849,0.9179107009694258,0.14639261744966442,0.2529902138455962,0.9716728809346259,0.5828975099649293,0.5832088672761573,0.0,0.0,0.0,0.0,0.0,0.0,0.0
random_00,validation,C2,1.2305261218248633,15530,5926,13,362,21831,0.9653333333333334,0.723806860551827,0.8445700969425802,0.05756997455470738,0.10865976286957826,0.9387527964205815,0.43568084899782783,0.43613070947292626,-0.021333333333333315,-0.25950782997762867,-0.14042058165548088,-0.45067178368705085,-0.5622377892609748,-0.5348449589280961,-0.5344207562775651
random_00,validation,C8,0.44745829567402573,18105,3351,7,368,21831,0.9813333333333333,0.8438199105145414,0.9125766219239373,0.09895133100295779,0.1797752808988764,0.9572197365150386,0.20810612231832934,0.20978059437339536,-0.005333333333333412,-0.14038031319910516,-0.07285682326621934,-0.422910446147959,-0.5028815456693893,-0.7190568959152182,-0.7174557181086876
random_00,test,logistic_regression,0.815113492694416,21911,12,11,364,22298,0.9706666666666667,0.9994526296583497,0.9850596481625082,0.9680851063829787,0.9693741677762983,0.9900876096641275,0.9844482800446867,0.9844513100868497,0.0,0.0,0.0,0.0,0.0,0.0,0.0
random_00,test,decision_tree,0.7705231308225133,21897,26,13,362,22298,0.9653333333333334,0.9988140309264243,0.9820736821298788,0.9329896907216495,0.9488859764089121,0.9810676762608523,0.962949763561449,0.9426879121445115,0.0,0.0,0.0,0.0,0.0,0.0,0.0
random_00,test,baseline,2.209465980529785,19627,2296,36,339,22298,0.904,0.8952698079642385,0.8996349039821192,0.1286527514231499,0.22524916943521595,0.9684332740348798,0.6195674762640219,0.6198226397128328,0.0,0.0,0.0,0.0,0.0,0.0,0.0
random_00,test,C2,1.2305261218248633,15761,6162,16,359,22298,0.9573333333333334,0.7189253295625598,0.8381293314479465,0.05505290599601288,0.10411832946635731,0.938061761620216,0.4802139936783999,0.48056123112732585,0.005333333333333412,-0.23363590749441232,-0.11415128708053945,-0.20049469600828207,-0.29881620777969237,-0.43974469601985755,-0.4394313574679658
random_00,test,C8,0.44745829567402573,18584,3339,9,366,22298,0.976,0.8476942024357981,0.911847101217899,0.09878542510121457,0.17941176470588235,0.9459221213641685,0.28294967464466914,0.2834847167952062,0.01866666666666661,-0.13488117502166674,-0.05810725417750007,-0.38569500674763835,-0.4639574109213578,-0.6723229324740333,-0.671811305519489
random_01,validation,logistic_regression,0.815113492694416,21419,37,2,373,21831,0.9946666666666667,0.9982755406413124,0.9964711036539895,0.9097560975609756,0.9503184713375796,0.9992999005717126,0.9955881053820459,0.9955900661709568,0.0,0.0,0.0,0.0,0.0,0.0,0.0
random_01,validation,decision_tree,0.7705231308225133,21355,101,1,374,21831,0.9973333333333333,0.9952926920208799,0.9963130126771066,0.7873684210526316,0.88,0.9983175490927169,0.9778817767490194,0.9577981256856292,0.0,0.0,0.0,0.0,0.0,0.0,0.0
random_01,validation,baseline,2.209465980529785,19421,2035,26,349,21831,0.9306666666666666,0.9051547352721849,0.9179107009694258,0.14639261744966442,0.2529902138455962,0.9716728809346259,0.5828975099649293,0.5832088672761573,0.0,0.0,0.0,0.0,0.0,0.0,0.0
random_01,validation,C2,1.2305261218248633,15542,5914,11,364,21831,0.9706666666666667,0.7243661446681581,0.8475164056674124,0.057980248486779226,0.1094243198557042,0.9475584141188169,0.44681465930912995,0.44726269176788164,-0.016000000000000014,-0.25894854586129756,-0.13747427293064873,-0.450261509754979,-0.5614732322748488,-0.523711148616794,-0.5232887739826098
random_01,validation,C8,0.44745829567402573,18108,3348,7,368,21831,0.9813333333333333,0.8439597315436241,0.9126465324384787,0.09903121636167922,0.17990711317526278,0.9582842406164553,0.20717111659065476,0.2088031552899089,-0.005333333333333412,-0.14024049217002243,-0.07278691275167792,-0.42283056078923753,-0.5027497133930029,-0.7199919016428927,-0.718433157192174
random_01,test,logistic_regression,0.815113492694416,21911,12,11,364,22298,0.9706666666666667,0.9994526296583497,0.9850596481625082,0.9680851063829787,0.9693741677762983,0.9900876096641275,0.9844482800446867,0.9844513100868497,0.0,0.0,0.0,0.0,0.0,0.0,0.0
random_01,test,decision_tree,0.7705231308225133,21897,26,13,362,22298,0.9653333333333334,0.9988140309264243,0.9820736821298788,0.9329896907216495,0.9488859764089121,0.9810676762608523,0.962949763561449,0.9426879121445115,0.0,0.0,0.0,0.0,0.0,0.0,0.0
random_01,test,baseline,2.209465980529785,19627,2296,36,339,22298,0.904,0.8952698079642385,0.8996349039821192,0.1286527514231499,0.22524916943521595,0.9684332740348798,0.6195674762640219,0.6198226397128328,0.0,0.0,0.0,0.0,0.0,0.0,0.0
random_01,test,C2,1.2305261218248633,15834,6089,19,356,22298,0.9493333333333334,0.7222551658075993,0.8357942495704663,0.055236617532971294,0.10439882697947214,0.9274287886390243,0.41964581741001294,0.4200213752766274,-0.002666666666666595,-0.23030607124937286,-0.11648636895801967,-0.20031098447132364,-0.29853571026657755,-0.5003128722882445,-0.49997121331866423
random_01,test,C8,0.44745829567402573,18566,3357,11,364,22298,0.9706666666666667,0.8468731469233225,0.9087699067949946,0.09782316581564096,0.177734375,0.9421223980902856,0.24774766987555535,0.24846139843380727,0.013333333333333308,-0.13570223053414232,-0.061184448600404506,-0.38665726603321193,-0.46563480062724016,-0.7075249372431471,-0.7068346238808878
random_02,validation,logistic_regression,0.815113492694416,21419,37,2,373,21831,0.9946666666666667,0.9982755406413124,0.9964711036539895,0.9097560975609756,0.9503184713375796,0.9992999005717126,0.9955881053820459,0.9955900661709568,0.0,0.0,0.0,0.0,0.0,0.0,0.0
random_02,validation,decision_tree,0.7705231308225133,21355,101,1,374,21831,0.9973333333333333,0.9952926920208799,0.9963130126771066,0.7873684210526316,0.88,0.9983175490927169,0.9778817767490194,0.9577981256856292,0.0,0.0,0.0,0.0,0.0,0.0,0.0
random_02,validation,baseline,2.209465980529785,19421,2035,26,349,21831,0.9306666666666666,0.9051547352721849,0.9179107009694258,0.14639261744966442,0.2529902138455962,0.9716728809346259,0.5828975099649293,0.5832088672761573,0.0,0.0,0.0,0.0,0.0,0.0,0.0
random_02,validation,C2,1.2305261218248633,15577,5879,12,363,21831,0.968,0.7259973900074571,0.8469986950037285,0.058154437680230694,0.10971739458969322,0.9443098434004474,0.42672588414387824,0.4272042444329932,-0.01866666666666672,-0.2573173005219985,-0.13799198359433262,-0.4500873205615275,-0.5611801575408598,-0.5437999237820458,-0.5433472213174982
random_02,validation,C8,0.44745829567402573,18082,3374,9,366,21831,0.976,0.8427479492915735,0.9093739746457867,0.09786096256684491,0.17788578371810448,0.9585448670146657,0.20391376553154533,0.2050974532278277,-0.010666666666666713,-0.1414522744220731,-0.0760594705443699,-0.42400081458407185,-0.5047710428501612,-0.7232492527020022,-0.7221388592542552
random_02,test,logistic_regression,0.815113492694416,21911,12,11,364,22298,0.9706666666666667,0.9994526296583497,0.9850596481625082,0.9680851063829787,0.9693741677762983,0.9900876096641275,0.9844482800446867,0.9844513100868497,0.0,0.0,0.0,0.0,0.0,0.0,0.0
random_02,test,decision_tree,0.7705231308225133,21897,26,13,362,22298,0.9653333333333334,0.9988140309264243,0.9820736821298788,0.9329896907216495,0.9488859764089121,0.9810676762608523,0.962949763561449,0.9426879121445115,0.0,0.0,0.0,0.0,0.0,0.0,0.0
random_02,test,baseline,2.209465980529785,19627,2296,36,339,22298,0.904,0.8952698079642385,0.8996349039821192,0.1286527514231499,0.22524916943521595,0.9684332740348798,0.6195674762640219,0.6198226397128328,0.0,0.0,0.0,0.0,0.0,0.0,0.0
random_02,test,C2,1.2305261218248633,15786,6137,20,355,22298,0.9466666666666667,0.720065684440998,0.8333661755538324,0.05468268638324091,0.10339303917285568,0.9318784229652267,0.46218978528879195,0.46254023412381545,-0.005333333333333301,-0.2324955526159741,-0.11891444297465359,-0.20086491562105402,-0.29954149807319397,-0.4577689044094655,-0.4574523544714762
random_02,test,C8,0.44745829567402573,18558,3365,4,371,22298,0.9893333333333333,0.8465082333622224,0.9179207833477778,0.09930406852248394,0.18049136463147653,0.9444774285757727,0.25954220613562917,0.2601557032111651,0.03199999999999992,-0.13606714409524245,-0.05203357204762127,-0.38517636332636895,-0.46287781099576364,-0.6957304009830733,-0.69514031910353
random_03,validation,logistic_regression,0.815113492694416,21419,37,2,373,21831,0.9946666666666667,0.9982755406413124,0.9964711036539895,0.9097560975609756,0.9503184713375796,0.9992999005717126,0.9955881053820459,0.9955900661709568,0.0,0.0,0.0,0.0,0.0,0.0,0.0
random_03,validation,decision_tree,0.7705231308225133,21355,101,1,374,21831,0.9973333333333333,0.9952926920208799,0.9963130126771066,0.7873684210526316,0.88,0.9983175490927169,0.9778817767490194,0.9577981256856292,0.0,0.0,0.0,0.0,0.0,0.0,0.0
random_03,validation,baseline,2.209465980529785,19421,2035,26,349,21831,0.9306666666666666,0.9051547352721849,0.9179107009694258,0.14639261744966442,0.2529902138455962,0.9716728809346259,0.5828975099649293,0.5832088672761573,0.0,0.0,0.0,0.0,0.0,0.0,0.0
random_03,validation,C2,1.2305261218248633,15607,5849,17,358,21831,0.9546666666666667,0.7273956002982849,0.8410311334824758,0.05767681649750282,0.10878152537222728,0.9405119313944816,0.40994906093006445,0.4104494887170314,-0.03200000000000003,-0.25591909023117076,-0.14395954511558529,-0.4505649417442554,-0.5621160267583257,-0.5605767469958596,-0.5601019770334601
random_03,validation,C8,0.44745829567402573,18097,3359,5,370,21831,0.9866666666666667,0.8434470544369873,0.915056860551827,0.09922231161169215,0.18031189083820662,0.9561456624409645,0.2040042784245075,0.2059793047036338,0.0,-0.14075316927665926,-0.07037658463832963,-0.4226394655392246,-0.502344935730059,-0.72315873980904,-0.7212570077784491
random_03,test,logistic_regression,0.815113492694416,21911,12,11,364,22298,0.9706666666666667,0.9994526296583497,0.9850596481625082,0.9680851063829787,0.9693741677762983,0.9900876096641275,0.9844482800446867,0.9844513100868497,0.0,0.0,0.0,0.0,0.0,0.0,0.0
random_03,test,decision_tree,0.7705231308225133,21897,26,13,362,22298,0.9653333333333334,0.9988140309264243,0.9820736821298788,0.9329896907216495,0.9488859764089121,0.9810676762608523,0.962949763561449,0.9426879121445115,0.0,0.0,0.0,0.0,0.0,0.0,0.0
random_03,test,baseline,2.209465980529785,19627,2296,36,339,22298,0.904,0.8952698079642385,0.8996349039821192,0.1286527514231499,0.22524916943521595,0.9684332740348798,0.6195674762640219,0.6198226397128328,0.0,0.0,0.0,0.0,0.0,0.0,0.0
random_03,test,C2,1.2305261218248633,15752,6171,19,356,22298,0.9493333333333334,0.7185148018063221,0.8339240675698277,0.05454266891374292,0.10315850478122283,0.9266933661755539,0.4555889970821342,0.45589915497803757,-0.002666666666666595,-0.23404643525065005,-0.11835655095865827,-0.201004933090552,-0.2997760324648268,-0.46436969261612326,-0.4640934336172541
random_03,test,C8,0.44745829567402573,18533,3390,7,368,22298,0.9813333333333333,0.8453678784837841,0.9133506059085588,0.09792442788717402,0.17807887732881683,0.9434223418327785,0.2776816825856137,0.2782471224719988,0.02399999999999991,-0.13720749897368067,-0.05660374948684033,-0.3865560039616789,-0.46529029829842333,-0.6775909245330887,-0.6770488998426963
random_04,validation,logistic_regression,0.815113492694416,21419,37,2,373,21831,0.9946666666666667,0.9982755406413124,0.9964711036539895,0.9097560975609756,0.9503184713375796,0.9992999005717126,0.9955881053820459,0.9955900661709568,0.0,0.0,0.0,0.0,0.0,0.0,0.0
random_04,validation,decision_tree,0.7705231308225133,21355,101,1,374,21831,0.9973333333333333,0.9952926920208799,0.9963130126771066,0.7873684210526316,0.88,0.9983175490927169,0.9778817767490194,0.9577981256856292,0.0,0.0,0.0,0.0,0.0,0.0,0.0
random_04,validation,baseline,2.209465980529785,19421,2035,26,349,21831,0.9306666666666666,0.9051547352721849,0.9179107009694258,0.14639261744966442,0.2529902138455962,0.9716728809346259,0.5828975099649293,0.5832088672761573,0.0,0.0,0.0,0.0,0.0,0.0,0.0
random_04,validation,C2,1.2305261218248633,15634,5822,15,360,21831,0.96,0.7286539895600298,0.8443269947800149,0.058233581365253966,0.10980631386304712,0.9388670146656722,0.44117552872362886,0.44161527056839905,-0.026666666666666727,-0.25466070096942584,-0.14066368381804617,-0.45000817687650424,-0.561091238267506,-0.5293502792022952,-0.5289361951820923
random_04,validation,C8,0.44745829567402573,18095,3361,7,368,21831,0.9813333333333333,0.8433538404175988,0.912343586875466,0.09868597479216948,0.1793372319688109,0.9574712900820282,0.21054289339345772,0.21239547825894753,-0.005333333333333412,-0.14084638329604782,-0.07308985831469061,-0.4231758023587473,-0.5033195945994547,-0.7166201248400899,-0.7148408342231354
random_04,test,logistic_regression,0.815113492694416,21911,12,11,364,22298,0.9706666666666667,0.9994526296583497,0.9850596481625082,0.9680851063829787,0.9693741677762983,0.9900876096641275,0.9844482800446867,0.9844513100868497,0.0,0.0,0.0,0.0,0.0,0.0,0.0
random_04,test,decision_tree,0.7705231308225133,21897,26,13,362,22298,0.9653333333333334,0.9988140309264243,0.9820736821298788,0.9329896907216495,0.9488859764089121,0.9810676762608523,0.962949763561449,0.9426879121445115,0.0,0.0,0.0,0.0,0.0,0.0,0.0
random_04,test,baseline,2.209465980529785,19627,2296,36,339,22298,0.904,0.8952698079642385,0.8996349039821192,0.1286527514231499,0.22524916943521595,0.9684332740348798,0.6195674762640219,0.6198226397128328,0.0,0.0,0.0,0.0,0.0,0.0,0.0
random_04,test,C2,1.2305261218248633,15848,6075,20,355,22298,0.9466666666666667,0.7228937645395247,0.8347802156030957,0.0552099533437014,0.10433504775900074,0.9327845033374385,0.4588319387720074,0.45921416073773574,-0.005333333333333301,-0.22966747251744746,-0.11750040292539032,-0.20033764866059353,-0.29859948948704895,-0.46112675092625005,-0.4607784278575559
random_04,test,C8,0.44745829567402573,18601,3322,9,366,22298,0.976,0.8484696437531359,0.9122348218765679,0.0992407809110629,0.18016244154565592,0.9453046876187869,0.27288311519702346,0.2735231477919163,0.01866666666666661,-0.13410573370432888,-0.05771953351883119,-0.38523965093779,-0.46320673408158425,-0.682389491921679,-0.6817728745227789
random_05,validation,logistic_regression,0.815113492694416,21419,37,2,373,21831,0.9946666666666667,0.9982755406413124,0.9964711036539895,0.9097560975609756,0.9503184713375796,0.9992999005717126,0.9955881053820459,0.9955900661709568,0.0,0.0,0.0,0.0,0.0,0.0,0.0
random_05,validation,decision_tree,0.7705231308225133,21355,101,1,374,21831,0.9973333333333333,0.9952926920208799,0.9963130126771066,0.7873684210526316,0.88,0.9983175490927169,0.9778817767490194,0.9577981256856292,0.0,0.0,0.0,0.0,0.0,0.0,0.0
random_05,validation,baseline,2.209465980529785,19421,2035,26,349,21831,0.9306666666666666,0.9051547352721849,0.9179107009694258,0.14639261744966442,0.2529902138455962,0.9716728809346259,0.5828975099649293,0.5832088672761573,0.0,0.0,0.0,0.0,0.0,0.0,0.0
random_05,validation,C2,1.2305261218248633,15585,5871,16,359,21831,0.9573333333333334,0.7263702460850112,0.8418517897091723,0.05762439807383628,0.10870552611657835,0.945303504847129,0.4429728591620259,0.44341803889012865,-0.029333333333333322,-0.2569444444444444,-0.14313888888888882,-0.4506173601679219,-0.5621920260139747,-0.5275529487638981,-0.5271334268603628
random_05,validation,C8,0.44745829567402573,18074,3382,7,368,21831,0.9813333333333333,0.8423750932140194,0.9118542132736763,0.09813333333333334,0.17842424242424243,0.9570769326373353,0.2063438272716332,0.20802200983476196,-0.005333333333333412,-0.1418251304996272,-0.0735792319164803,-0.4237284438175834,-0.5042325841440232,-0.7208191909619144,-0.719214302647321
random_05,test,logistic_regression,0.815113492694416,21911,12,11,364,22298,0.9706666666666667,0.9994526296583497,0.9850596481625082,0.9680851063829787,0.9693741677762983,0.9900876096641275,0.9844482800446867,0.9844513100868497,0.0,0.0,0.0,0.0,0.0,0.0,0.0
random_05,test,decision_tree,0.7705231308225133,21897,26,13,362,22298,0.9653333333333334,0.9988140309264243,0.9820736821298788,0.9329896907216495,0.9488859764089121,0.9810676762608523,0.962949763561449,0.9426879121445115,0.0,0.0,0.0,0.0,0.0,0.0,0.0
random_05,test,baseline,2.209465980529785,19627,2296,36,339,22298,0.904,0.8952698079642385,0.8996349039821192,0.1286527514231499,0.22524916943521595,0.9684332740348798,0.6195674762640219,0.6198226397128328,0.0,0.0,0.0,0.0,0.0,0.0,0.0
random_05,test,C2,1.2305261218248633,15757,6166,22,353,22298,0.9413333333333334,0.7187428727820098,0.8300381030576716,0.054149409418622486,0.10240789091964027,0.9185577399686782,0.3803353862341477,0.3807363407588154,-0.010666666666666602,-0.2338183642749624,-0.12224251547081444,-0.20139819258567246,-0.3005266463264094,-0.5396233034641098,-0.5392562478364762
random_05,test,C8,0.44745829567402573,18585,3338,14,361,22298,0.9626666666666667,0.8477398166309356,0.9052032416488012,0.09759394430927278,0.17722140402552775,0.9387522997156715,0.23743953886354527,0.23808735606842965,0.005333333333333301,-0.13483556082652925,-0.06475111374659792,-0.38688648753958016,-0.4661477716017124,-0.7178330682551571,-0.7172086662462654
random_06,validation,logistic_regression,0.815113492694416,21419,37,2,373,21831,0.9946666666666667,0.9982755406413124,0.9964711036539895,0.9097560975609756,0.9503184713375796,0.9992999005717126,0.9955881053820459,0.9955900661709568,0.0,0.0,0.0,0.0,0.0,0.0,0.0
random_06,validation,decision_tree,0.7705231308225133,21355,101,1,374,21831,0.9973333333333333,0.9952926920208799,0.9963130126771066,0.7873684210526316,0.88,0.9983175490927169,0.9778817767490194,0.9577981256856292,0.0,0.0,0.0,0.0,0.0,0.0,0.0
random_06,validation,baseline,2.209465980529785,19421,2035,26,349,21831,0.9306666666666666,0.9051547352721849,0.9179107009694258,0.14639261744966442,0.2529902138455962,0.9716728809346259,0.5828975099649293,0.5832088672761573,0.0,0.0,0.0,0.0,0.0,0.0,0.0
random_06,validation,C2,1.2305261218248633,15605,5851,15,360,21831,0.96,0.7273023862788963,0.8436511931394481,0.05796168088874577,0.10932280595201943,0.9395608998260004,0.43037093798864046,0.4308258408714064,-0.026666666666666727,-0.2560123042505593,-0.14133948545861297,-0.45028007735301245,-0.5615747461785336,-0.5401548699372836,-0.539725624879085
random_06,validation,C8,0.44745829567402573,18123,3333,8,367,21831,0.9786666666666667,0.8446588366890381,0.9116627516778524,0.09918918918918919,0.18012269938650308,0.9570712155108126,0.20792963524870195,0.20957304260995482,-0.008000000000000007,-0.1395413870246085,-0.07377069351230425,-0.4226725879617276,-0.5025341271817626,-0.7192333829848456,-0.7176632698721281
random_06,test,logistic_regression,0.815113492694416,21911,12,11,364,22298,0.9706666666666667,0.9994526296583497,0.9850596481625082,0.9680851063829787,0.9693741677762983,0.9900876096641275,0.9844482800446867,0.9844513100868497,0.0,0.0,0.0,0.0,0.0,0.0,0.0
random_06,test,decision_tree,0.7705231308225133,21897,26,13,362,22298,0.9653333333333334,0.9988140309264243,0.9820736821298788,0.9329896907216495,0.9488859764089121,0.9810676762608523,0.962949763561449,0.9426879121445115,0.0,0.0,0.0,0.0,0.0,0.0,0.0
random_06,test,baseline,2.209465980529785,19627,2296,36,339,22298,0.904,0.8952698079642385,0.8996349039821192,0.1286527514231499,0.22524916943521595,0.9684332740348798,0.6195674762640219,0.6198226397128328,0.0,0.0,0.0,0.0,0.0,0.0,0.0
random_06,test,C2,1.2305261218248633,15816,6107,25,350,22298,0.9333333333333333,0.7214341102951238,0.8273837218142286,0.05420473904289918,0.10245901639344263,0.9243929510863781,0.47464187674538644,0.47496744283851733,-0.01866666666666661,-0.23112712676184832,-0.12489689671425741,-0.20134286296139575,-0.30047552085260704,-0.445316812952871,-0.4450251457567743
random_06,test,C8,0.44745829567402573,18552,3371,13,362,22298,0.9653333333333334,0.8462345481913972,0.9057839407623653,0.09697294401285829,0.1762414800389484,0.9432999741519561,0.26887847852793284,0.26956061595357866,0.008000000000000007,-0.1363408292660676,-0.06417041463303375,-0.38750748783599465,-0.46712769558829176,-0.6863941285907695,-0.6857354063611165
random_07,validation,logistic_regression,0.815113492694416,21419,37,2,373,21831,0.9946666666666667,0.9982755406413124,0.9964711036539895,0.9097560975609756,0.9503184713375796,0.9992999005717126,0.9955881053820459,0.9955900661709568,0.0,0.0,0.0,0.0,0.0,0.0,0.0
random_07,validation,decision_tree,0.7705231308225133,21355,101,1,374,21831,0.9973333333333333,0.9952926920208799,0.9963130126771066,0.7873684210526316,0.88,0.9983175490927169,0.9778817767490194,0.9577981256856292,0.0,0.0,0.0,0.0,0.0,0.0,0.0
random_07,validation,baseline,2.209465980529785,19421,2035,26,349,21831,0.9306666666666666,0.9051547352721849,0.9179107009694258,0.14639261744966442,0.2529902138455962,0.9716728809346259,0.5828975099649293,0.5832088672761573,0.0,0.0,0.0,0.0,0.0,0.0,0.0
random_07,validation,C2,1.2305261218248633,15572,5884,14,361,21831,0.9626666666666667,0.7257643549589858,0.8442155108128262,0.0578062449959968,0.10906344410876133,0.9423470047228437,0.4178986389153903,0.41837486299131155,-0.02400000000000002,-0.2575503355704698,-0.1407751677852349,-0.4504355132457614,-0.5618341080217917,-0.5526271690105338,-0.5521766027591799
random_07,validation,C8,0.44745829567402573,18098,3358,4,371,21831,0.9893333333333333,0.8434936614466816,0.9164134973900074,0.09949048002145347,0.1807992202729045,0.9568599304001989,0.19663922409293497,0.19789976930249573,0.002666666666666595,-0.14070656226696499,-0.0690199478001492,-0.4223712971294633,-0.5018576062953611,-0.7305237941406125,-0.7293365431795872
random_07,test,logistic_regression,0.815113492694416,21911,12,11,364,22298,0.9706666666666667,0.9994526296583497,0.9850596481625082,0.9680851063829787,0.9693741677762983,0.9900876096641275,0.9844482800446867,0.9844513100868497,0.0,0.0,0.0,0.0,0.0,0.0,0.0
random_07,test,decision_tree,0.7705231308225133,21897,26,13,362,22298,0.9653333333333334,0.9988140309264243,0.9820736821298788,0.9329896907216495,0.9488859764089121,0.9810676762608523,0.962949763561449,0.9426879121445115,0.0,0.0,0.0,0.0,0.0,0.0,0.0
random_07,test,baseline,2.209465980529785,19627,2296,36,339,22298,0.904,0.8952698079642385,0.8996349039821192,0.1286527514231499,0.22524916943521595,0.9684332740348798,0.6195674762640219,0.6198226397128328,0.0,0.0,0.0,0.0,0.0,0.0,0.0
random_07,test,C2,1.2305261218248633,15754,6169,20,355,22298,0.9466666666666667,0.7186060301965972,0.8326363484316319,0.05441446965052115,0.10291346571966951,0.931054204868555,0.4738747293935366,0.47417454989539437,-0.005333333333333301,-0.23395520686037496,-0.11964427009685408,-0.20113313235377378,-0.30002107152638013,-0.44608396030472086,-0.4458180386998973
random_07,test,C8,0.44745829567402573,18577,3346,13,362,22298,0.9653333333333334,0.8473749030698353,0.9063541182015844,0.09762675296655879,0.17732059759980406,0.946140096397999,0.3066737370190532,0.307228270499718,0.008000000000000007,-0.1352004743876295,-0.06360023719381469,-0.38685367888229416,-0.4660485780274361,-0.6485988700996492,-0.6480677518149771
random_08,validation,logistic_regression,0.815113492694416,21419,37,2,373,21831,0.9946666666666667,0.9982755406413124,0.9964711036539895,0.9097560975609756,0.9503184713375796,0.9992999005717126,0.9955881053820459,0.9955900661709568,0.0,0.0,0.0,0.0,0.0,0.0,0.0
random_08,validation,decision_tree,0.7705231308225133,21355,101,1,374,21831,0.9973333333333333,0.9952926920208799,0.9963130126771066,0.7873684210526316,0.88,0.9983175490927169,0.9778817767490194,0.9577981256856292,0.0,0.0,0.0,0.0,0.0,0.0,0.0
random_08,validation,baseline,2.209465980529785,19421,2035,26,349,21831,0.9306666666666666,0.9051547352721849,0.9179107009694258,0.14639261744966442,0.2529902138455962,0.9716728809346259,0.5828975099649293,0.5832088672761573,0.0,0.0,0.0,0.0,0.0,0.0,0.0
random_08,validation,C2,1.2305261218248633,15559,5897,16,359,21831,0.9573333333333334,0.7251584638329605,0.8412458985831469,0.057384910485933506,0.10827929422409893,0.9367087994034304,0.3845593488825128,0.38506658418531586,-0.029333333333333322,-0.2581562266964952,-0.1437447800149142,-0.4508568477558247,-0.562618257906454,-0.5859664590434113,-0.5854848815651756
random_08,validation,C8,0.44745829567402573,18115,3341,8,367,21831,0.9786666666666667,0.844285980611484,0.9114763236390753,0.09897518878101402,0.17976977712466324,0.9550691026597067,0.19504390217855685,0.1965786919754423,-0.008000000000000007,-0.1399142431021626,-0.07395712155108136,-0.4228865883699027,-0.5028870494436024,-0.7321191160549907,-0.7306576205066406
random_08,test,logistic_regression,0.815113492694416,21911,12,11,364,22298,0.9706666666666667,0.9994526296583497,0.9850596481625082,0.9680851063829787,0.9693741677762983,0.9900876096641275,0.9844482800446867,0.9844513100868497,0.0,0.0,0.0,0.0,0.0,0.0,0.0
random_08,test,decision_tree,0.7705231308225133,21897,26,13,362,22298,0.9653333333333334,0.9988140309264243,0.9820736821298788,0.9329896907216495,0.9488859764089121,0.9810676762608523,0.962949763561449,0.9426879121445115,0.0,0.0,0.0,0.0,0.0,0.0,0.0
random_08,test,baseline,2.209465980529785,19627,2296,36,339,22298,0.904,0.8952698079642385,0.8996349039821192,0.1286527514231499,0.22524916943521595,0.9684332740348798,0.6195674762640219,0.6198226397128328,0.0,0.0,0.0,0.0,0.0,0.0,0.0
random_08,test,C2,1.2305261218248633,15789,6134,13,362,22298,0.9653333333333334,0.7202025270264106,0.8427679301798721,0.055726600985221676,0.1053703973220783,0.9348842159680092,0.4230535901315386,0.4234624560630662,0.01333333333333342,-0.23235871003056152,-0.10951268834861394,-0.19982100101907327,-0.29756413992397135,-0.49690509956671886,-0.49653013253222544
random_08,test,C8,0.44745829567402573,18552,3371,17,358,22298,0.9546666666666667,0.8462345481913972,0.9004506074290319,0.09600429069455618,0.17446393762183235,0.941813681217595,0.24769660982529376,0.2484412173621835,-0.002666666666666706,-0.1363408292660676,-0.06950374796636716,-0.38847614115429674,-0.46890523800540784,-0.7075759972934087,-0.7068548049525116
random_09,validation,logistic_regression,0.815113492694416,21419,37,2,373,21831,0.9946666666666667,0.9982755406413124,0.9964711036539895,0.9097560975609756,0.9503184713375796,0.9992999005717126,0.9955881053820459,0.9955900661709568,0.0,0.0,0.0,0.0,0.0,0.0,0.0
random_09,validation,decision_tree,0.7705231308225133,21355,101,1,374,21831,0.9973333333333333,0.9952926920208799,0.9963130126771066,0.7873684210526316,0.88,0.9983175490927169,0.9778817767490194,0.9577981256856292,0.0,0.0,0.0,0.0,0.0,0.0,0.0
random_09,validation,baseline,2.209465980529785,19421,2035,26,349,21831,0.9306666666666666,0.9051547352721849,0.9179107009694258,0.14639261744966442,0.2529902138455962,0.9716728809346259,0.5828975099649293,0.5832088672761573,0.0,0.0,0.0,0.0,0.0,0.0,0.0
random_09,validation,C2,1.2305261218248633,15561,5895,12,363,21831,0.968,0.725251677852349,0.8466258389261745,0.05800575263662512,0.10945273631840796,0.9448748446433011,0.41189389278351396,0.4123828735248869,-0.01866666666666672,-0.25806301267710663,-0.13836483967188662,-0.4502360056051331,-0.561444815812145,-0.5586319151424101,-0.5581685922256046
random_09,validation,C8,0.44745829567402573,18100,3356,5,370,21831,0.9866666666666667,0.8435868754660701,0.9151267710663684,0.09930220075147611,0.18044379419653744,0.9572588864031817,0.20139092897253974,0.20288553533420084,0.0,-0.14061334824757643,-0.07030667412378822,-0.42255957639944064,-0.5022130323717282,-0.7257720892610078,-0.7243507771478821
random_09,test,logistic_regression,0.815113492694416,21911,12,11,364,22298,0.9706666666666667,0.9994526296583497,0.9850596481625082,0.9680851063829787,0.9693741677762983,0.9900876096641275,0.9844482800446867,0.9844513100868497,0.0,0.0,0.0,0.0,0.0,0.0,0.0
random_09,test,decision_tree,0.7705231308225133,21897,26,13,362,22298,0.9653333333333334,0.9988140309264243,0.9820736821298788,0.9329896907216495,0.9488859764089121,0.9810676762608523,0.962949763561449,0.9426879121445115,0.0,0.0,0.0,0.0,0.0,0.0,0.0
random_09,test,baseline,2.209465980529785,19627,2296,36,339,22298,0.904,0.8952698079642385,0.8996349039821192,0.1286527514231499,0.22524916943521595,0.9684332740348798,0.6195674762640219,0.6198226397128328,0.0,0.0,0.0,0.0,0.0,0.0,0.0
random_09,test,C2,1.2305261218248633,15731,6192,19,356,22298,0.9493333333333334,0.7175569037084341,0.8334451185208838,0.05436774587660354,0.10284558717319081,0.925572716629415,0.4541617523628662,0.4545015040070623,-0.002666666666666595,-0.2350043333485381,-0.11883550000760223,-0.2011798561276914,-0.30008895007285885,-0.46579693733539124,-0.46549108458822935
random_09,test,C8,0.44745829567402573,18526,3397,14,361,22298,0.9626666666666667,0.8450485791178215,0.9038576228922441,0.09606173496540713,0.17469150737962738,0.9434709969742585,0.26861580583299743,0.26923342613180534,0.005333333333333301,-0.13752679833964332,-0.06609673250315495,-0.38841869688344577,-0.4686776682476128,-0.686656801285705,-0.6860625961828898
