scenario,model,split,max_feature_absolute_error,max_score_absolute_error,changed_predictions,score_canonicalization
random_00,logistic_regression,validation,4.547473508864641e-13,2.6645352591003757e-15,0,False
random_00,logistic_regression,test,4.547473508864641e-13,2.4424906541753444e-15,0,False
random_00,decision_tree,validation,4.547473508864641e-13,0.0,0,False
random_00,decision_tree,test,4.547473508864641e-13,0.0,0,False
random_01,logistic_regression,validation,3.410605131648481e-13,2.3314683517128287e-15,0,False
random_01,logistic_regression,test,3.410605131648481e-13,2.4424906541753444e-15,0,False
random_01,decision_tree,validation,3.410605131648481e-13,0.0,0,False
random_01,decision_tree,test,3.410605131648481e-13,0.0,0,False
random_02,logistic_regression,validation,4.547473508864641e-13,3.1086244689504383e-15,0,False
random_02,logistic_regression,test,4.547473508864641e-13,2.55351295663786e-15,0,False
random_02,decision_tree,validation,4.547473508864641e-13,0.0,0,False
random_02,decision_tree,test,4.547473508864641e-13,0.0,0,False
random_03,logistic_regression,validation,3.410605131648481e-13,3.497202527569243e-15,0,False
random_03,logistic_regression,test,3.410605131648481e-13,2.3314683517128287e-15,0,False
random_03,decision_tree,validation,3.410605131648481e-13,0.0,0,False
random_03,decision_tree,test,3.410605131648481e-13,0.0,0,False
random_04,logistic_regression,validation,4.547473508864641e-13,2.6645352591003757e-15,0,False
random_04,logistic_regression,test,4.547473508864641e-13,3.1086244689504383e-15,0,False
random_04,decision_tree,validation,4.547473508864641e-13,0.0,0,False
random_04,decision_tree,test,4.547473508864641e-13,0.0,0,False
random_05,logistic_regression,validation,2.8421709430404007e-13,2.55351295663786e-15,0,False
random_05,logistic_regression,test,2.8421709430404007e-13,3.0531133177191805e-15,0,False
random_05,decision_tree,validation,2.8421709430404007e-13,0.0,0,False
random_05,decision_tree,test,2.8421709430404007e-13,0.0,0,False
random_06,logistic_regression,validation,4.547473508864641e-13,3.552713678800501e-15,0,False
random_06,logistic_regression,test,4.547473508864641e-13,2.6645352591003757e-15,0,False
random_06,decision_tree,validation,4.547473508864641e-13,0.0,0,False
random_06,decision_tree,test,4.547473508864641e-13,0.0,0,False
random_07,logistic_regression,validation,3.410605131648481e-13,3.6637359812630166e-15,0,False
random_07,logistic_regression,test,3.410605131648481e-13,2.4424906541753444e-15,0,False
random_07,decision_tree,validation,3.410605131648481e-13,0.0,0,False
random_07,decision_tree,test,3.410605131648481e-13,0.0,0,False
random_08,logistic_regression,validation,4.547473508864641e-13,2.3314683517128287e-15,0,False
random_08,logistic_regression,test,4.547473508864641e-13,2.6645352591003757e-15,0,False
random_08,decision_tree,validation,4.547473508864641e-13,0.0,0,False
random_08,decision_tree,test,4.547473508864641e-13,0.0,0,False
random_09,logistic_regression,validation,4.547473508864641e-13,2.55351295663786e-15,0,False
random_09,logistic_regression,test,4.547473508864641e-13,2.831068712794149e-15,0,False
random_09,decision_tree,validation,4.547473508864641e-13,0.0,0,False
random_09,decision_tree,test,4.547473508864641e-13,0.0,0,False
