split,model,sensitivity_original,sensitivity_mean,sensitivity_min,sensitivity_max,sensitivity_std,specificity_original,specificity_mean,specificity_min,specificity_max,specificity_std,balanced_accuracy_original,balanced_accuracy_mean,balanced_accuracy_min,balanced_accuracy_max,balanced_accuracy_std,precision_original,precision_mean,precision_min,precision_max,precision_std,f1_original,f1_mean,f1_min,f1_max,f1_std,pr_auc_trapezoidal_original,pr_auc_trapezoidal_mean,pr_auc_trapezoidal_min,pr_auc_trapezoidal_max,pr_auc_trapezoidal_std,average_precision_original,average_precision_mean,average_precision_min,average_precision_max,average_precision_std
validation,baseline,0.9306666666666666,0.9306666666666666,0.9306666666666666,0.9306666666666666,0.0,0.9051547352721849,0.9051547352721847,0.9051547352721849,0.9051547352721849,2.340555645717801e-16,0.9179107009694258,0.9179107009694258,0.9179107009694258,0.9179107009694258,0.0,0.14639261744966442,0.14639261744966442,0.14639261744966442,0.14639261744966442,0.0,0.2529902138455962,0.2529902138455963,0.2529902138455962,0.2529902138455962,5.851389114294502e-17,0.5828975099649293,0.5828975099649292,0.5828975099649293,0.5828975099649293,1.1702778228589004e-16,0.5832088672761573,0.5832088672761573,0.5832088672761573,0.5832088672761573,0.0
validation,C2,0.9866666666666667,0.9623999999999999,0.9546666666666667,0.9706666666666667,0.0053995884616844176,0.9833146905294556,0.7260067114093959,0.723806860551827,0.7286539895600298,0.0014767551128184906,0.9849906785980611,0.8442033557046982,0.8410311334824758,0.8475164056674124,0.0023440912215941523,0.5082417582417582,0.05783980456656116,0.057384910485933506,0.058233581365253966,0.0002728449764215965,0.670897552130553,0.10912131232701161,0.10827929422409893,0.10980631386304712,0.000503377563077889,0.970525807925924,0.4248041659836613,0.3845593488825128,0.44681465930912995,0.01912023314214086,0.9705514657504914,0.4252730605422281,0.38506658418531586,0.44726269176788164,0.019097249376171258
validation,C8,0.9866666666666667,0.9821333333333333,0.976,0.9893333333333333,0.004178723297259791,0.9842002237136466,0.8435728933631618,0.8423750932140194,0.8446588366890381,0.0006736285099122837,0.9854334451901566,0.9128531133482476,0.9093739746457867,0.9164134973900074,0.002094856515036142,0.5218617771509168,0.09888421884118097,0.09786096256684491,0.09949048002145347,0.0005200583434953295,0.6826568265682657,0.17967770340041117,0.17788578371810448,0.1807992202729045,0.0009075975296931398,0.9271630182335475,0.2041085694022861,0.19504390217855685,0.21054289339345772,0.0050744542963840145,0.9272363124820829,0.2057015034910569,0.1965786919754423,0.21239547825894753,0.005205836068343826
validation,logistic_regression,0.9946666666666667,0.9946666666666667,0.9946666666666667,0.9946666666666667,0.0,0.9982755406413124,0.9982755406413124,0.9982755406413124,0.9982755406413124,0.0,0.9964711036539895,0.9964711036539896,0.9964711036539895,0.9964711036539895,1.1702778228589004e-16,0.9097560975609756,0.9097560975609756,0.9097560975609756,0.9097560975609756,0.0,0.9503184713375796,0.9503184713375796,0.9503184713375796,0.9503184713375796,0.0,0.9955881053820459,0.9955881053820459,0.9955881053820459,0.9955881053820459,0.0,0.9955900661709568,0.9955900661709569,0.9955900661709568,0.9955900661709568,1.1702778228589004e-16
validation,decision_tree,0.9973333333333333,0.9973333333333333,0.9973333333333333,0.9973333333333333,0.0,0.9952926920208799,0.99529269202088,0.9952926920208799,0.9952926920208799,1.1702778228589004e-16,0.9963130126771066,0.9963130126771066,0.9963130126771066,0.9963130126771066,0.0,0.7873684210526316,0.7873684210526316,0.7873684210526316,0.7873684210526316,0.0,0.88,0.8800000000000001,0.88,0.88,1.1702778228589004e-16,0.9778817767490194,0.9778817767490194,0.9778817767490194,0.9778817767490194,0.0,0.9577981256856292,0.9577981256856292,0.9577981256856292,0.9577981256856292,0.0
test,baseline,0.904,0.9040000000000001,0.904,0.904,1.1702778228589004e-16,0.8952698079642385,0.8952698079642385,0.8952698079642385,0.8952698079642385,0.0,0.8996349039821192,0.899634903982119,0.8996349039821192,0.8996349039821192,2.340555645717801e-16,0.1286527514231499,0.1286527514231499,0.1286527514231499,0.1286527514231499,0.0,0.22524916943521595,0.22524916943521595,0.22524916943521595,0.22524916943521595,0.0,0.6195674762640219,0.6195674762640219,0.6195674762640219,0.6195674762640219,0.0,0.6198226397128328,0.6198226397128328,0.6198226397128328,0.6198226397128328,0.0
test,C2,0.952,0.9485333333333333,0.9333333333333333,0.9653333333333334,0.008530555103296065,0.9525612370569722,0.719919719016558,0.7175569037084341,0.7228937645395247,0.0017748292567716475,0.952280618528486,0.8342265261749457,0.8273837218142286,0.8427679301798721,0.004206999555061984,0.25554760200429494,0.05475877971435374,0.054149409418622486,0.055726600985221676,0.0005225279455658005,0.40293453724604966,0.10354001056869302,0.10240789091964027,0.1053703973220783,0.0009744851084651376,0.9199586896982574,0.4482537867098822,0.3803353862341477,0.4802139936783999,0.03133229163911321,0.9199925885952916,0.44860784498063977,0.3807363407588154,0.48056123112732585,0.031304996804429275
test,C8,0.9573333333333334,0.9704,0.9546666666666667,0.9893333333333333,0.010324129712522367,0.9825753774574648,0.8467545500159648,0.8450485791178215,0.8484696437531359,0.0010867288821826547,0.9699543553953991,0.9085772750079826,0.9004506074290319,0.9179207833477778,0.005234919516110002,0.4844804318488529,0.09773375351862296,0.09600429069455618,0.09930406852248394,0.0011682798230055274,0.6433691756272402,0.17758177498775715,0.17446393762183235,0.18049136463147653,0.002076691806769257,0.9552726071187024,0.26701085185073137,0.23743953886354527,0.3066737370190532,0.020154839202294425,0.9552960223146951,0.2676422974719809,0.23808735606842965,0.307228270499718,0.02010368092561374
test,logistic_regression,0.9706666666666667,0.9706666666666667,0.9706666666666667,0.9706666666666667,0.0,0.9994526296583497,0.9994526296583498,0.9994526296583497,0.9994526296583497,1.1702778228589004e-16,0.9850596481625082,0.9850596481625082,0.9850596481625082,0.9850596481625082,0.0,0.9680851063829787,0.9680851063829788,0.9680851063829787,0.9680851063829787,1.1702778228589004e-16,0.9693741677762983,0.9693741677762983,0.9693741677762983,0.9693741677762983,0.0,0.9844482800446867,0.9844482800446868,0.9844482800446867,0.9844482800446867,1.1702778228589004e-16,0.9844513100868497,0.9844513100868498,0.9844513100868497,0.9844513100868497,1.1702778228589004e-16
test,decision_tree,0.9653333333333334,0.9653333333333334,0.9653333333333334,0.9653333333333334,0.0,0.9988140309264243,0.9988140309264242,0.9988140309264243,0.9988140309264243,1.1702778228589004e-16,0.9820736821298788,0.9820736821298789,0.9820736821298788,0.9820736821298788,1.1702778228589004e-16,0.9329896907216495,0.9329896907216495,0.9329896907216495,0.9329896907216495,0.0,0.9488859764089121,0.948885976408912,0.9488859764089121,0.9488859764089121,1.1702778228589004e-16,0.962949763561449,0.962949763561449,0.962949763561449,0.962949763561449,0.0,0.9426879121445115,0.9426879121445116,0.9426879121445115,0.9426879121445115,1.1702778228589004e-16
