split,model,activity,total,original_errors,original_rate,rotation_mean,rotation_min,rotation_max
validation,baseline,D03,1592,345,0.21670854271356785,0.21670854271356785,0.21670854271356785,0.21670854271356785
validation,baseline,D04,1592,1203,0.7556532663316583,0.7556532663316584,0.7556532663316583,0.7556532663316583
validation,baseline,D06,1219,269,0.2206726825266612,0.22067268252666122,0.2206726825266612,0.2206726825266612
validation,baseline,D18,573,52,0.09075043630017451,0.09075043630017451,0.09075043630017451,0.09075043630017451
validation,baseline,D19,575,153,0.26608695652173914,0.26608695652173914,0.26608695652173914,0.26608695652173914
validation,baseline,F13,25,10,0.4,0.4,0.4,0.4
validation,baseline,F14,25,0,0.0,0.0,0.0,0.0
validation,baseline,F15,25,1,0.04,0.039999999999999994,0.04,0.04
validation,C2,D03,1592,13,0.008165829145728644,0.8050251256281408,0.7876884422110553,0.8222361809045227
validation,C2,D04,1592,56,0.035175879396984924,0.8774497487437186,0.8712311557788944,0.8900753768844221
validation,C2,D06,1219,0,0.0,0.2625922887612797,0.25676784249384743,0.2682526661197703
validation,C2,D18,573,44,0.07678883071553229,0.3417102966841187,0.30017452006980805,0.36649214659685864
validation,C2,D19,575,17,0.029565217391304348,0.2726956521739131,0.2591304347826087,0.28347826086956524
validation,C2,F13,25,1,0.04,0.09600000000000002,0.04,0.16
validation,C2,F14,25,0,0.0,0.052000000000000005,0.0,0.12
validation,C2,F15,25,0,0.0,0.06000000000000001,0.0,0.12
validation,C8,D03,1592,1,0.000628140703517588,0.7609924623115578,0.7543969849246231,0.7713567839195979
validation,C8,D04,1592,226,0.14195979899497488,0.8993718592964823,0.8957286432160804,0.9032663316582915
validation,C8,D06,1219,1,0.0008203445447087777,0.2097621000820345,0.2059064807219032,0.21493027071369974
validation,C8,D18,573,25,0.04363001745200698,0.09249563699825478,0.08027923211169284,0.10471204188481675
validation,C8,D19,575,2,0.0034782608695652175,0.20086956521739124,0.19478260869565217,0.20869565217391303
validation,C8,F13,25,4,0.16,0.10800000000000001,0.08,0.2
validation,C8,F14,25,0,0.0,0.032,0.0,0.08
validation,C8,F15,25,0,0.0,0.008,0.0,0.04
validation,logistic_regression,D03,1592,1,0.000628140703517588,0.000628140703517588,0.000628140703517588,0.000628140703517588
validation,logistic_regression,D04,1592,0,0.0,0.0,0.0,0.0
validation,logistic_regression,D06,1219,1,0.0008203445447087777,0.0008203445447087776,0.0008203445447087777,0.0008203445447087777
validation,logistic_regression,D18,573,0,0.0,0.0,0.0,0.0
validation,logistic_regression,D19,575,2,0.0034782608695652175,0.0034782608695652175,0.0034782608695652175,0.0034782608695652175
validation,logistic_regression,F13,25,0,0.0,0.0,0.0,0.0
validation,logistic_regression,F14,25,0,0.0,0.0,0.0,0.0
validation,logistic_regression,F15,25,0,0.0,0.0,0.0,0.0
validation,decision_tree,D03,1592,2,0.001256281407035176,0.001256281407035176,0.001256281407035176,0.001256281407035176
validation,decision_tree,D04,1592,47,0.029522613065326633,0.02952261306532663,0.029522613065326633,0.029522613065326633
validation,decision_tree,D06,1219,5,0.004101722723543888,0.004101722723543888,0.004101722723543888,0.004101722723543888
validation,decision_tree,D18,573,11,0.019197207678883072,0.019197207678883076,0.019197207678883072,0.019197207678883072
validation,decision_tree,D19,575,4,0.006956521739130435,0.006956521739130435,0.006956521739130435,0.006956521739130435
validation,decision_tree,F13,25,0,0.0,0.0,0.0,0.0
validation,decision_tree,F14,25,0,0.0,0.0,0.0,0.0
validation,decision_tree,F15,25,0,0.0,0.0,0.0,0.0
test,baseline,D03,1751,427,0.24386065105653912,0.24386065105653915,0.24386065105653912,0.24386065105653912
test,baseline,D04,1751,1476,0.8429468874928612,0.8429468874928612,0.8429468874928612,0.8429468874928612
test,baseline,D06,1174,193,0.1643952299829642,0.16439522998296424,0.1643952299829642,0.1643952299829642
test,baseline,D18,574,37,0.06445993031358885,0.06445993031358885,0.06445993031358885,0.06445993031358885
test,baseline,D19,574,151,0.26306620209059234,0.2630662020905924,0.26306620209059234,0.26306620209059234
test,baseline,F13,25,6,0.24,0.24000000000000005,0.24,0.24
test,baseline,F14,25,5,0.2,0.2,0.2,0.2
test,baseline,F15,25,6,0.24,0.24000000000000005,0.24,0.24
test,C2,D03,1751,304,0.1736150770988007,0.8083952027412907,0.7961165048543689,0.8223872073101085
test,C2,D04,1751,605,0.3455168475157053,0.8900057110222731,0.8749286122215877,0.9011993146773273
test,C2,D06,1174,13,0.011073253833049404,0.2588586030664395,0.24361158432708688,0.26490630323679726
test,C2,D18,574,32,0.05574912891986063,0.33083623693379793,0.30139372822299654,0.3606271777003484
test,C2,D19,574,0,0.0,0.2585365853658537,0.24390243902439024,0.27526132404181186
test,C2,F13,25,1,0.04,0.096,0.04,0.16
test,C2,F14,25,0,0.0,0.096,0.04,0.2
test,C2,F15,25,0,0.0,0.096,0.0,0.2
test,C8,D03,1751,8,0.004568817818389492,0.7189605939463164,0.7081667618503712,0.7310108509423187
test,C8,D04,1751,305,0.17418617932609937,0.9125642490005712,0.9040548258138207,0.9257567104511708
test,C8,D06,1174,18,0.015332197614991482,0.1882453151618399,0.17717206132879046,0.1950596252129472
test,C8,D18,574,18,0.0313588850174216,0.08693379790940767,0.08188153310104529,0.09581881533101046
test,C8,D19,574,0,0.0,0.18501742160278745,0.16898954703832753,0.1951219512195122
test,C8,F13,25,1,0.04,0.096,0.04,0.16
test,C8,F14,25,6,0.24,0.148,0.04,0.24
test,C8,F15,25,2,0.08,0.06799999999999999,0.0,0.16
test,logistic_regression,D03,1751,0,0.0,0.0,0.0,0.0
test,logistic_regression,D04,1751,0,0.0,0.0,0.0,0.0
test,logistic_regression,D06,1174,0,0.0,0.0,0.0,0.0
test,logistic_regression,D18,574,0,0.0,0.0,0.0,0.0
test,logistic_regression,D19,574,1,0.0017421602787456446,0.0017421602787456446,0.0017421602787456446,0.0017421602787456446
test,logistic_regression,F13,25,2,0.08,0.07999999999999999,0.08,0.08
test,logistic_regression,F14,25,1,0.04,0.039999999999999994,0.04,0.04
test,logistic_regression,F15,25,1,0.04,0.039999999999999994,0.04,0.04
test,decision_tree,D03,1751,0,0.0,0.0,0.0,0.0
test,decision_tree,D04,1751,2,0.001142204454597373,0.001142204454597373,0.001142204454597373,0.001142204454597373
test,decision_tree,D06,1174,0,0.0,0.0,0.0,0.0
test,decision_tree,D18,574,10,0.017421602787456445,0.017421602787456445,0.017421602787456445,0.017421602787456445
test,decision_tree,D19,574,0,0.0,0.0,0.0,0.0
test,decision_tree,F13,25,2,0.08,0.07999999999999999,0.08,0.08
test,decision_tree,F14,25,2,0.08,0.07999999999999999,0.08,0.08
test,decision_tree,F15,25,0,0.0,0.0,0.0,0.0
