operating_point,status,threshold_id,threshold,fall_event_sensitivity,event_precision,adl_false_alarms_per_hour,adl_trial_specificity,trial_balanced_accuracy,detected_fall_trials,missed_fall_trials,emitted_positive_decisions,adl_false_alarms,unmatched_or_duplicate_alarms,F01_sensitivity,F02_sensitivity,F03_sensitivity,F04_sensitivity,F05_sensitivity,F06_sensitivity,F07_sensitivity,F08_sensitivity,F09_sensitivity,F10_sensitivity,F11_sensitivity,F12_sensitivity,F13_sensitivity,F14_sensitivity,F15_sensitivity,D01_false_alarms_per_hour,D02_false_alarms_per_hour,D03_false_alarms_per_hour,D04_false_alarms_per_hour,D05_false_alarms_per_hour,D06_false_alarms_per_hour,D07_false_alarms_per_hour,D08_false_alarms_per_hour,D09_false_alarms_per_hour,D10_false_alarms_per_hour,D11_false_alarms_per_hour,D12_false_alarms_per_hour,D13_false_alarms_per_hour,D14_false_alarms_per_hour,D15_false_alarms_per_hour,D16_false_alarms_per_hour,D17_false_alarms_per_hour,D18_false_alarms_per_hour,D19_false_alarms_per_hour,sensitivity_delta_pp,false_alarms_per_hour_delta,precision_delta_pp,balanced_accuracy_delta_pp,detected_falls_delta,positive_decisions_delta
current_BA_reference,attainable,4011,0.8850929456953477,0.9333333333333333,0.9308510638297872,4.889271580022436,0.9772727272727273,0.9553030303030303,350,25,376,15,26,0.88,1.0,0.92,0.92,0.92,0.92,0.92,0.92,0.96,1.0,0.92,1.0,0.8,1.0,0.92,0.0,0.0,0.0,0.0,0.0,5.760276493271677,0.0,0.0,0.0,0.0,7.5005469148792105,0.0,12.000200003333388,22.5,0.0,0.0,0.0,24.001200060002997,84.0,0.0,0.0,0.0,0.0,0,0
max_sensitivity_FA_le_5,attainable,4011,0.8850929456953477,0.9333333333333333,0.9308510638297872,4.889271580022436,0.9772727272727273,0.9553030303030303,350,25,376,15,26,0.88,1.0,0.92,0.92,0.92,0.92,0.92,0.92,0.96,1.0,0.92,1.0,0.8,1.0,0.92,0.0,0.0,0.0,0.0,0.0,5.760276493271677,0.0,0.0,0.0,0.0,7.5005469148792105,0.0,12.000200003333388,22.5,0.0,0.0,0.0,24.001200060002997,84.0,0.0,0.0,0.0,0.0,0,0
max_sensitivity_FA_le_10,attainable,4003,0.8621999918050488,0.9386666666666666,0.9166666666666666,6.844980212031411,0.9702797202797203,0.9544731934731935,352,23,384,21,32,0.88,1.0,0.92,0.96,0.92,0.92,0.92,0.92,0.96,1.0,0.92,1.0,0.84,1.0,0.92,0.0,0.0,0.0,0.0,0.0,5.760276493271677,0.0,0.0,0.0,0.0,7.5005469148792105,0.0,24.000400006666776,37.5,0.0,0.0,0.0,48.002400120005994,96.0,0.5333333333333301,1.9557086320089745,-1.4184397163120588,-0.08298368298368386,2,8
max_sensitivity_FA_le_20,attainable,3955,0.7352880730771258,0.968,0.8402777777777778,17.275426249412607,0.9248251748251748,0.9464125874125874,363,12,432,53,69,0.88,1.0,0.96,0.96,0.96,0.96,1.0,0.96,0.96,1.0,0.92,1.0,1.0,1.0,0.96,0.0,0.0,0.0,0.0,0.0,23.041105973086708,0.0,7.5002343823244475,0.0,7.500078125813811,22.50164074463763,0.0,144.00240004000068,112.5,0.0,0.0,0.0,72.00360018000899,132.0,3.4666666666666623,12.386154669390171,-9.057328605200944,-0.889044289044294,13,56
lowest_threshold_sensitivity_ge_0.95,attainable,0,1.4766279401201908e-09,0.9866666666666667,0.08434009573740597,1072.0542817795863,0.0874125874125874,0.537039627039627,370,5,4387,3289,4017,0.96,1.0,1.0,0.96,1.0,0.96,1.0,0.96,1.0,1.0,0.96,1.0,1.0,1.0,1.0,1881.2586730675466,2070.038813227748,2074.5,2146.5,1458.0291605832115,731.555114645503,532.5277358195739,607.5189849682803,592.5185162036314,607.5063281909187,322.52351733980606,195.0,612.0102001700028,622.5,472.5,292.53656707088385,450.02700162009717,1728.0864043202157,660.0,5.333333333333334,1067.1650101995638,-84.65109680923813,-41.82634032634033,20,4011
lowest_threshold_sensitivity_ge_0.97,attainable,0,1.4766279401201908e-09,0.9866666666666667,0.08434009573740597,1072.0542817795863,0.0874125874125874,0.537039627039627,370,5,4387,3289,4017,0.96,1.0,1.0,0.96,1.0,0.96,1.0,0.96,1.0,1.0,0.96,1.0,1.0,1.0,1.0,1881.2586730675466,2070.038813227748,2074.5,2146.5,1458.0291605832115,731.555114645503,532.5277358195739,607.5189849682803,592.5185162036314,607.5063281909187,322.52351733980606,195.0,612.0102001700028,622.5,472.5,292.53656707088385,450.02700162009717,1728.0864043202157,660.0,5.333333333333334,1067.1650101995638,-84.65109680923813,-41.82634032634033,20,4011
lowest_threshold_max_sensitivity,attainable,0,1.4766279401201908e-09,0.9866666666666667,0.08434009573740597,1072.0542817795863,0.0874125874125874,0.537039627039627,370,5,4387,3289,4017,0.96,1.0,1.0,0.96,1.0,0.96,1.0,0.96,1.0,1.0,0.96,1.0,1.0,1.0,1.0,1881.2586730675466,2070.038813227748,2074.5,2146.5,1458.0291605832115,731.555114645503,532.5277358195739,607.5189849682803,592.5185162036314,607.5063281909187,322.52351733980606,195.0,612.0102001700028,622.5,472.5,292.53656707088385,450.02700162009717,1728.0864043202157,660.0,5.333333333333334,1067.1650101995638,-84.65109680923813,-41.82634032634033,20,4011
highest_threshold_sensitivity_ge_0.950000,attainable,3977,0.7742031648776018,0.952,0.8707317073170732,12.712106108058334,0.9423076923076923,0.9471538461538461,357,18,410,39,53,0.88,1.0,0.92,0.96,0.92,0.92,0.96,0.92,0.96,1.0,0.92,1.0,0.96,1.0,0.96,0.0,0.0,0.0,0.0,0.0,23.041105973086708,0.0,7.5002343823244475,0.0,7.500078125813811,15.001093829758421,0.0,96.0016000266671,60.0,0.0,0.0,0.0,60.003000150007495,120.0,1.866666666666661,7.822834528035898,-6.011935651271405,-0.8149184149184197,7,34
highest_threshold_sensitivity_ge_0.970000,attainable,3927,0.6101532700558683,0.9706666666666667,0.7913043478260869,24.772309338780346,0.8986013986013986,0.9346340326340327,364,11,460,76,96,0.92,1.0,0.96,0.96,0.96,0.96,1.0,0.96,0.96,1.0,0.92,1.0,1.0,1.0,0.96,0.0,0.0,0.0,0.0,0.0,28.801382466358387,0.0,15.000468764648895,0.0,7.500078125813811,45.00328148927526,0.0,228.00380006333438,165.0,0.0,0.0,0.0,96.00480024001199,156.0,3.733333333333333,19.883037758757908,-13.954671600370027,-2.0668997668997657,14,84
highest_threshold_sensitivity_ge_0.986667,attainable,2608,0.025037875550837807,0.9866666666666667,0.20798201236649802,340.6192534082297,0.2744755244755245,0.6305710955710956,370,5,1779,1045,1409,0.96,1.0,1.0,0.96,1.0,0.96,1.0,0.96,1.0,1.0,0.96,1.0,1.0,1.0,1.0,553.5761167160484,738.0138377594579,27.0,117.0,230.40460809216182,236.17133622413877,225.01171936038335,495.01546923341357,397.51242226319573,532.5055469327806,307.52242351004764,142.5,612.0102001700028,547.5,75.0,127.51593949243656,284.41706502390144,852.0426021301064,480.0,5.333333333333334,335.7299818282073,-72.28690514632892,-32.473193473193476,20,1403
