operating_point,threshold,activity,sensitivity,detected_falls,fall_trials,adl_false_alarms_per_hour,adl_false_alarms,adl_hours
current_BA_reference,0.8850929456953477,F01,0.88,22,25,,,
current_BA_reference,0.8850929456953477,F02,1.0,25,25,,,
current_BA_reference,0.8850929456953477,F03,0.92,23,25,,,
current_BA_reference,0.8850929456953477,F04,0.92,23,25,,,
current_BA_reference,0.8850929456953477,F05,0.92,23,25,,,
current_BA_reference,0.8850929456953477,F06,0.92,23,25,,,
current_BA_reference,0.8850929456953477,F07,0.92,23,25,,,
current_BA_reference,0.8850929456953477,F08,0.92,23,25,,,
current_BA_reference,0.8850929456953477,F09,0.96,24,25,,,
current_BA_reference,0.8850929456953477,F10,1.0,25,25,,,
current_BA_reference,0.8850929456953477,F11,0.92,23,25,,,
current_BA_reference,0.8850929456953477,F12,1.0,25,25,,,
current_BA_reference,0.8850929456953477,F13,0.8,20,25,,,
current_BA_reference,0.8850929456953477,F14,1.0,25,25,,,
current_BA_reference,0.8850929456953477,F15,0.92,23,25,,,
current_BA_reference,0.8850929456953477,D01,,,,0.0,0,0.22219166666666668
current_BA_reference,0.8850929456953477,D02,,,,0.0,0,0.22221805555555557
current_BA_reference,0.8850929456953477,D03,,,,0.0,0,0.2222222222222222
current_BA_reference,0.8850929456953477,D04,,,,0.0,0,0.2222222222222222
current_BA_reference,0.8850929456953477,D05,,,,0.0,0,0.27777222222222225
current_BA_reference,0.8850929456953477,D06,,,,5.760276493271677,1,0.17360277777777777
current_BA_reference,0.8850929456953477,D07,,,,0.0,0,0.1333263888888889
current_BA_reference,0.8850929456953477,D08,,,,0.0,0,0.13332916666666667
current_BA_reference,0.8850929456953477,D09,,,,0.0,0,0.13332916666666667
current_BA_reference,0.8850929456953477,D10,,,,0.0,0,0.13333194444444443
current_BA_reference,0.8850929456953477,D11,,,,7.5005469148792105,1,0.1333236111111111
current_BA_reference,0.8850929456953477,D12,,,,0.0,0,0.13333333333333333
current_BA_reference,0.8850929456953477,D13,,,,12.000200003333388,1,0.08333194444444444
current_BA_reference,0.8850929456953477,D14,,,,22.5,3,0.13333333333333333
current_BA_reference,0.8850929456953477,D15,,,,0.0,0,0.13333333333333333
current_BA_reference,0.8850929456953477,D16,,,,0.0,0,0.13331666666666667
current_BA_reference,0.8850929456953477,D17,,,,0.0,0,0.2777611111111111
current_BA_reference,0.8850929456953477,D18,,,,24.001200060002997,2,0.08332916666666668
current_BA_reference,0.8850929456953477,D19,,,,84.0,7,0.08333333333333333
max_sensitivity_FA_le_5,0.8850929456953477,F01,0.88,22,25,,,
max_sensitivity_FA_le_5,0.8850929456953477,F02,1.0,25,25,,,
max_sensitivity_FA_le_5,0.8850929456953477,F03,0.92,23,25,,,
max_sensitivity_FA_le_5,0.8850929456953477,F04,0.92,23,25,,,
max_sensitivity_FA_le_5,0.8850929456953477,F05,0.92,23,25,,,
max_sensitivity_FA_le_5,0.8850929456953477,F06,0.92,23,25,,,
max_sensitivity_FA_le_5,0.8850929456953477,F07,0.92,23,25,,,
max_sensitivity_FA_le_5,0.8850929456953477,F08,0.92,23,25,,,
max_sensitivity_FA_le_5,0.8850929456953477,F09,0.96,24,25,,,
max_sensitivity_FA_le_5,0.8850929456953477,F10,1.0,25,25,,,
max_sensitivity_FA_le_5,0.8850929456953477,F11,0.92,23,25,,,
max_sensitivity_FA_le_5,0.8850929456953477,F12,1.0,25,25,,,
max_sensitivity_FA_le_5,0.8850929456953477,F13,0.8,20,25,,,
max_sensitivity_FA_le_5,0.8850929456953477,F14,1.0,25,25,,,
max_sensitivity_FA_le_5,0.8850929456953477,F15,0.92,23,25,,,
max_sensitivity_FA_le_5,0.8850929456953477,D01,,,,0.0,0,0.22219166666666668
max_sensitivity_FA_le_5,0.8850929456953477,D02,,,,0.0,0,0.22221805555555557
max_sensitivity_FA_le_5,0.8850929456953477,D03,,,,0.0,0,0.2222222222222222
max_sensitivity_FA_le_5,0.8850929456953477,D04,,,,0.0,0,0.2222222222222222
max_sensitivity_FA_le_5,0.8850929456953477,D05,,,,0.0,0,0.27777222222222225
max_sensitivity_FA_le_5,0.8850929456953477,D06,,,,5.760276493271677,1,0.17360277777777777
max_sensitivity_FA_le_5,0.8850929456953477,D07,,,,0.0,0,0.1333263888888889
max_sensitivity_FA_le_5,0.8850929456953477,D08,,,,0.0,0,0.13332916666666667
max_sensitivity_FA_le_5,0.8850929456953477,D09,,,,0.0,0,0.13332916666666667
max_sensitivity_FA_le_5,0.8850929456953477,D10,,,,0.0,0,0.13333194444444443
max_sensitivity_FA_le_5,0.8850929456953477,D11,,,,7.5005469148792105,1,0.1333236111111111
max_sensitivity_FA_le_5,0.8850929456953477,D12,,,,0.0,0,0.13333333333333333
max_sensitivity_FA_le_5,0.8850929456953477,D13,,,,12.000200003333388,1,0.08333194444444444
max_sensitivity_FA_le_5,0.8850929456953477,D14,,,,22.5,3,0.13333333333333333
max_sensitivity_FA_le_5,0.8850929456953477,D15,,,,0.0,0,0.13333333333333333
max_sensitivity_FA_le_5,0.8850929456953477,D16,,,,0.0,0,0.13331666666666667
max_sensitivity_FA_le_5,0.8850929456953477,D17,,,,0.0,0,0.2777611111111111
max_sensitivity_FA_le_5,0.8850929456953477,D18,,,,24.001200060002997,2,0.08332916666666668
max_sensitivity_FA_le_5,0.8850929456953477,D19,,,,84.0,7,0.08333333333333333
max_sensitivity_FA_le_10,0.8621999918050488,F01,0.88,22,25,,,
max_sensitivity_FA_le_10,0.8621999918050488,F02,1.0,25,25,,,
max_sensitivity_FA_le_10,0.8621999918050488,F03,0.92,23,25,,,
max_sensitivity_FA_le_10,0.8621999918050488,F04,0.96,24,25,,,
max_sensitivity_FA_le_10,0.8621999918050488,F05,0.92,23,25,,,
max_sensitivity_FA_le_10,0.8621999918050488,F06,0.92,23,25,,,
max_sensitivity_FA_le_10,0.8621999918050488,F07,0.92,23,25,,,
max_sensitivity_FA_le_10,0.8621999918050488,F08,0.92,23,25,,,
max_sensitivity_FA_le_10,0.8621999918050488,F09,0.96,24,25,,,
max_sensitivity_FA_le_10,0.8621999918050488,F10,1.0,25,25,,,
max_sensitivity_FA_le_10,0.8621999918050488,F11,0.92,23,25,,,
max_sensitivity_FA_le_10,0.8621999918050488,F12,1.0,25,25,,,
max_sensitivity_FA_le_10,0.8621999918050488,F13,0.84,21,25,,,
max_sensitivity_FA_le_10,0.8621999918050488,F14,1.0,25,25,,,
max_sensitivity_FA_le_10,0.8621999918050488,F15,0.92,23,25,,,
max_sensitivity_FA_le_10,0.8621999918050488,D01,,,,0.0,0,0.22219166666666668
max_sensitivity_FA_le_10,0.8621999918050488,D02,,,,0.0,0,0.22221805555555557
max_sensitivity_FA_le_10,0.8621999918050488,D03,,,,0.0,0,0.2222222222222222
max_sensitivity_FA_le_10,0.8621999918050488,D04,,,,0.0,0,0.2222222222222222
max_sensitivity_FA_le_10,0.8621999918050488,D05,,,,0.0,0,0.27777222222222225
max_sensitivity_FA_le_10,0.8621999918050488,D06,,,,5.760276493271677,1,0.17360277777777777
max_sensitivity_FA_le_10,0.8621999918050488,D07,,,,0.0,0,0.1333263888888889
max_sensitivity_FA_le_10,0.8621999918050488,D08,,,,0.0,0,0.13332916666666667
max_sensitivity_FA_le_10,0.8621999918050488,D09,,,,0.0,0,0.13332916666666667
max_sensitivity_FA_le_10,0.8621999918050488,D10,,,,0.0,0,0.13333194444444443
max_sensitivity_FA_le_10,0.8621999918050488,D11,,,,7.5005469148792105,1,0.1333236111111111
max_sensitivity_FA_le_10,0.8621999918050488,D12,,,,0.0,0,0.13333333333333333
max_sensitivity_FA_le_10,0.8621999918050488,D13,,,,24.000400006666776,2,0.08333194444444444
max_sensitivity_FA_le_10,0.8621999918050488,D14,,,,37.5,5,0.13333333333333333
max_sensitivity_FA_le_10,0.8621999918050488,D15,,,,0.0,0,0.13333333333333333
max_sensitivity_FA_le_10,0.8621999918050488,D16,,,,0.0,0,0.13331666666666667
max_sensitivity_FA_le_10,0.8621999918050488,D17,,,,0.0,0,0.2777611111111111
max_sensitivity_FA_le_10,0.8621999918050488,D18,,,,48.002400120005994,4,0.08332916666666668
max_sensitivity_FA_le_10,0.8621999918050488,D19,,,,96.0,8,0.08333333333333333
max_sensitivity_FA_le_20,0.7352880730771258,F01,0.88,22,25,,,
max_sensitivity_FA_le_20,0.7352880730771258,F02,1.0,25,25,,,
max_sensitivity_FA_le_20,0.7352880730771258,F03,0.96,24,25,,,
max_sensitivity_FA_le_20,0.7352880730771258,F04,0.96,24,25,,,
max_sensitivity_FA_le_20,0.7352880730771258,F05,0.96,24,25,,,
max_sensitivity_FA_le_20,0.7352880730771258,F06,0.96,24,25,,,
max_sensitivity_FA_le_20,0.7352880730771258,F07,1.0,25,25,,,
max_sensitivity_FA_le_20,0.7352880730771258,F08,0.96,24,25,,,
max_sensitivity_FA_le_20,0.7352880730771258,F09,0.96,24,25,,,
max_sensitivity_FA_le_20,0.7352880730771258,F10,1.0,25,25,,,
max_sensitivity_FA_le_20,0.7352880730771258,F11,0.92,23,25,,,
max_sensitivity_FA_le_20,0.7352880730771258,F12,1.0,25,25,,,
max_sensitivity_FA_le_20,0.7352880730771258,F13,1.0,25,25,,,
max_sensitivity_FA_le_20,0.7352880730771258,F14,1.0,25,25,,,
max_sensitivity_FA_le_20,0.7352880730771258,F15,0.96,24,25,,,
max_sensitivity_FA_le_20,0.7352880730771258,D01,,,,0.0,0,0.22219166666666668
max_sensitivity_FA_le_20,0.7352880730771258,D02,,,,0.0,0,0.22221805555555557
max_sensitivity_FA_le_20,0.7352880730771258,D03,,,,0.0,0,0.2222222222222222
max_sensitivity_FA_le_20,0.7352880730771258,D04,,,,0.0,0,0.2222222222222222
max_sensitivity_FA_le_20,0.7352880730771258,D05,,,,0.0,0,0.27777222222222225
max_sensitivity_FA_le_20,0.7352880730771258,D06,,,,23.041105973086708,4,0.17360277777777777
max_sensitivity_FA_le_20,0.7352880730771258,D07,,,,0.0,0,0.1333263888888889
max_sensitivity_FA_le_20,0.7352880730771258,D08,,,,7.5002343823244475,1,0.13332916666666667
max_sensitivity_FA_le_20,0.7352880730771258,D09,,,,0.0,0,0.13332916666666667
max_sensitivity_FA_le_20,0.7352880730771258,D10,,,,7.500078125813811,1,0.13333194444444443
max_sensitivity_FA_le_20,0.7352880730771258,D11,,,,22.50164074463763,3,0.1333236111111111
max_sensitivity_FA_le_20,0.7352880730771258,D12,,,,0.0,0,0.13333333333333333
max_sensitivity_FA_le_20,0.7352880730771258,D13,,,,144.00240004000068,12,0.08333194444444444
max_sensitivity_FA_le_20,0.7352880730771258,D14,,,,112.5,15,0.13333333333333333
max_sensitivity_FA_le_20,0.7352880730771258,D15,,,,0.0,0,0.13333333333333333
max_sensitivity_FA_le_20,0.7352880730771258,D16,,,,0.0,0,0.13331666666666667
max_sensitivity_FA_le_20,0.7352880730771258,D17,,,,0.0,0,0.2777611111111111
max_sensitivity_FA_le_20,0.7352880730771258,D18,,,,72.00360018000899,6,0.08332916666666668
max_sensitivity_FA_le_20,0.7352880730771258,D19,,,,132.0,11,0.08333333333333333
lowest_threshold_sensitivity_ge_0.95,1.4766279401201908e-09,F01,0.96,24,25,,,
lowest_threshold_sensitivity_ge_0.95,1.4766279401201908e-09,F02,1.0,25,25,,,
lowest_threshold_sensitivity_ge_0.95,1.4766279401201908e-09,F03,1.0,25,25,,,
lowest_threshold_sensitivity_ge_0.95,1.4766279401201908e-09,F04,0.96,24,25,,,
lowest_threshold_sensitivity_ge_0.95,1.4766279401201908e-09,F05,1.0,25,25,,,
lowest_threshold_sensitivity_ge_0.95,1.4766279401201908e-09,F06,0.96,24,25,,,
lowest_threshold_sensitivity_ge_0.95,1.4766279401201908e-09,F07,1.0,25,25,,,
lowest_threshold_sensitivity_ge_0.95,1.4766279401201908e-09,F08,0.96,24,25,,,
lowest_threshold_sensitivity_ge_0.95,1.4766279401201908e-09,F09,1.0,25,25,,,
lowest_threshold_sensitivity_ge_0.95,1.4766279401201908e-09,F10,1.0,25,25,,,
lowest_threshold_sensitivity_ge_0.95,1.4766279401201908e-09,F11,0.96,24,25,,,
lowest_threshold_sensitivity_ge_0.95,1.4766279401201908e-09,F12,1.0,25,25,,,
lowest_threshold_sensitivity_ge_0.95,1.4766279401201908e-09,F13,1.0,25,25,,,
lowest_threshold_sensitivity_ge_0.95,1.4766279401201908e-09,F14,1.0,25,25,,,
lowest_threshold_sensitivity_ge_0.95,1.4766279401201908e-09,F15,1.0,25,25,,,
lowest_threshold_sensitivity_ge_0.95,1.4766279401201908e-09,D01,,,,1881.2586730675466,418,0.22219166666666668
lowest_threshold_sensitivity_ge_0.95,1.4766279401201908e-09,D02,,,,2070.038813227748,460,0.22221805555555557
lowest_threshold_sensitivity_ge_0.95,1.4766279401201908e-09,D03,,,,2074.5,461,0.2222222222222222
lowest_threshold_sensitivity_ge_0.95,1.4766279401201908e-09,D04,,,,2146.5,477,0.2222222222222222
lowest_threshold_sensitivity_ge_0.95,1.4766279401201908e-09,D05,,,,1458.0291605832115,405,0.27777222222222225
lowest_threshold_sensitivity_ge_0.95,1.4766279401201908e-09,D06,,,,731.555114645503,127,0.17360277777777777
lowest_threshold_sensitivity_ge_0.95,1.4766279401201908e-09,D07,,,,532.5277358195739,71,0.1333263888888889
lowest_threshold_sensitivity_ge_0.95,1.4766279401201908e-09,D08,,,,607.5189849682803,81,0.13332916666666667
lowest_threshold_sensitivity_ge_0.95,1.4766279401201908e-09,D09,,,,592.5185162036314,79,0.13332916666666667
lowest_threshold_sensitivity_ge_0.95,1.4766279401201908e-09,D10,,,,607.5063281909187,81,0.13333194444444443
lowest_threshold_sensitivity_ge_0.95,1.4766279401201908e-09,D11,,,,322.52351733980606,43,0.1333236111111111
lowest_threshold_sensitivity_ge_0.95,1.4766279401201908e-09,D12,,,,195.0,26,0.13333333333333333
lowest_threshold_sensitivity_ge_0.95,1.4766279401201908e-09,D13,,,,612.0102001700028,51,0.08333194444444444
lowest_threshold_sensitivity_ge_0.95,1.4766279401201908e-09,D14,,,,622.5,83,0.13333333333333333
lowest_threshold_sensitivity_ge_0.95,1.4766279401201908e-09,D15,,,,472.5,63,0.13333333333333333
lowest_threshold_sensitivity_ge_0.95,1.4766279401201908e-09,D16,,,,292.53656707088385,39,0.13331666666666667
lowest_threshold_sensitivity_ge_0.95,1.4766279401201908e-09,D17,,,,450.02700162009717,125,0.2777611111111111
lowest_threshold_sensitivity_ge_0.95,1.4766279401201908e-09,D18,,,,1728.0864043202157,144,0.08332916666666668
lowest_threshold_sensitivity_ge_0.95,1.4766279401201908e-09,D19,,,,660.0,55,0.08333333333333333
lowest_threshold_sensitivity_ge_0.97,1.4766279401201908e-09,F01,0.96,24,25,,,
lowest_threshold_sensitivity_ge_0.97,1.4766279401201908e-09,F02,1.0,25,25,,,
lowest_threshold_sensitivity_ge_0.97,1.4766279401201908e-09,F03,1.0,25,25,,,
lowest_threshold_sensitivity_ge_0.97,1.4766279401201908e-09,F04,0.96,24,25,,,
lowest_threshold_sensitivity_ge_0.97,1.4766279401201908e-09,F05,1.0,25,25,,,
lowest_threshold_sensitivity_ge_0.97,1.4766279401201908e-09,F06,0.96,24,25,,,
lowest_threshold_sensitivity_ge_0.97,1.4766279401201908e-09,F07,1.0,25,25,,,
lowest_threshold_sensitivity_ge_0.97,1.4766279401201908e-09,F08,0.96,24,25,,,
lowest_threshold_sensitivity_ge_0.97,1.4766279401201908e-09,F09,1.0,25,25,,,
lowest_threshold_sensitivity_ge_0.97,1.4766279401201908e-09,F10,1.0,25,25,,,
lowest_threshold_sensitivity_ge_0.97,1.4766279401201908e-09,F11,0.96,24,25,,,
lowest_threshold_sensitivity_ge_0.97,1.4766279401201908e-09,F12,1.0,25,25,,,
lowest_threshold_sensitivity_ge_0.97,1.4766279401201908e-09,F13,1.0,25,25,,,
lowest_threshold_sensitivity_ge_0.97,1.4766279401201908e-09,F14,1.0,25,25,,,
lowest_threshold_sensitivity_ge_0.97,1.4766279401201908e-09,F15,1.0,25,25,,,
lowest_threshold_sensitivity_ge_0.97,1.4766279401201908e-09,D01,,,,1881.2586730675466,418,0.22219166666666668
lowest_threshold_sensitivity_ge_0.97,1.4766279401201908e-09,D02,,,,2070.038813227748,460,0.22221805555555557
lowest_threshold_sensitivity_ge_0.97,1.4766279401201908e-09,D03,,,,2074.5,461,0.2222222222222222
lowest_threshold_sensitivity_ge_0.97,1.4766279401201908e-09,D04,,,,2146.5,477,0.2222222222222222
lowest_threshold_sensitivity_ge_0.97,1.4766279401201908e-09,D05,,,,1458.0291605832115,405,0.27777222222222225
lowest_threshold_sensitivity_ge_0.97,1.4766279401201908e-09,D06,,,,731.555114645503,127,0.17360277777777777
lowest_threshold_sensitivity_ge_0.97,1.4766279401201908e-09,D07,,,,532.5277358195739,71,0.1333263888888889
lowest_threshold_sensitivity_ge_0.97,1.4766279401201908e-09,D08,,,,607.5189849682803,81,0.13332916666666667
lowest_threshold_sensitivity_ge_0.97,1.4766279401201908e-09,D09,,,,592.5185162036314,79,0.13332916666666667
lowest_threshold_sensitivity_ge_0.97,1.4766279401201908e-09,D10,,,,607.5063281909187,81,0.13333194444444443
lowest_threshold_sensitivity_ge_0.97,1.4766279401201908e-09,D11,,,,322.52351733980606,43,0.1333236111111111
lowest_threshold_sensitivity_ge_0.97,1.4766279401201908e-09,D12,,,,195.0,26,0.13333333333333333
lowest_threshold_sensitivity_ge_0.97,1.4766279401201908e-09,D13,,,,612.0102001700028,51,0.08333194444444444
lowest_threshold_sensitivity_ge_0.97,1.4766279401201908e-09,D14,,,,622.5,83,0.13333333333333333
lowest_threshold_sensitivity_ge_0.97,1.4766279401201908e-09,D15,,,,472.5,63,0.13333333333333333
lowest_threshold_sensitivity_ge_0.97,1.4766279401201908e-09,D16,,,,292.53656707088385,39,0.13331666666666667
lowest_threshold_sensitivity_ge_0.97,1.4766279401201908e-09,D17,,,,450.02700162009717,125,0.2777611111111111
lowest_threshold_sensitivity_ge_0.97,1.4766279401201908e-09,D18,,,,1728.0864043202157,144,0.08332916666666668
lowest_threshold_sensitivity_ge_0.97,1.4766279401201908e-09,D19,,,,660.0,55,0.08333333333333333
lowest_threshold_max_sensitivity,1.4766279401201908e-09,F01,0.96,24,25,,,
lowest_threshold_max_sensitivity,1.4766279401201908e-09,F02,1.0,25,25,,,
lowest_threshold_max_sensitivity,1.4766279401201908e-09,F03,1.0,25,25,,,
lowest_threshold_max_sensitivity,1.4766279401201908e-09,F04,0.96,24,25,,,
lowest_threshold_max_sensitivity,1.4766279401201908e-09,F05,1.0,25,25,,,
lowest_threshold_max_sensitivity,1.4766279401201908e-09,F06,0.96,24,25,,,
lowest_threshold_max_sensitivity,1.4766279401201908e-09,F07,1.0,25,25,,,
lowest_threshold_max_sensitivity,1.4766279401201908e-09,F08,0.96,24,25,,,
lowest_threshold_max_sensitivity,1.4766279401201908e-09,F09,1.0,25,25,,,
lowest_threshold_max_sensitivity,1.4766279401201908e-09,F10,1.0,25,25,,,
lowest_threshold_max_sensitivity,1.4766279401201908e-09,F11,0.96,24,25,,,
lowest_threshold_max_sensitivity,1.4766279401201908e-09,F12,1.0,25,25,,,
lowest_threshold_max_sensitivity,1.4766279401201908e-09,F13,1.0,25,25,,,
lowest_threshold_max_sensitivity,1.4766279401201908e-09,F14,1.0,25,25,,,
lowest_threshold_max_sensitivity,1.4766279401201908e-09,F15,1.0,25,25,,,
lowest_threshold_max_sensitivity,1.4766279401201908e-09,D01,,,,1881.2586730675466,418,0.22219166666666668
lowest_threshold_max_sensitivity,1.4766279401201908e-09,D02,,,,2070.038813227748,460,0.22221805555555557
lowest_threshold_max_sensitivity,1.4766279401201908e-09,D03,,,,2074.5,461,0.2222222222222222
lowest_threshold_max_sensitivity,1.4766279401201908e-09,D04,,,,2146.5,477,0.2222222222222222
lowest_threshold_max_sensitivity,1.4766279401201908e-09,D05,,,,1458.0291605832115,405,0.27777222222222225
lowest_threshold_max_sensitivity,1.4766279401201908e-09,D06,,,,731.555114645503,127,0.17360277777777777
lowest_threshold_max_sensitivity,1.4766279401201908e-09,D07,,,,532.5277358195739,71,0.1333263888888889
lowest_threshold_max_sensitivity,1.4766279401201908e-09,D08,,,,607.5189849682803,81,0.13332916666666667
lowest_threshold_max_sensitivity,1.4766279401201908e-09,D09,,,,592.5185162036314,79,0.13332916666666667
lowest_threshold_max_sensitivity,1.4766279401201908e-09,D10,,,,607.5063281909187,81,0.13333194444444443
lowest_threshold_max_sensitivity,1.4766279401201908e-09,D11,,,,322.52351733980606,43,0.1333236111111111
lowest_threshold_max_sensitivity,1.4766279401201908e-09,D12,,,,195.0,26,0.13333333333333333
lowest_threshold_max_sensitivity,1.4766279401201908e-09,D13,,,,612.0102001700028,51,0.08333194444444444
lowest_threshold_max_sensitivity,1.4766279401201908e-09,D14,,,,622.5,83,0.13333333333333333
lowest_threshold_max_sensitivity,1.4766279401201908e-09,D15,,,,472.5,63,0.13333333333333333
lowest_threshold_max_sensitivity,1.4766279401201908e-09,D16,,,,292.53656707088385,39,0.13331666666666667
lowest_threshold_max_sensitivity,1.4766279401201908e-09,D17,,,,450.02700162009717,125,0.2777611111111111
lowest_threshold_max_sensitivity,1.4766279401201908e-09,D18,,,,1728.0864043202157,144,0.08332916666666668
lowest_threshold_max_sensitivity,1.4766279401201908e-09,D19,,,,660.0,55,0.08333333333333333
highest_threshold_sensitivity_ge_0.950000,0.7742031648776018,F01,0.88,22,25,,,
highest_threshold_sensitivity_ge_0.950000,0.7742031648776018,F02,1.0,25,25,,,
highest_threshold_sensitivity_ge_0.950000,0.7742031648776018,F03,0.92,23,25,,,
highest_threshold_sensitivity_ge_0.950000,0.7742031648776018,F04,0.96,24,25,,,
highest_threshold_sensitivity_ge_0.950000,0.7742031648776018,F05,0.92,23,25,,,
highest_threshold_sensitivity_ge_0.950000,0.7742031648776018,F06,0.92,23,25,,,
highest_threshold_sensitivity_ge_0.950000,0.7742031648776018,F07,0.96,24,25,,,
highest_threshold_sensitivity_ge_0.950000,0.7742031648776018,F08,0.92,23,25,,,
highest_threshold_sensitivity_ge_0.950000,0.7742031648776018,F09,0.96,24,25,,,
highest_threshold_sensitivity_ge_0.950000,0.7742031648776018,F10,1.0,25,25,,,
highest_threshold_sensitivity_ge_0.950000,0.7742031648776018,F11,0.92,23,25,,,
highest_threshold_sensitivity_ge_0.950000,0.7742031648776018,F12,1.0,25,25,,,
highest_threshold_sensitivity_ge_0.950000,0.7742031648776018,F13,0.96,24,25,,,
highest_threshold_sensitivity_ge_0.950000,0.7742031648776018,F14,1.0,25,25,,,
highest_threshold_sensitivity_ge_0.950000,0.7742031648776018,F15,0.96,24,25,,,
highest_threshold_sensitivity_ge_0.950000,0.7742031648776018,D01,,,,0.0,0,0.22219166666666668
highest_threshold_sensitivity_ge_0.950000,0.7742031648776018,D02,,,,0.0,0,0.22221805555555557
highest_threshold_sensitivity_ge_0.950000,0.7742031648776018,D03,,,,0.0,0,0.2222222222222222
highest_threshold_sensitivity_ge_0.950000,0.7742031648776018,D04,,,,0.0,0,0.2222222222222222
highest_threshold_sensitivity_ge_0.950000,0.7742031648776018,D05,,,,0.0,0,0.27777222222222225
highest_threshold_sensitivity_ge_0.950000,0.7742031648776018,D06,,,,23.041105973086708,4,0.17360277777777777
highest_threshold_sensitivity_ge_0.950000,0.7742031648776018,D07,,,,0.0,0,0.1333263888888889
highest_threshold_sensitivity_ge_0.950000,0.7742031648776018,D08,,,,7.5002343823244475,1,0.13332916666666667
highest_threshold_sensitivity_ge_0.950000,0.7742031648776018,D09,,,,0.0,0,0.13332916666666667
highest_threshold_sensitivity_ge_0.950000,0.7742031648776018,D10,,,,7.500078125813811,1,0.13333194444444443
highest_threshold_sensitivity_ge_0.950000,0.7742031648776018,D11,,,,15.001093829758421,2,0.1333236111111111
highest_threshold_sensitivity_ge_0.950000,0.7742031648776018,D12,,,,0.0,0,0.13333333333333333
highest_threshold_sensitivity_ge_0.950000,0.7742031648776018,D13,,,,96.0016000266671,8,0.08333194444444444
highest_threshold_sensitivity_ge_0.950000,0.7742031648776018,D14,,,,60.0,8,0.13333333333333333
highest_threshold_sensitivity_ge_0.950000,0.7742031648776018,D15,,,,0.0,0,0.13333333333333333
highest_threshold_sensitivity_ge_0.950000,0.7742031648776018,D16,,,,0.0,0,0.13331666666666667
highest_threshold_sensitivity_ge_0.950000,0.7742031648776018,D17,,,,0.0,0,0.2777611111111111
highest_threshold_sensitivity_ge_0.950000,0.7742031648776018,D18,,,,60.003000150007495,5,0.08332916666666668
highest_threshold_sensitivity_ge_0.950000,0.7742031648776018,D19,,,,120.0,10,0.08333333333333333
highest_threshold_sensitivity_ge_0.970000,0.6101532700558683,F01,0.92,23,25,,,
highest_threshold_sensitivity_ge_0.970000,0.6101532700558683,F02,1.0,25,25,,,
highest_threshold_sensitivity_ge_0.970000,0.6101532700558683,F03,0.96,24,25,,,
highest_threshold_sensitivity_ge_0.970000,0.6101532700558683,F04,0.96,24,25,,,
highest_threshold_sensitivity_ge_0.970000,0.6101532700558683,F05,0.96,24,25,,,
highest_threshold_sensitivity_ge_0.970000,0.6101532700558683,F06,0.96,24,25,,,
highest_threshold_sensitivity_ge_0.970000,0.6101532700558683,F07,1.0,25,25,,,
highest_threshold_sensitivity_ge_0.970000,0.6101532700558683,F08,0.96,24,25,,,
highest_threshold_sensitivity_ge_0.970000,0.6101532700558683,F09,0.96,24,25,,,
highest_threshold_sensitivity_ge_0.970000,0.6101532700558683,F10,1.0,25,25,,,
highest_threshold_sensitivity_ge_0.970000,0.6101532700558683,F11,0.92,23,25,,,
highest_threshold_sensitivity_ge_0.970000,0.6101532700558683,F12,1.0,25,25,,,
highest_threshold_sensitivity_ge_0.970000,0.6101532700558683,F13,1.0,25,25,,,
highest_threshold_sensitivity_ge_0.970000,0.6101532700558683,F14,1.0,25,25,,,
highest_threshold_sensitivity_ge_0.970000,0.6101532700558683,F15,0.96,24,25,,,
highest_threshold_sensitivity_ge_0.970000,0.6101532700558683,D01,,,,0.0,0,0.22219166666666668
highest_threshold_sensitivity_ge_0.970000,0.6101532700558683,D02,,,,0.0,0,0.22221805555555557
highest_threshold_sensitivity_ge_0.970000,0.6101532700558683,D03,,,,0.0,0,0.2222222222222222
highest_threshold_sensitivity_ge_0.970000,0.6101532700558683,D04,,,,0.0,0,0.2222222222222222
highest_threshold_sensitivity_ge_0.970000,0.6101532700558683,D05,,,,0.0,0,0.27777222222222225
highest_threshold_sensitivity_ge_0.970000,0.6101532700558683,D06,,,,28.801382466358387,5,0.17360277777777777
highest_threshold_sensitivity_ge_0.970000,0.6101532700558683,D07,,,,0.0,0,0.1333263888888889
highest_threshold_sensitivity_ge_0.970000,0.6101532700558683,D08,,,,15.000468764648895,2,0.13332916666666667
highest_threshold_sensitivity_ge_0.970000,0.6101532700558683,D09,,,,0.0,0,0.13332916666666667
highest_threshold_sensitivity_ge_0.970000,0.6101532700558683,D10,,,,7.500078125813811,1,0.13333194444444443
highest_threshold_sensitivity_ge_0.970000,0.6101532700558683,D11,,,,45.00328148927526,6,0.1333236111111111
highest_threshold_sensitivity_ge_0.970000,0.6101532700558683,D12,,,,0.0,0,0.13333333333333333
highest_threshold_sensitivity_ge_0.970000,0.6101532700558683,D13,,,,228.00380006333438,19,0.08333194444444444
highest_threshold_sensitivity_ge_0.970000,0.6101532700558683,D14,,,,165.0,22,0.13333333333333333
highest_threshold_sensitivity_ge_0.970000,0.6101532700558683,D15,,,,0.0,0,0.13333333333333333
highest_threshold_sensitivity_ge_0.970000,0.6101532700558683,D16,,,,0.0,0,0.13331666666666667
highest_threshold_sensitivity_ge_0.970000,0.6101532700558683,D17,,,,0.0,0,0.2777611111111111
highest_threshold_sensitivity_ge_0.970000,0.6101532700558683,D18,,,,96.00480024001199,8,0.08332916666666668
highest_threshold_sensitivity_ge_0.970000,0.6101532700558683,D19,,,,156.0,13,0.08333333333333333
highest_threshold_sensitivity_ge_0.986667,0.025037875550837807,F01,0.96,24,25,,,
highest_threshold_sensitivity_ge_0.986667,0.025037875550837807,F02,1.0,25,25,,,
highest_threshold_sensitivity_ge_0.986667,0.025037875550837807,F03,1.0,25,25,,,
highest_threshold_sensitivity_ge_0.986667,0.025037875550837807,F04,0.96,24,25,,,
highest_threshold_sensitivity_ge_0.986667,0.025037875550837807,F05,1.0,25,25,,,
highest_threshold_sensitivity_ge_0.986667,0.025037875550837807,F06,0.96,24,25,,,
highest_threshold_sensitivity_ge_0.986667,0.025037875550837807,F07,1.0,25,25,,,
highest_threshold_sensitivity_ge_0.986667,0.025037875550837807,F08,0.96,24,25,,,
highest_threshold_sensitivity_ge_0.986667,0.025037875550837807,F09,1.0,25,25,,,
highest_threshold_sensitivity_ge_0.986667,0.025037875550837807,F10,1.0,25,25,,,
highest_threshold_sensitivity_ge_0.986667,0.025037875550837807,F11,0.96,24,25,,,
highest_threshold_sensitivity_ge_0.986667,0.025037875550837807,F12,1.0,25,25,,,
highest_threshold_sensitivity_ge_0.986667,0.025037875550837807,F13,1.0,25,25,,,
highest_threshold_sensitivity_ge_0.986667,0.025037875550837807,F14,1.0,25,25,,,
highest_threshold_sensitivity_ge_0.986667,0.025037875550837807,F15,1.0,25,25,,,
highest_threshold_sensitivity_ge_0.986667,0.025037875550837807,D01,,,,553.5761167160484,123,0.22219166666666668
highest_threshold_sensitivity_ge_0.986667,0.025037875550837807,D02,,,,738.0138377594579,164,0.22221805555555557
highest_threshold_sensitivity_ge_0.986667,0.025037875550837807,D03,,,,27.0,6,0.2222222222222222
highest_threshold_sensitivity_ge_0.986667,0.025037875550837807,D04,,,,117.0,26,0.2222222222222222
highest_threshold_sensitivity_ge_0.986667,0.025037875550837807,D05,,,,230.40460809216182,64,0.27777222222222225
highest_threshold_sensitivity_ge_0.986667,0.025037875550837807,D06,,,,236.17133622413877,41,0.17360277777777777
highest_threshold_sensitivity_ge_0.986667,0.025037875550837807,D07,,,,225.01171936038335,30,0.1333263888888889
highest_threshold_sensitivity_ge_0.986667,0.025037875550837807,D08,,,,495.01546923341357,66,0.13332916666666667
highest_threshold_sensitivity_ge_0.986667,0.025037875550837807,D09,,,,397.51242226319573,53,0.13332916666666667
highest_threshold_sensitivity_ge_0.986667,0.025037875550837807,D10,,,,532.5055469327806,71,0.13333194444444443
highest_threshold_sensitivity_ge_0.986667,0.025037875550837807,D11,,,,307.52242351004764,41,0.1333236111111111
highest_threshold_sensitivity_ge_0.986667,0.025037875550837807,D12,,,,142.5,19,0.13333333333333333
highest_threshold_sensitivity_ge_0.986667,0.025037875550837807,D13,,,,612.0102001700028,51,0.08333194444444444
highest_threshold_sensitivity_ge_0.986667,0.025037875550837807,D14,,,,547.5,73,0.13333333333333333
highest_threshold_sensitivity_ge_0.986667,0.025037875550837807,D15,,,,75.0,10,0.13333333333333333
highest_threshold_sensitivity_ge_0.986667,0.025037875550837807,D16,,,,127.51593949243656,17,0.13331666666666667
highest_threshold_sensitivity_ge_0.986667,0.025037875550837807,D17,,,,284.41706502390144,79,0.2777611111111111
highest_threshold_sensitivity_ge_0.986667,0.025037875550837807,D18,,,,852.0426021301064,71,0.08332916666666668
highest_threshold_sensitivity_ge_0.986667,0.025037875550837807,D19,,,,480.0,40,0.08333333333333333
