feature_set,n_features,C,operating_point,threshold,candidate_recall,sensitivity,false_alarms_per_adl_hour,event_precision,trial_specificity,trial_balanced_accuracy,candidate_balanced_accuracy,detected_falls,missed_falls,adl_alarm_trials,adl_false_alarms,total_alarms,unmatched_duplicate_alarms
frozen3,3,10.0,FA_le_1,0.9435122242216496,0.9866666666666667,0.8933333333333333,0.9778543160044872,0.9654178674351584,0.9947552447552448,0.944044289044289,0.9409600320127223,335,40,3,3,347,12
frozen3,3,10.0,FA_le_5,0.8850929456953477,0.9866666666666667,0.9333333333333333,4.889271580022436,0.9308510638297872,0.9772727272727273,0.9553030303030303,0.9614811323075967,350,25,13,15,376,26
frozen3,3,10.0,FA_le_10,0.8621999918050488,0.9866666666666667,0.9386666666666666,6.844980212031411,0.9166666666666666,0.9702797202797203,0.9544731934731935,0.963321993335863,352,23,17,21,384,32
frozen3,3,10.0,FA_le_20,0.7352880730771258,0.9866666666666667,0.968,17.275426249412607,0.8402777777777778,0.9248251748251748,0.9464125874125874,0.9743671595054604,363,12,43,53,432,69
frozen3,3,10.0,sens_ge95,0.7742031648776018,0.9866666666666667,0.952,12.712106108058334,0.8707317073170732,0.9423076923076923,0.9471538461538461,0.9685946389050406,357,18,33,39,410,53
frozen3,3,10.0,sens_ge97,0.6101532700558683,0.9866666666666667,0.9706666666666667,24.772309338780346,0.7913043478260869,0.8986013986013986,0.9346340326340327,0.9737086453775157,364,11,58,76,460,96
frozen3,3,10.0,sens_gt98,0.07561141384223115,0.9866666666666667,0.9813333333333333,143.0926815753233,0.4043956043956044,0.541958041958042,0.7616456876456876,0.9288351487257719,368,7,262,439,910,542
frozen3,3,10.0,BA_reference,0.8850929456953477,0.9866666666666667,0.9333333333333333,4.889271580022436,0.9308510638297872,0.9772727272727273,0.9553030303030303,0.9614811323075967,350,25,13,15,376,26
expanded5,5,0.01,FA_le_1,0.8688063926871071,0.9866666666666667,0.856,0.9778543160044872,0.9727272727272728,0.9947552447552448,0.9253776223776224,0.9189393066241212,321,54,3,3,330,9
expanded5,5,0.01,FA_le_5,0.7434228152224927,0.9866666666666667,0.9306666666666666,4.889271580022436,0.9331550802139037,0.9755244755244755,0.9530955710955711,0.9588904587324671,349,26,14,15,374,25
expanded5,5,0.01,FA_le_10,0.7006288101578885,0.9866666666666667,0.944,6.519028773363249,0.921875,0.9685314685314685,0.9562657342657342,0.9647422988812382,354,21,18,20,384,30
expanded5,5,0.01,FA_le_20,0.5275136214496712,0.9866666666666667,0.976,19.557086320089745,0.8243243243243243,0.9108391608391608,0.9434195804195804,0.9771284510478597,366,9,51,60,444,78
expanded5,5,0.01,sens_ge95,0.5979757270830184,0.9866666666666667,0.952,14.667814740067309,0.8581730769230769,0.9318181818181818,0.9419090909090908,0.9678448263581774,357,18,39,45,416,59
expanded5,5,0.01,sens_ge97,0.5506236369535042,0.9866666666666667,0.9706666666666667,18.253280565417096,0.8310502283105022,0.916083916083916,0.9433752913752913,0.9750376525039725,364,11,48,56,438,74
expanded5,5,0.01,sens_gt98,0.31747055692049153,0.9866666666666667,0.9813333333333333,59.32316183760556,0.6247877758913413,0.7867132867132867,0.8840233100233099,0.9646892033468317,368,7,122,182,589,221
expanded5,5,0.01,BA_reference,0.7006288101578885,0.9866666666666667,0.944,6.519028773363249,0.921875,0.9685314685314685,0.9562657342657342,0.9647422988812382,354,21,18,20,384,30
