split,design,activity,fall_trials,adl_trials,adl_hours,raw_trigger_recall,candidate_recall,any_candidate_trial_recall,candidates_per_adl_hour,sensitivity,false_alarms_per_adl_hour,event_precision,tp_events,fp_events,latency_median_s,latency_worst_s,false_negative_rate,no_matched_raw_trigger,incomplete_window,matched_candidates_rejected
train,pre100_post100,D01,0,22,0.6110763888888889,,,,2035.7520313654184,,0.0,,0,0,,,,0,0,0
train,pre100_post100,D02,0,22,0.6111097222222222,,,,2091.2774801760916,,0.0,,0,0,,,,0,0,0
train,pre100_post100,D03,0,22,0.6110875,,,,2160.0834577699593,,45.81995213451429,0.0,0,28,,,,0,0,0
train,pre100_post100,D04,0,20,0.5583180555555556,,,,2147.521449591904,,193.43812890402472,0.0,0,108,,,,0,0,0
train,pre100_post100,D05,0,110,0.7638597222222222,,,,1557.8776644199143,,0.0,,0,0,,,,0,0,0
train,pre100_post100,D06,0,69,0.47915416666666666,,,,878.6316164769515,,33.39217544805517,0.0,0,16,,,,0,0,0
train,pre100_post100,D07,0,110,0.36665555555555557,,,,540.0163641322464,,0.0,,0,0,,,,0,0,0
train,pre100_post100,D08,0,110,0.36666249999999995,,,,613.6433368561007,,0.0,,0,0,,,,0,0,0
train,pre100_post100,D09,0,105,0.34999722222222224,,,,622.8620862070334,,0.0,,0,0,,,,0,0,0
train,pre100_post100,D10,0,105,0.34999027777777775,,,,622.8744449250574,,0.0,,0,0,,,,0,0,0
train,pre100_post100,D11,0,110,0.3666486111111111,,,,379.1095773655521,,2.72740703140685,0.0,0,1,,,,0,0,0
train,pre100_post100,D12,0,110,0.36666249999999995,,,,272.7303719360448,,0.0,,0,0,,,,0,0,0
train,pre100_post100,D13,0,70,0.23332777777777777,,,,561.4419390937879,,0.0,,0,0,,,,0,0,0
train,pre100_post100,D14,0,110,0.36666527777777774,,,,526.3656301728416,,0.0,,0,0,,,,0,0,0
train,pre100_post100,D15,0,110,0.36665555555555557,,,,570.0172732507045,,0.0,,0,0,,,,0,0,0
train,pre100_post100,D16,0,110,0.36664027777777775,,,,229.1073978809081,,0.0,,0,0,,,,0,0,0
train,pre100_post100,D17,0,104,0.7009166666666667,,,,503.6262037807632,,0.0,,0,0,,,,0,0,0
train,pre100_post100,D18,0,70,0.23332083333333334,,,,1800.0964337375217,,17.14377555940497,0.0,0,4,,,,0,0,0
train,pre100_post100,D19,0,70,0.23333333333333334,,,,660.0,,72.85714285714286,0.0,0,17,,,,0,0,0
train,pre100_post100,F01,69,0,0.0,0.9565217391304348,0.9565217391304348,1.0,,0.6956521739130435,,1.0,48,0,0.3475,1.07,0.30434782608695654,3,0,18
train,pre100_post100,F02,70,0,0.0,0.9714285714285714,0.9714285714285714,1.0,,0.5857142857142857,,1.0,41,0,0.68,1.265,0.41428571428571426,2,0,27
train,pre100_post100,F03,70,0,0.0,0.9857142857142858,0.9857142857142858,1.0,,0.7,,1.0,49,0,0.71,1.375,0.30000000000000004,1,0,20
train,pre100_post100,F04,70,0,0.0,0.9571428571428572,0.9571428571428572,1.0,,0.6285714285714286,,1.0,44,0,0.5075000000000001,1.16,0.37142857142857144,3,0,23
train,pre100_post100,F05,70,0,0.0,0.9857142857142858,0.9857142857142858,1.0,,0.6714285714285714,,0.9791666666666666,47,1,0.525,1.155,0.3285714285714286,1,0,22
train,pre100_post100,F06,70,0,0.0,0.9857142857142858,0.9857142857142858,1.0,,0.7857142857142857,,1.0,55,0,0.495,1.37,0.2142857142857143,1,0,14
train,pre100_post100,F07,70,0,0.0,0.9857142857142858,0.9857142857142858,1.0,,0.6714285714285714,,0.94,47,3,0.455,1.28,0.3285714285714286,1,0,22
train,pre100_post100,F08,70,0,0.0,0.9857142857142858,0.9857142857142858,1.0,,0.8,,1.0,56,0,0.7124999999999999,1.22,0.19999999999999996,1,0,13
train,pre100_post100,F09,70,0,0.0,0.9857142857142858,0.9857142857142858,1.0,,0.8571428571428571,,1.0,60,0,0.6875,1.115,0.1428571428571429,1,0,9
train,pre100_post100,F10,69,0,0.0,0.9710144927536232,0.9710144927536232,1.0,,0.7246376811594203,,1.0,50,0,0.43,1.26,0.2753623188405797,2,0,17
train,pre100_post100,F11,70,0,0.0,0.9714285714285714,0.9714285714285714,1.0,,0.6428571428571429,,1.0,45,0,0.485,1.21,0.3571428571428571,2,0,23
train,pre100_post100,F12,70,0,0.0,1.0,1.0,1.0,,0.7,,1.0,49,0,0.48,1.15,0.30000000000000004,0,0,21
train,pre100_post100,F13,70,0,0.0,0.9857142857142858,0.9857142857142858,1.0,,0.5,,1.0,35,0,0.28,1.225,0.5,1,0,34
train,pre100_post100,F14,70,0,0.0,1.0,1.0,1.0,,0.7714285714285715,,1.0,54,0,0.47,0.51,0.22857142857142854,0,0,16
train,pre100_post100,F15,70,0,0.0,1.0,1.0,1.0,,0.7571428571428571,,1.0,53,0,0.45,0.69,0.24285714285714288,0,0,17
train,pre50_post150,D01,0,22,0.6110763888888889,,,,2032.4791181317119,,0.0,,0,0,,,,0,0,0
train,pre50_post150,D02,0,22,0.6111097222222222,,,,2089.641112820711,,0.0,,0,0,,,,0,0,0
train,pre50_post150,D03,0,22,0.6110875,,,,2156.8106040460652,,47.456378996461225,0.0,0,29,,,,0,0,0
train,pre50_post150,D04,0,20,0.5583180555555556,,,,2147.521449591904,,175.52719104254095,0.0,0,98,,,,0,0,0
train,pre50_post150,D05,0,110,0.7638597222222222,,,,1560.4959462088552,,0.0,,0,0,,,,0,0,0
train,pre50_post150,D06,0,69,0.47915416666666666,,,,884.892649373462,,27.131142551544823,0.0,0,13,,,,0,0,0
train,pre50_post150,D07,0,110,0.36665555555555557,,,,540.0163641322464,,0.0,,0,0,,,,0,0,0
train,pre50_post150,D08,0,110,0.36666249999999995,,,,613.6433368561007,,0.0,,0,0,,,,0,0,0
train,pre50_post150,D09,0,105,0.34999722222222224,,,,622.8620862070334,,0.0,,0,0,,,,0,0,0
train,pre50_post150,D10,0,105,0.34999027777777775,,,,622.8744449250574,,0.0,,0,0,,,,0,0,0
train,pre50_post150,D11,0,110,0.3666486111111111,,,,376.38217033414526,,2.72740703140685,0.0,0,1,,,,0,0,0
train,pre50_post150,D12,0,110,0.36666249999999995,,,,270.0030682166843,,0.0,,0,0,,,,0,0,0
train,pre50_post150,D13,0,70,0.23332777777777777,,,,561.4419390937879,,4.285816328960213,0.0,0,1,,,,0,0,0
train,pre50_post150,D14,0,110,0.36666527777777774,,,,515.4564979412801,,2.727283057890371,0.0,0,1,,,,0,0,0
train,pre50_post150,D15,0,110,0.36665555555555557,,,,567.2899178762992,,0.0,,0,0,,,,0,0,0
train,pre50_post150,D16,0,110,0.36664027777777775,,,,226.37992885851637,,0.0,,0,0,,,,0,0,0
train,pre50_post150,D17,0,104,0.7009166666666667,,,,506.4796100344786,,0.0,,0,0,,,,0,0,0
train,pre50_post150,D18,0,70,0.23332083333333334,,,,1795.8104898476704,,21.42971944925621,0.0,0,5,,,,0,0,0
train,pre50_post150,D19,0,70,0.23333333333333334,,,,660.0,,72.85714285714286,0.0,0,17,,,,0,0,0
train,pre50_post150,F01,69,0,0.0,0.9565217391304348,0.9565217391304348,1.0,,0.7391304347826086,,1.0,51,0,0.575,1.32,0.26086956521739135,3,0,15
train,pre50_post150,F02,70,0,0.0,0.9714285714285714,0.9714285714285714,1.0,,0.6571428571428571,,1.0,46,0,0.6675,1.295,0.34285714285714286,2,0,22
train,pre50_post150,F03,70,0,0.0,0.9857142857142858,0.9857142857142858,1.0,,0.6142857142857143,,1.0,43,0,0.725,1.51,0.3857142857142857,1,0,26
train,pre50_post150,F04,70,0,0.0,0.9571428571428572,0.9571428571428572,1.0,,0.7142857142857143,,1.0,50,0,0.72,1.41,0.2857142857142857,3,0,17
train,pre50_post150,F05,70,0,0.0,0.9857142857142858,0.9857142857142858,1.0,,0.7428571428571429,,0.9629629629629629,52,2,0.575,1.405,0.2571428571428571,1,0,17
train,pre50_post150,F06,70,0,0.0,0.9857142857142858,0.9857142857142858,1.0,,0.7714285714285715,,0.9818181818181818,54,1,0.7275,1.335,0.22857142857142854,1,0,15
train,pre50_post150,F07,70,0,0.0,0.9857142857142858,0.9857142857142858,1.0,,0.7,,0.9423076923076923,49,3,0.69,1.315,0.30000000000000004,1,0,20
train,pre50_post150,F08,70,0,0.0,0.9857142857142858,0.9857142857142858,1.0,,0.6714285714285714,,1.0,47,0,0.775,1.47,0.3285714285714286,1,0,22
train,pre50_post150,F09,70,0,0.0,0.9857142857142858,0.9857142857142858,1.0,,0.8285714285714286,,1.0,58,0,0.8500000000000001,1.365,0.17142857142857137,1,0,11
train,pre50_post150,F10,69,0,0.0,0.9710144927536232,0.9710144927536232,1.0,,0.7246376811594203,,1.0,50,0,0.6,1.15,0.2753623188405797,2,0,17
train,pre50_post150,F11,70,0,0.0,0.9714285714285714,0.9714285714285714,1.0,,0.6714285714285714,,1.0,47,0,0.73,1.425,0.3285714285714286,2,0,21
train,pre50_post150,F12,70,0,0.0,1.0,1.0,1.0,,0.7142857142857143,,1.0,50,0,0.7275,1.4,0.2857142857142857,0,0,20
train,pre50_post150,F13,70,0,0.0,0.9857142857142858,0.9857142857142858,1.0,,0.6428571428571429,,1.0,45,0,0.455,1.045,0.3571428571428571,1,0,24
train,pre50_post150,F14,70,0,0.0,1.0,1.0,1.0,,0.7714285714285715,,1.0,54,0,0.72,0.76,0.22857142857142854,0,0,16
train,pre50_post150,F15,70,0,0.0,1.0,1.0,1.0,,0.8142857142857143,,1.0,57,0,0.68,0.94,0.18571428571428572,0,0,13
train,pre100_post200,D01,0,22,0.6110763888888889,,,,2024.2968350474457,,0.0,,0,0,,,,0,0,0
train,pre100_post200,D02,0,22,0.6111097222222222,,,,2083.0956433991896,,0.0,,0,0,,,,0,0,0
train,pre100_post200,D03,0,22,0.6110875,,,,2150.2648965982776,,54.00208644424898,0.0,0,33,,,,0,0,0
train,pre100_post200,D04,0,20,0.5583180555555556,,,,2136.774886875014,,240.00656734388252,0.0,0,134,,,,0,0,0
train,pre100_post200,D05,0,110,0.7638597222222222,,,,1551.3319599475617,,0.0,,0,0,,,,0,0,0
train,pre100_post200,D06,0,69,0.47915416666666666,,,,878.6316164769515,,54.262285103089646,0.0,0,26,,,,0,0,0
train,pre100_post200,D07,0,110,0.36665555555555557,,,,537.2890087578411,,0.0,,0,0,,,,0,0,0
train,pre100_post200,D08,0,110,0.36666249999999995,,,,613.6433368561007,,0.0,,0,0,,,,0,0,0
train,pre100_post200,D09,0,105,0.34999722222222224,,,,608.5762585417344,,0.0,,0,0,,,,0,0,0
train,pre100_post200,D10,0,105,0.34999027777777775,,,,622.8744449250574,,0.0,,0,0,,,,0,0,0
train,pre100_post200,D11,0,110,0.3666486111111111,,,,376.38217033414526,,5.4548140628137,0.0,0,2,,,,0,0,0
train,pre100_post200,D12,0,110,0.36666249999999995,,,,267.27576449732385,,0.0,,0,0,,,,0,0,0
train,pre100_post200,D13,0,70,0.23332777777777777,,,,561.4419390937879,,4.285816328960213,0.0,0,1,,,,0,0,0
train,pre100_post200,D14,0,110,0.36666527777777774,,,,512.7292148833898,,2.727283057890371,0.0,0,1,,,,0,0,0
train,pre100_post200,D15,0,110,0.36665555555555557,,,,567.2899178762992,,0.0,,0,0,,,,0,0,0
train,pre100_post200,D16,0,110,0.36664027777777775,,,,226.37992885851637,,0.0,,0,0,,,,0,0,0
train,pre100_post200,D17,0,104,0.7009166666666667,,,,503.6262037807632,,0.0,,0,0,,,,0,0,0
train,pre100_post200,D18,0,70,0.23332083333333334,,,,1731.5213314999016,,34.28755111880994,0.0,0,8,,,,0,0,0
train,pre100_post200,D19,0,70,0.23333333333333334,,,,660.0,,72.85714285714286,0.0,0,17,,,,0,0,0
train,pre100_post200,F01,69,0,0.0,0.9565217391304348,0.9565217391304348,1.0,,0.8260869565217391,,0.95,57,3,0.82,1.57,0.17391304347826086,3,0,9
train,pre100_post200,F02,70,0,0.0,0.9714285714285714,0.9714285714285714,1.0,,0.8714285714285714,,0.9682539682539683,61,2,0.865,1.765,0.12857142857142856,2,0,7
train,pre100_post200,F03,70,0,0.0,0.9857142857142858,0.9857142857142858,1.0,,0.8285714285714286,,0.9508196721311475,58,3,0.9325,1.79,0.17142857142857137,1,0,11
train,pre100_post200,F04,70,0,0.0,0.9571428571428572,0.9571428571428572,1.0,,0.8,,0.9824561403508771,56,1,0.9675,1.66,0.19999999999999996,3,0,11
train,pre100_post200,F05,70,0,0.0,0.9857142857142858,0.9857142857142858,1.0,,0.9142857142857143,,0.9142857142857143,64,6,0.79,1.655,0.08571428571428574,1,0,5
train,pre100_post200,F06,70,0,0.0,0.9857142857142858,0.9857142857142858,1.0,,0.9428571428571428,,0.9565217391304348,66,3,0.975,1.755,0.05714285714285716,1,0,3
train,pre100_post200,F07,70,0,0.0,0.9857142857142858,0.9857142857142858,1.0,,0.8142857142857143,,0.9193548387096774,57,5,0.91,1.565,0.18571428571428572,1,0,12
train,pre100_post200,F08,70,0,0.0,0.9857142857142858,0.9857142857142858,1.0,,0.8142857142857143,,0.9661016949152542,57,2,1.185,1.72,0.18571428571428572,1,0,12
train,pre100_post200,F09,70,0,0.0,0.9857142857142858,0.9857142857142858,1.0,,0.8857142857142857,,1.0,62,0,1.185,1.615,0.11428571428571432,1,0,7
train,pre100_post200,F10,69,0,0.0,0.9710144927536232,0.9710144927536232,1.0,,0.8405797101449275,,0.9830508474576272,58,1,0.85,1.645,0.1594202898550725,2,0,9
train,pre100_post200,F11,70,0,0.0,0.9714285714285714,0.9714285714285714,1.0,,0.7857142857142857,,0.9649122807017544,55,2,0.97,1.675,0.2142857142857143,2,0,13
train,pre100_post200,F12,70,0,0.0,1.0,1.0,1.0,,0.8142857142857143,,1.0,57,0,0.97,1.65,0.18571428571428572,0,0,13
train,pre100_post200,F13,70,0,0.0,0.9857142857142858,0.9857142857142858,1.0,,0.7714285714285715,,0.9818181818181818,54,1,0.6575,1.725,0.22857142857142854,1,0,15
train,pre100_post200,F14,70,0,0.0,1.0,1.0,1.0,,0.7714285714285715,,1.0,54,0,0.97,1.01,0.22857142857142854,0,0,16
train,pre100_post200,F15,70,0,0.0,1.0,1.0,1.0,,0.8285714285714286,,1.0,58,0,0.93,1.19,0.17142857142857137,0,0,12
validation,pre100_post100,D01,0,8,0.22219166666666668,,,,1885.7592919026365,,0.0,,0,0,,,,0,0,0
validation,pre100_post100,D02,0,8,0.22221805555555557,,,,2083.539066357494,,0.0,,0,0,,,,0,0,0
validation,pre100_post100,D03,0,8,0.2222222222222222,,,,2092.5,,0.0,,0,0,,,,0,0,0
validation,pre100_post100,D04,0,8,0.2222222222222222,,,,2151.0,,36.0,0.0,0,8,,,,0,0,0
validation,pre100_post100,D05,0,40,0.27777222222222225,,,,1465.2293045860915,,0.0,,0,0,,,,0,0,0
validation,pre100_post100,D06,0,25,0.17360277777777777,,,,731.555114645503,,40.32193545290174,0.0,0,7,,,,0,0,0
validation,pre100_post100,D07,0,40,0.1333263888888889,,,,532.5277358195739,,0.0,,0,0,,,,0,0,0
validation,pre100_post100,D08,0,40,0.13332916666666667,,,,607.5189849682803,,0.0,,0,0,,,,0,0,0
validation,pre100_post100,D09,0,40,0.13332916666666667,,,,592.5185162036314,,0.0,,0,0,,,,0,0,0
validation,pre100_post100,D10,0,40,0.13333194444444443,,,,607.5063281909187,,0.0,,0,0,,,,0,0,0
validation,pre100_post100,D11,0,40,0.1333236111111111,,,,322.52351733980606,,0.0,,0,0,,,,0,0,0
validation,pre100_post100,D12,0,40,0.13333333333333333,,,,202.5,,0.0,,0,0,,,,0,0,0
validation,pre100_post100,D13,0,25,0.08333194444444444,,,,612.0102001700028,,0.0,,0,0,,,,0,0,0
validation,pre100_post100,D14,0,40,0.13333333333333333,,,,622.5,,7.5,0.0,0,1,,,,0,0,0
validation,pre100_post100,D15,0,40,0.13333333333333333,,,,472.5,,0.0,,0,0,,,,0,0,0
validation,pre100_post100,D16,0,40,0.13331666666666667,,,,292.53656707088385,,0.0,,0,0,,,,0,0,0
validation,pre100_post100,D17,0,40,0.2777611111111111,,,,450.02700162009717,,0.0,,0,0,,,,0,0,0
validation,pre100_post100,D18,0,25,0.08332916666666668,,,,1824.0912045602279,,36.001800090004494,0.0,0,3,,,,0,0,0
validation,pre100_post100,D19,0,25,0.08333333333333333,,,,660.0,,108.0,0.0,0,9,,,,0,0,0
validation,pre100_post100,F01,25,0,0.0,0.96,0.96,1.0,,0.56,,1.0,14,0,0.27,1.155,0.43999999999999995,1,0,10
validation,pre100_post100,F02,25,0,0.0,1.0,1.0,1.0,,0.56,,1.0,14,0,0.1675,1.06,0.43999999999999995,0,0,11
validation,pre100_post100,F03,25,0,0.0,1.0,1.0,1.0,,0.64,,0.9411764705882353,16,1,0.495,1.155,0.36,0,0,9
validation,pre100_post100,F04,25,0,0.0,0.96,0.96,1.0,,0.64,,1.0,16,0,0.475,1.145,0.36,1,0,8
validation,pre100_post100,F05,25,0,0.0,1.0,1.0,1.0,,0.64,,0.8888888888888888,16,2,0.74,1.105,0.36,0,0,9
validation,pre100_post100,F06,25,0,0.0,0.96,0.96,1.0,,0.68,,1.0,17,0,0.445,1.38,0.31999999999999995,1,0,7
validation,pre100_post100,F07,25,0,0.0,1.0,1.0,1.0,,0.68,,1.0,17,0,0.475,1.385,0.31999999999999995,0,0,8
validation,pre100_post100,F08,25,0,0.0,0.96,0.96,1.0,,0.72,,1.0,18,0,0.5925,1.27,0.28,1,0,6
validation,pre100_post100,F09,25,0,0.0,1.0,1.0,1.0,,0.88,,1.0,22,0,0.485,1.07,0.12,0,0,3
validation,pre100_post100,F10,25,0,0.0,1.0,1.0,1.0,,0.76,,1.0,19,0,0.31,0.535,0.24,0,0,6
validation,pre100_post100,F11,25,0,0.0,0.96,0.96,1.0,,0.84,,1.0,21,0,0.48,0.69,0.16000000000000003,1,0,3
validation,pre100_post100,F12,25,0,0.0,1.0,1.0,1.0,,0.96,,1.0,24,0,0.445,1.31,0.040000000000000036,0,0,1
validation,pre100_post100,F13,25,0,0.0,1.0,1.0,1.0,,0.52,,1.0,13,0,0.26,0.47,0.48,0,0,12
validation,pre100_post100,F14,25,0,0.0,1.0,1.0,1.0,,0.88,,1.0,22,0,0.445,0.51,0.12,0,0,3
validation,pre100_post100,F15,25,0,0.0,1.0,1.0,1.0,,0.76,,1.0,19,0,0.465,0.51,0.24,0,0,6
validation,pre50_post150,D01,0,8,0.22219166666666668,,,,1894.7605295728163,,0.0,,0,0,,,,0,0,0
validation,pre50_post150,D02,0,8,0.22221805555555557,,,,2083.539066357494,,0.0,,0,0,,,,0,0,0
validation,pre50_post150,D03,0,8,0.2222222222222222,,,,2092.5,,0.0,,0,0,,,,0,0,0
validation,pre50_post150,D04,0,8,0.2222222222222222,,,,2151.0,,45.0,0.0,0,10,,,,0,0,0
validation,pre50_post150,D05,0,40,0.27777222222222225,,,,1468.8293765875317,,0.0,,0,0,,,,0,0,0
validation,pre50_post150,D06,0,25,0.17360277777777777,,,,731.555114645503,,40.32193545290174,0.0,0,7,,,,0,0,0
validation,pre50_post150,D07,0,40,0.1333263888888889,,,,532.5277358195739,,0.0,,0,0,,,,0,0,0
validation,pre50_post150,D08,0,40,0.13332916666666667,,,,607.5189849682803,,0.0,,0,0,,,,0,0,0
validation,pre50_post150,D09,0,40,0.13332916666666667,,,,592.5185162036314,,0.0,,0,0,,,,0,0,0
validation,pre50_post150,D10,0,40,0.13333194444444443,,,,615.0064063167325,,0.0,,0,0,,,,0,0,0
validation,pre50_post150,D11,0,40,0.1333236111111111,,,,322.52351733980606,,0.0,,0,0,,,,0,0,0
validation,pre50_post150,D12,0,40,0.13333333333333333,,,,195.0,,0.0,,0,0,,,,0,0,0
validation,pre50_post150,D13,0,25,0.08333194444444444,,,,612.0102001700028,,0.0,,0,0,,,,0,0,0
validation,pre50_post150,D14,0,40,0.13333333333333333,,,,622.5,,7.5,0.0,0,1,,,,0,0,0
validation,pre50_post150,D15,0,40,0.13333333333333333,,,,472.5,,0.0,,0,0,,,,0,0,0
validation,pre50_post150,D16,0,40,0.13331666666666667,,,,292.53656707088385,,0.0,,0,0,,,,0,0,0
validation,pre50_post150,D17,0,40,0.2777611111111111,,,,450.02700162009717,,0.0,,0,0,,,,0,0,0
validation,pre50_post150,D18,0,25,0.08332916666666668,,,,1776.0888044402218,,24.001200060002997,0.0,0,2,,,,0,0,0
validation,pre50_post150,D19,0,25,0.08333333333333333,,,,660.0,,108.0,0.0,0,9,,,,0,0,0
validation,pre50_post150,F01,25,0,0.0,0.96,0.96,1.0,,0.56,,1.0,14,0,0.41500000000000004,1.1,0.43999999999999995,1,0,10
validation,pre50_post150,F02,25,0,0.0,1.0,1.0,1.0,,0.8,,1.0,20,0,0.3775,1.31,0.19999999999999996,0,0,5
validation,pre50_post150,F03,25,0,0.0,1.0,1.0,1.0,,0.72,,0.9473684210526315,18,1,0.7,1.235,0.28,0,0,7
validation,pre50_post150,F04,25,0,0.0,0.96,0.96,1.0,,0.8,,1.0,20,0,0.7025,1.395,0.19999999999999996,1,0,4
validation,pre50_post150,F05,25,0,0.0,1.0,1.0,1.0,,0.8,,0.9090909090909091,20,2,0.655,1.355,0.19999999999999996,0,0,5
validation,pre50_post150,F06,25,0,0.0,0.96,0.96,1.0,,0.68,,1.0,17,0,0.655,1.14,0.31999999999999995,1,0,7
validation,pre50_post150,F07,25,0,0.0,1.0,1.0,1.0,,0.72,,1.0,18,0,0.6575,1.21,0.28,0,0,7
validation,pre50_post150,F08,25,0,0.0,0.96,0.96,1.0,,0.68,,1.0,17,0,0.64,1.52,0.31999999999999995,1,0,7
validation,pre50_post150,F09,25,0,0.0,1.0,1.0,1.0,,0.72,,1.0,18,0,0.6775,1.32,0.28,0,0,7
validation,pre50_post150,F10,25,0,0.0,1.0,1.0,1.0,,0.84,,1.0,21,0,0.555,0.785,0.16000000000000003,0,0,4
validation,pre50_post150,F11,25,0,0.0,0.96,0.96,1.0,,0.92,,1.0,23,0,0.725,0.94,0.07999999999999996,1,0,1
validation,pre50_post150,F12,25,0,0.0,1.0,1.0,1.0,,0.96,,1.0,24,0,0.69,0.935,0.040000000000000036,0,0,1
validation,pre50_post150,F13,25,0,0.0,1.0,1.0,1.0,,0.64,,1.0,16,0,0.4525,0.72,0.36,0,0,9
validation,pre50_post150,F14,25,0,0.0,1.0,1.0,1.0,,0.88,,1.0,22,0,0.695,0.76,0.12,0,0,3
validation,pre50_post150,F15,25,0,0.0,1.0,1.0,1.0,,0.84,,1.0,21,0,0.705,0.76,0.16000000000000003,0,0,4
validation,pre100_post200,D01,0,8,0.22219166666666668,,,,1881.2586730675466,,0.0,,0,0,,,,0,0,0
validation,pre100_post200,D02,0,8,0.22221805555555557,,,,2070.038813227748,,0.0,,0,0,,,,0,0,0
validation,pre100_post200,D03,0,8,0.2222222222222222,,,,2074.5,,0.0,,0,0,,,,0,0,0
validation,pre100_post200,D04,0,8,0.2222222222222222,,,,2146.5,,63.0,0.0,0,14,,,,0,0,0
validation,pre100_post200,D05,0,40,0.27777222222222225,,,,1458.0291605832115,,0.0,,0,0,,,,0,0,0
validation,pre100_post200,D06,0,25,0.17360277777777777,,,,731.555114645503,,57.602764932716774,0.0,0,10,,,,0,0,0
validation,pre100_post200,D07,0,40,0.1333263888888889,,,,532.5277358195739,,0.0,,0,0,,,,0,0,0
validation,pre100_post200,D08,0,40,0.13332916666666667,,,,607.5189849682803,,0.0,,0,0,,,,0,0,0
validation,pre100_post200,D09,0,40,0.13332916666666667,,,,592.5185162036314,,0.0,,0,0,,,,0,0,0
validation,pre100_post200,D10,0,40,0.13333194444444443,,,,607.5063281909187,,0.0,,0,0,,,,0,0,0
validation,pre100_post200,D11,0,40,0.1333236111111111,,,,322.52351733980606,,0.0,,0,0,,,,0,0,0
validation,pre100_post200,D12,0,40,0.13333333333333333,,,,195.0,,0.0,,0,0,,,,0,0,0
validation,pre100_post200,D13,0,25,0.08333194444444444,,,,612.0102001700028,,0.0,,0,0,,,,0,0,0
validation,pre100_post200,D14,0,40,0.13333333333333333,,,,622.5,,7.5,0.0,0,1,,,,0,0,0
validation,pre100_post200,D15,0,40,0.13333333333333333,,,,472.5,,0.0,,0,0,,,,0,0,0
validation,pre100_post200,D16,0,40,0.13331666666666667,,,,292.53656707088385,,0.0,,0,0,,,,0,0,0
validation,pre100_post200,D17,0,40,0.2777611111111111,,,,450.02700162009717,,0.0,,0,0,,,,0,0,0
validation,pre100_post200,D18,0,25,0.08332916666666668,,,,1728.0864043202157,,48.002400120005994,0.0,0,4,,,,0,0,0
validation,pre100_post200,D19,0,25,0.08333333333333333,,,,660.0,,108.0,0.0,0,9,,,,0,0,0
validation,pre100_post200,F01,25,0,0.0,0.96,0.96,1.0,,0.64,,0.9411764705882353,16,1,0.665,1.35,0.36,1,0,8
validation,pre100_post200,F02,25,0,0.0,1.0,1.0,1.0,,0.88,,1.0,22,0,0.61,1.56,0.12,0,0,3
validation,pre100_post200,F03,25,0,0.0,1.0,1.0,1.0,,0.88,,0.9565217391304348,22,1,0.9299999999999999,1.655,0.12,0,0,3
validation,pre100_post200,F04,25,0,0.0,0.96,0.96,1.0,,0.92,,0.9583333333333334,23,1,0.885,1.645,0.07999999999999996,1,0,1
validation,pre100_post200,F05,25,0,0.0,1.0,1.0,1.0,,0.92,,0.92,23,2,0.895,1.605,0.07999999999999996,0,0,2
validation,pre100_post200,F06,25,0,0.0,0.96,0.96,1.0,,0.8,,1.0,20,0,0.9225,1.88,0.19999999999999996,1,0,4
validation,pre100_post200,F07,25,0,0.0,1.0,1.0,1.0,,0.8,,0.9523809523809523,20,1,0.88,1.46,0.19999999999999996,0,0,5
validation,pre100_post200,F08,25,0,0.0,0.96,0.96,1.0,,0.76,,1.0,19,0,0.935,1.77,0.24,1,0,5
validation,pre100_post200,F09,25,0,0.0,1.0,1.0,1.0,,0.92,,1.0,23,0,0.97,1.57,0.07999999999999996,0,0,2
validation,pre100_post200,F10,25,0,0.0,1.0,1.0,1.0,,0.92,,1.0,23,0,0.76,1.035,0.07999999999999996,0,0,2
validation,pre100_post200,F11,25,0,0.0,0.96,0.96,1.0,,0.92,,1.0,23,0,0.975,1.19,0.07999999999999996,1,0,1
validation,pre100_post200,F12,25,0,0.0,1.0,1.0,1.0,,1.0,,1.0,25,0,0.94,1.81,0.0,0,0,0
validation,pre100_post200,F13,25,0,0.0,1.0,1.0,1.0,,0.64,,1.0,16,0,0.7024999999999999,0.97,0.36,0,0,9
validation,pre100_post200,F14,25,0,0.0,1.0,1.0,1.0,,0.88,,1.0,22,0,0.945,1.01,0.12,0,0,3
validation,pre100_post200,F15,25,0,0.0,1.0,1.0,1.0,,0.84,,1.0,21,0,0.955,1.01,0.16000000000000003,0,0,4
test,pre100_post100,D01,0,8,0.24443333333333334,,,,1984.18109914087,,0.0,,0,0,,,,0,0,0
test,pre100_post100,D02,0,8,0.24444444444444444,,,,2131.3636363636365,,0.0,,0,0,,,,0,0,0
test,pre100_post100,D03,0,8,0.24444444444444444,,,,2176.3636363636365,,0.0,,0,0,,,,0,0,0
test,pre100_post100,D04,0,8,0.24444305555555557,,,,2168.19413746669,,4.090932334842812,0.0,0,1,,,,0,0,0
test,pre100_post100,D05,0,40,0.2777486111111111,,,,1522.959910790633,,0.0,,0,0,,,,0,0,0
test,pre100_post100,D06,0,24,0.1666652777777778,,,,816.0068000566671,,0.0,,0,0,,,,0,0,0
test,pre100_post100,D07,0,40,0.13333055555555556,,,,667.5139065397195,,0.0,,0,0,,,,0,0,0
test,pre100_post100,D08,0,40,0.13333333333333333,,,,720.0,,0.0,,0,0,,,,0,0,0
test,pre100_post100,D09,0,40,0.13333333333333333,,,,682.5,,0.0,,0,0,,,,0,0,0
test,pre100_post100,D10,0,40,0.13333194444444443,,,,735.0076563297534,,0.0,,0,0,,,,0,0,0
test,pre100_post100,D11,0,40,0.13110833333333333,,,,366.1094514714295,,0.0,,0,0,,,,0,0,0
test,pre100_post100,D12,0,40,0.13332916666666667,,,,127.50398449951561,,0.0,,0,0,,,,0,0,0
test,pre100_post100,D13,0,25,0.08333194444444444,,,,576.0096001600027,,12.000200003333388,0.0,0,1,,,,0,0,0
test,pre100_post100,D14,0,40,0.13332916666666667,,,,555.0173442920092,,0.0,,0,0,,,,0,0,0
test,pre100_post100,D15,0,40,0.13055555555555556,,,,467.23404255319144,,0.0,,0,0,,,,0,0,0
test,pre100_post100,D16,0,40,0.1305472222222222,,,,91.9207608996319,,0.0,,0,0,,,,0,0,0
test,pre100_post100,D17,0,40,0.26590138888888887,,,,594.2052452611401,,0.0,,0,0,,,,0,0,0
test,pre100_post100,D18,0,25,0.08333194444444444,,,,1776.0296004933416,,12.000200003333388,0.0,0,1,,,,0,0,0
test,pre100_post100,D19,0,25,0.08333194444444444,,,,612.0102001700028,,12.000200003333388,0.0,0,1,,,,0,0,0
test,pre100_post100,F01,25,0,0.0,0.88,0.88,1.0,,0.64,,1.0,16,0,0.25,1.015,0.36,3,0,6
test,pre100_post100,F02,25,0,0.0,0.96,0.96,1.0,,0.48,,1.0,12,0,0.485,0.935,0.52,1,0,12
test,pre100_post100,F03,25,0,0.0,1.0,1.0,1.0,,0.44,,1.0,11,0,0.41,1.125,0.56,0,0,14
test,pre100_post100,F04,25,0,0.0,0.92,0.92,1.0,,0.76,,1.0,19,0,0.73,1.265,0.24,2,0,4
test,pre100_post100,F05,25,0,0.0,0.96,0.96,1.0,,0.44,,0.7857142857142857,11,3,0.35,1.32,0.56,1,0,13
test,pre100_post100,F06,25,0,0.0,1.0,1.0,1.0,,0.68,,1.0,17,0,0.34,1.14,0.31999999999999995,0,0,8
test,pre100_post100,F07,25,0,0.0,1.0,1.0,1.0,,0.52,,1.0,13,0,0.485,0.77,0.48,0,0,12
test,pre100_post100,F08,25,0,0.0,1.0,1.0,1.0,,0.68,,1.0,17,0,0.56,0.915,0.31999999999999995,0,0,8
test,pre100_post100,F09,25,0,0.0,1.0,1.0,1.0,,0.88,,1.0,22,0,0.4875,0.99,0.12,0,0,3
test,pre100_post100,F10,25,0,0.0,0.92,0.92,1.0,,0.68,,1.0,17,0,0.455,1.17,0.31999999999999995,2,0,6
test,pre100_post100,F11,25,0,0.0,1.0,1.0,1.0,,0.72,,1.0,18,0,0.475,0.74,0.28,0,0,7
test,pre100_post100,F12,25,0,0.0,1.0,1.0,1.0,,0.72,,1.0,18,0,0.49,1.13,0.28,0,0,7
test,pre100_post100,F13,25,0,0.0,1.0,1.0,1.0,,0.24,,1.0,6,0,0.2475,0.495,0.76,0,0,19
test,pre100_post100,F14,25,0,0.0,1.0,1.0,1.0,,0.72,,1.0,18,0,0.43,0.505,0.28,0,0,7
test,pre100_post100,F15,25,0,0.0,1.0,1.0,1.0,,0.64,,1.0,16,0,0.4275,0.515,0.36,0,0,9
test,pre50_post150,D01,0,8,0.24443333333333334,,,,1984.18109914087,,0.0,,0,0,,,,0,0,0
test,pre50_post150,D02,0,8,0.24444444444444444,,,,2123.1818181818185,,0.0,,0,0,,,,0,0,0
test,pre50_post150,D03,0,8,0.24444444444444444,,,,2176.3636363636365,,0.0,,0,0,,,,0,0,0
test,pre50_post150,D04,0,8,0.24444305555555557,,,,2164.103205131847,,4.090932334842812,0.0,0,1,,,,0,0,0
test,pre50_post150,D05,0,40,0.2777486111111111,,,,1515.7591547112447,,0.0,,0,0,,,,0,0,0
test,pre50_post150,D06,0,24,0.1666652777777778,,,,816.0068000566671,,6.00005000041667,0.0,0,1,,,,0,0,0
test,pre50_post150,D07,0,40,0.13333055555555556,,,,667.5139065397195,,0.0,,0,0,,,,0,0,0
test,pre50_post150,D08,0,40,0.13333333333333333,,,,712.5,,0.0,,0,0,,,,0,0,0
test,pre50_post150,D09,0,40,0.13333333333333333,,,,667.5,,0.0,,0,0,,,,0,0,0
test,pre50_post150,D10,0,40,0.13333194444444443,,,,742.5077344555673,,0.0,,0,0,,,,0,0,0
test,pre50_post150,D11,0,40,0.13110833333333333,,,,366.1094514714295,,0.0,,0,0,,,,0,0,0
test,pre50_post150,D12,0,40,0.13332916666666667,,,,127.50398449951561,,0.0,,0,0,,,,0,0,0
test,pre50_post150,D13,0,25,0.08333194444444444,,,,576.0096001600027,,12.000200003333388,0.0,0,1,,,,0,0,0
test,pre50_post150,D14,0,40,0.13332916666666667,,,,555.0173442920092,,0.0,,0,0,,,,0,0,0
test,pre50_post150,D15,0,40,0.13055555555555556,,,,467.23404255319144,,0.0,,0,0,,,,0,0,0
test,pre50_post150,D16,0,40,0.1305472222222222,,,,91.9207608996319,,0.0,,0,0,,,,0,0,0
test,pre50_post150,D17,0,40,0.26590138888888887,,,,594.2052452611401,,0.0,,0,0,,,,0,0,0
test,pre50_post150,D18,0,25,0.08333194444444444,,,,1764.0294004900081,,24.000400006666776,0.0,0,2,,,,0,0,0
test,pre50_post150,D19,0,25,0.08333194444444444,,,,612.0102001700028,,12.000200003333388,0.0,0,1,,,,0,0,0
test,pre50_post150,F01,25,0,0.0,0.88,0.88,1.0,,0.68,,1.0,17,0,0.415,1.01,0.31999999999999995,3,0,5
test,pre50_post150,F02,25,0,0.0,0.96,0.96,1.0,,0.68,,0.9444444444444444,17,1,0.665,1.185,0.31999999999999995,1,0,7
test,pre50_post150,F03,25,0,0.0,1.0,1.0,1.0,,0.56,,1.0,14,0,0.6174999999999999,1.375,0.43999999999999995,0,0,11
test,pre50_post150,F04,25,0,0.0,0.92,0.92,1.0,,0.68,,1.0,17,0,0.64,1.505,0.31999999999999995,2,0,6
test,pre50_post150,F05,25,0,0.0,0.96,0.96,1.0,,0.72,,0.8571428571428571,18,3,0.2675,1.57,0.28,1,0,6
test,pre50_post150,F06,25,0,0.0,1.0,1.0,1.0,,0.72,,1.0,18,0,0.5475000000000001,1.33,0.28,0,0,7
test,pre50_post150,F07,25,0,0.0,1.0,1.0,1.0,,0.68,,1.0,17,0,0.71,1.02,0.31999999999999995,0,0,8
test,pre50_post150,F08,25,0,0.0,1.0,1.0,1.0,,0.6,,1.0,15,0,0.78,1.135,0.4,0,0,10
test,pre50_post150,F09,25,0,0.0,1.0,1.0,1.0,,0.84,,1.0,21,0,0.735,1.24,0.16000000000000003,0,0,4
test,pre50_post150,F10,25,0,0.0,0.92,0.92,1.0,,0.64,,1.0,16,0,0.6799999999999999,1.12,0.36,2,0,7
test,pre50_post150,F11,25,0,0.0,1.0,1.0,1.0,,0.72,,1.0,18,0,0.725,0.99,0.28,0,0,7
test,pre50_post150,F12,25,0,0.0,1.0,1.0,1.0,,0.72,,1.0,18,0,0.74,1.38,0.28,0,0,7
test,pre50_post150,F13,25,0,0.0,1.0,1.0,1.0,,0.4,,0.9090909090909091,10,1,0.27,0.745,0.6,0,0,15
test,pre50_post150,F14,25,0,0.0,1.0,1.0,1.0,,0.72,,1.0,18,0,0.68,0.755,0.28,0,0,7
test,pre50_post150,F15,25,0,0.0,1.0,1.0,1.0,,0.64,,1.0,16,0,0.6775,0.765,0.36,0,0,9
test,pre100_post200,D01,0,8,0.24443333333333334,,,,1967.81671894177,,0.0,,0,0,,,,0,0,0
test,pre100_post200,D02,0,8,0.24444444444444444,,,,2115.0,,0.0,,0,0,,,,0,0,0
test,pre100_post200,D03,0,8,0.24444444444444444,,,,2164.090909090909,,0.0,,0,0,,,,0,0,0
test,pre100_post200,D04,0,8,0.24444305555555557,,,,2151.8304081273186,,8.181864669685623,0.0,0,2,,,,0,0,0
test,pre100_post200,D05,0,40,0.2777486111111111,,,,1512.1587766715506,,0.0,,0,0,,,,0,0,0
test,pre100_post200,D06,0,24,0.1666652777777778,,,,816.0068000566671,,6.00005000041667,0.0,0,1,,,,0,0,0
test,pre100_post200,D07,0,40,0.13333055555555556,,,,652.513594033209,,0.0,,0,0,,,,0,0,0
test,pre100_post200,D08,0,40,0.13333333333333333,,,,705.0,,0.0,,0,0,,,,0,0,0
test,pre100_post200,D09,0,40,0.13333333333333333,,,,667.5,,0.0,,0,0,,,,0,0,0
test,pre100_post200,D10,0,40,0.13333194444444443,,,,727.5075782039397,,0.0,,0,0,,,,0,0,0
test,pre100_post200,D11,0,40,0.13110833333333333,,,,366.1094514714295,,0.0,,0,0,,,,0,0,0
test,pre100_post200,D12,0,40,0.13332916666666667,,,,127.50398449951561,,0.0,,0,0,,,,0,0,0
test,pre100_post200,D13,0,25,0.08333194444444444,,,,576.0096001600027,,12.000200003333388,0.0,0,1,,,,0,0,0
test,pre100_post200,D14,0,40,0.13332916666666667,,,,555.0173442920092,,0.0,,0,0,,,,0,0,0
test,pre100_post200,D15,0,40,0.13055555555555556,,,,467.23404255319144,,0.0,,0,0,,,,0,0,0
test,pre100_post200,D16,0,40,0.1305472222222222,,,,91.9207608996319,,0.0,,0,0,,,,0,0,0
test,pre100_post200,D17,0,40,0.26590138888888887,,,,594.2052452611401,,0.0,,0,0,,,,0,0,0
test,pre100_post200,D18,0,25,0.08333194444444444,,,,1704.0284004733412,,24.000400006666776,0.0,0,2,,,,0,0,0
test,pre100_post200,D19,0,25,0.08333194444444444,,,,612.0102001700028,,12.000200003333388,0.0,0,1,,,,0,0,0
test,pre100_post200,F01,25,0,0.0,0.88,0.88,1.0,,0.88,,0.9166666666666666,22,2,0.665,1.475,0.12,3,0,0
test,pre100_post200,F02,25,0,0.0,0.96,0.96,1.0,,0.84,,0.9545454545454546,21,1,0.64,1.435,0.16000000000000003,1,0,3
test,pre100_post200,F03,25,0,0.0,1.0,1.0,1.0,,0.76,,1.0,19,0,0.7,1.625,0.24,0,0,6
test,pre100_post200,F04,25,0,0.0,0.92,0.92,1.0,,0.92,,1.0,23,0,1.0,1.765,0.07999999999999996,2,0,0
test,pre100_post200,F05,25,0,0.0,0.96,0.96,1.0,,0.84,,0.84,21,4,0.525,1.82,0.16000000000000003,1,0,3
test,pre100_post200,F06,25,0,0.0,1.0,1.0,1.0,,0.84,,1.0,21,0,0.79,1.64,0.16000000000000003,0,0,4
test,pre100_post200,F07,25,0,0.0,1.0,1.0,1.0,,0.76,,0.95,19,1,0.87,1.27,0.24,0,0,6
test,pre100_post200,F08,25,0,0.0,1.0,1.0,1.0,,0.68,,1.0,17,0,1.06,1.415,0.31999999999999995,0,0,8
test,pre100_post200,F09,25,0,0.0,1.0,1.0,1.0,,0.88,,1.0,22,0,0.9875,1.49,0.12,0,0,3
test,pre100_post200,F10,25,0,0.0,0.92,0.92,1.0,,0.76,,1.0,19,0,0.94,1.67,0.24,2,0,4
test,pre100_post200,F11,25,0,0.0,1.0,1.0,1.0,,0.72,,1.0,18,0,0.975,1.24,0.28,0,0,7
test,pre100_post200,F12,25,0,0.0,1.0,1.0,1.0,,0.84,,1.0,21,0,0.99,1.63,0.16000000000000003,0,0,4
test,pre100_post200,F13,25,0,0.0,1.0,1.0,1.0,,0.52,,0.9285714285714286,13,1,0.43,0.995,0.48,0,0,12
test,pre100_post200,F14,25,0,0.0,1.0,1.0,1.0,,0.72,,1.0,18,0,0.93,1.005,0.28,0,0,7
test,pre100_post200,F15,25,0,0.0,1.0,1.0,1.0,,0.68,,1.0,17,0,0.92,1.015,0.31999999999999995,0,0,8
