split,stage,sensitivity,delta_from_previous
train,original_saved_windows,0.9875954198473282,
train,causal_filter_same_saved_windows,0.8959923664122137,-0.09160305343511455
train,causal_trigger_100_100,0.6994274809160306,-0.19656488549618312
train,placement_vs_100_100_pre50_post150,0.7185114503816794,0.01908396946564883
train,placement_vs_100_100_pre100_post200,0.833969465648855,0.13454198473282442
train,offline_oracle_placement_pre100_post100,0.8959923664122137,
train,offline_oracle_placement_pre50_post150,0.8940839694656488,
train,offline_oracle_placement_pre100_post200,0.8979007633587787,
validation,original_saved_windows,0.9973333333333333,
validation,causal_filter_same_saved_windows,0.8746666666666667,-0.12266666666666659
validation,causal_trigger_100_100,0.7146666666666667,-0.16000000000000003
validation,placement_vs_100_100_pre50_post150,0.7706666666666667,0.05600000000000005
validation,placement_vs_100_100_pre100_post200,0.848,0.1333333333333333
validation,offline_oracle_placement_pre100_post100,0.8746666666666667,
validation,offline_oracle_placement_pre50_post150,0.888,
validation,offline_oracle_placement_pre100_post200,0.888,
test,original_saved_windows,0.9653333333333334,
test,causal_filter_same_saved_windows,0.8106666666666666,-0.15466666666666673
test,causal_trigger_100_100,0.616,-0.19466666666666665
test,placement_vs_100_100_pre50_post150,0.6666666666666666,0.05066666666666664
test,placement_vs_100_100_pre100_post200,0.776,0.16000000000000003
test,offline_oracle_placement_pre100_post100,0.8106666666666666,
test,offline_oracle_placement_pre50_post150,0.8213333333333334,
test,offline_oracle_placement_pre100_post200,0.824,
